unsigned char icomoon_ttf[] = {
  0x00, 0x01, 0x00, 0x00, 0x00, 0x0b, 0x00, 0x80, 0x00, 0x03, 0x00, 0x30,
  0x4f, 0x53, 0x2f, 0x32, 0x0f, 0x12, 0x08, 0x2e, 0x00, 0x00, 0x00, 0xbc,
  0x00, 0x00, 0x00, 0x60, 0x63, 0x6d, 0x61, 0x70, 0x17, 0x56, 0xd4, 0x83,
  0x00, 0x00, 0x01, 0x1c, 0x00, 0x00, 0x00, 0x54, 0x67, 0x61, 0x73, 0x70,
  0x00, 0x00, 0x00, 0x10, 0x00, 0x00, 0x01, 0x70, 0x00, 0x00, 0x00, 0x08,
  0x67, 0x6c, 0x79, 0x66, 0x78, 0x7b, 0x53, 0x19, 0x00, 0x00, 0x01, 0x78,
  0x00, 0x01, 0xbc, 0x4c, 0x68, 0x65, 0x61, 0x64, 0x35, 0x9e, 0x7b, 0xd4,
  0x00, 0x01, 0xbd, 0xc4, 0x00, 0x00, 0x00, 0x36, 0x68, 0x68, 0x65, 0x61,
  0x0d, 0xcc, 0x0b, 0xc9, 0x00, 0x01, 0xbd, 0xfc, 0x00, 0x00, 0x00, 0x24,
  0x68, 0x6d, 0x74, 0x78, 0x0c, 0x49, 0x00, 0x00, 0x00, 0x01, 0xbe, 0x20,
  0x00, 0x00, 0x08, 0x04, 0x6c, 0x6f, 0x63, 0x61, 0xb4, 0xe2, 0x25, 0xec,
  0x00, 0x01, 0xc6, 0x24, 0x00, 0x00, 0x04, 0x04, 0x6d, 0x61, 0x78, 0x70,
  0x02, 0x3e, 0x04, 0x89, 0x00, 0x01, 0xca, 0x28, 0x00, 0x00, 0x00, 0x20,
  0x6e, 0x61, 0x6d, 0x65, 0x99, 0x4a, 0x09, 0xfb, 0x00, 0x01, 0xca, 0x48,
  0x00, 0x00, 0x01, 0x86, 0x70, 0x6f, 0x73, 0x74, 0x00, 0x03, 0x00, 0x00,
  0x00, 0x01, 0xcb, 0xd0, 0x00, 0x00, 0x00, 0x20, 0x00, 0x03, 0x04, 0x08,
  0x01, 0x90, 0x00, 0x05, 0x00, 0x00, 0x02, 0x99, 0x02, 0xcc, 0x00, 0x00,
  0x00, 0x8f, 0x02, 0x99, 0x02, 0xcc, 0x00, 0x00, 0x01, 0xeb, 0x00, 0x33,
  0x01, 0x09, 0x00, 0x00, 0x00, 0x00, 0x00, 0x00, 0x00, 0x00, 0x00, 0x00,
  0x00, 0x00, 0x00, 0x00, 0x00, 0x01, 0x10, 0x00, 0x00, 0x00, 0x00, 0x00,
  0x00, 0x00, 0x00, 0x00, 0x00, 0x00, 0x00, 0x00, 0x00, 0x00, 0x00, 0x40,
  0x00, 0x00, 0xea, 0xfc, 0x03, 0xc0, 0xff, 0xc0, 0x00, 0x40, 0x03, 0xc0,
  0x00, 0x40, 0x00, 0x00, 0x00, 0x01, 0x00, 0x00, 0x00, 0x00, 0x00, 0x00,
  0x00, 0x00, 0x00, 0x00, 0x00, 0x20, 0x00, 0x00, 0x00, 0x00, 0x00, 0x03,
  0x00, 0x00, 0x00, 0x03, 0x00, 0x00, 0x00, 0x1c, 0x00, 0x01, 0x00, 0x03,
  0x00, 0x00, 0x00, 0x1c, 0x00, 0x03, 0x00, 0x01, 0x00, 0x00, 0x00, 0x1c,
  0x00, 0x04, 0x00, 0x38, 0x00, 0x00, 0x00, 0x0a, 0x00, 0x08, 0x00, 0x02,
  0x00, 0x02, 0x00, 0x01, 0x00, 0x20, 0xea, 0xfc, 0xff, 0xfd, 0xff, 0xff,
  0x00, 0x00, 0x00, 0x00, 0x00, 0x20, 0xe9, 0x00, 0xff, 0xfd, 0xff, 0xff,
  0x00, 0x01, 0xff, 0xe3, 0x17, 0x04, 0x00, 0x03, 0x00, 0x01, 0x00, 0x00,
  0x00, 0x00, 0x00, 0x00, 0x00, 0x00, 0x00, 0x00, 0x00, 0x01, 0x00, 0x01,
  0xff, 0xff, 0x00, 0x0f, 0x00, 0x01, 0x00, 0x00, 0xff, 0xc0, 0x00, 0x00,
  0x03, 0xc0, 0x00, 0x02, 0x00, 0x00, 0x37, 0x39, 0x01, 0x00, 0x00, 0x00,
  0x00, 0x01, 0x00, 0x00, 0xff, 0xc0, 0x00, 0x00, 0x03, 0xc0, 0x00, 0x02,
  0x00, 0x00, 0x37, 0x39, 0x01, 0x00, 0x00, 0x00, 0x00, 0x01, 0x00, 0x00,
  0xff, 0xc0, 0x00, 0x00, 0x03, 0xc0, 0x00, 0x02, 0x00, 0x00, 0x37, 0x39,
  0x01, 0x00, 0x00, 0x00, 0x00, 0x0d, 0x00, 0x00, 0xff, 0xc0, 0x03, 0xec,
  0x03, 0xc0, 0x00, 0x22, 0x00, 0x45, 0x00, 0x97, 0x00, 0xbc, 0x00, 0xd5,
  0x00, 0xe4, 0x00, 0xf3, 0x00, 0xfe, 0x01, 0x03, 0x01, 0x09, 0x01, 0x0f,
  0x01, 0x51, 0x01, 0x99, 0x00, 0x00, 0x13, 0x0e, 0x01, 0x07, 0x0e, 0x01,
  0x0f, 0x01, 0x11, 0x17, 0x1e, 0x01, 0x1f, 0x01, 0x21, 0x37, 0x3e, 0x01,
  0x3f, 0x01, 0x11, 0x27, 0x2e, 0x01, 0x27, 0x2e, 0x01, 0x23, 0x26, 0x27,
  0x22, 0x20, 0x23, 0x06, 0x07, 0x05, 0x1e, 0x01, 0x17, 0x1e, 0x01, 0x19,
  0x01, 0x07, 0x0e, 0x01, 0x0f, 0x01, 0x21, 0x27, 0x2e, 0x01, 0x2f, 0x01,
  0x11, 0x10, 0x36, 0x37, 0x3e, 0x01, 0x37, 0x32, 0x33, 0x36, 0x32, 0x33,
  0x32, 0x33, 0x21, 0x17, 0x05, 0x0e, 0x01, 0x07, 0x06, 0x16, 0x17, 0x1e,
  0x01, 0x17, 0x1e, 0x01, 0x17, 0x1e, 0x01, 0x07, 0x0e, 0x01, 0x07, 0x0e,
  0x01, 0x23, 0x22, 0x26, 0x27, 0x2e, 0x01, 0x27, 0x2e, 0x01, 0x07, 0x22,
  0x06, 0x0f, 0x01, 0x17, 0x1e, 0x01, 0x17, 0x16, 0x32, 0x37, 0x3e, 0x01,
  0x35, 0x34, 0x26, 0x27, 0x2e, 0x01, 0x27, 0x2e, 0x01, 0x27, 0x2e, 0x01,
  0x27, 0x2e, 0x01, 0x37, 0x3e, 0x01, 0x33, 0x1e, 0x01, 0x17, 0x1e, 0x01,
  0x1f, 0x01, 0x33, 0x32, 0x36, 0x33, 0x37, 0x27, 0x2e, 0x01, 0x27, 0x2e,
  0x01, 0x07, 0x17, 0x14, 0x16, 0x17, 0x1e, 0x01, 0x17, 0x1e, 0x01, 0x17,
  0x16, 0x32, 0x37, 0x3e, 0x01, 0x37, 0x3e, 0x01, 0x3f, 0x01, 0x23, 0x15,
  0x0e, 0x01, 0x07, 0x0e, 0x01, 0x07, 0x06, 0x26, 0x27, 0x2e, 0x01, 0x27,
  0x35, 0x23, 0x17, 0x05, 0x15, 0x33, 0x3e, 0x01, 0x37, 0x3e, 0x01, 0x27,
  0x2e, 0x01, 0x2f, 0x01, 0x37, 0x3e, 0x01, 0x27, 0x2e, 0x01, 0x27, 0x2e,
  0x01, 0x23, 0x27, 0x15, 0x37, 0x1e, 0x01, 0x15, 0x14, 0x06, 0x07, 0x0e,
  0x01, 0x2b, 0x01, 0x35, 0x33, 0x16, 0x32, 0x17, 0x1e, 0x01, 0x15, 0x14,
  0x06, 0x07, 0x0e, 0x01, 0x2b, 0x01, 0x35, 0x33, 0x32, 0x16, 0x05, 0x30,
  0x06, 0x1d, 0x01, 0x21, 0x35, 0x23, 0x2a, 0x01, 0x07, 0x05, 0x15, 0x33,
  0x35, 0x23, 0x05, 0x15, 0x33, 0x35, 0x23, 0x15, 0x21, 0x15, 0x21, 0x35,
  0x21, 0x15, 0x07, 0x0e, 0x01, 0x07, 0x0e, 0x01, 0x07, 0x06, 0x16, 0x17,
  0x1e, 0x01, 0x37, 0x3e, 0x01, 0x37, 0x3e, 0x01, 0x3f, 0x01, 0x27, 0x2e,
  0x01, 0x23, 0x30, 0x06, 0x07, 0x0e, 0x01, 0x07, 0x0e, 0x01, 0x23, 0x22,
  0x26, 0x27, 0x2e, 0x01, 0x35, 0x34, 0x36, 0x37, 0x3e, 0x01, 0x33, 0x32,
  0x16, 0x17, 0x1e, 0x01, 0x15, 0x14, 0x16, 0x33, 0x32, 0x36, 0x35, 0x36,
  0x26, 0x27, 0x2e, 0x01, 0x27, 0x2e, 0x01, 0x07, 0x21, 0x0e, 0x01, 0x07,
  0x0e, 0x01, 0x07, 0x0e, 0x01, 0x07, 0x06, 0x16, 0x17, 0x1e, 0x01, 0x17,
  0x1e, 0x01, 0x37, 0x3e, 0x01, 0x37, 0x3e, 0x01, 0x3f, 0x01, 0x27, 0x2e,
  0x01, 0x07, 0x14, 0x06, 0x07, 0x0e, 0x01, 0x07, 0x0e, 0x01, 0x23, 0x22,
  0x26, 0x27, 0x2e, 0x01, 0x27, 0x26, 0x36, 0x37, 0x3e, 0x01, 0x37, 0x36,
  0x16, 0x17, 0x1e, 0x01, 0x17, 0x1e, 0x01, 0x33, 0x32, 0x36, 0x37, 0x36,
  0x26, 0x27, 0x2e, 0x01, 0x27, 0x2e, 0x01, 0x07, 0x7a, 0x12, 0x21, 0x0f,
  0x0b, 0x10, 0x05, 0x04, 0x04, 0x0a, 0x2c, 0x1d, 0x0d, 0x03, 0x10, 0x0d,
  0x1d, 0x2c, 0x0a, 0x04, 0x04, 0x09, 0x29, 0x1a, 0x05, 0x0d, 0x05, 0x05,
  0x79, 0x78, 0xfe, 0xe1, 0x79, 0x78, 0x05, 0x03, 0x0b, 0x08, 0x11, 0x03,
  0x03, 0x01, 0x04, 0x04, 0x12, 0x0a, 0x0a, 0xfd, 0x12, 0x0a, 0x0a, 0x12,
  0x04, 0x04, 0x01, 0x03, 0x04, 0x16, 0x0c, 0x01, 0x1e, 0x1d, 0x67, 0x45,
  0x45, 0x51, 0x01, 0x79, 0x09, 0xfd, 0x4b, 0x1e, 0x26, 0x08, 0x04, 0x03,
  0x07, 0x0c, 0x25, 0x2d, 0x1a, 0x11, 0x05, 0x06, 0x04, 0x03, 0x02, 0x0e,
  0x06, 0x05, 0x0a, 0x0e, 0x12, 0x11, 0x09, 0x05, 0x0b, 0x01, 0x01, 0x02,
  0x05, 0x02, 0x10, 0x09, 0x16, 0x02, 0x06, 0x24, 0x1f, 0x0c, 0x38, 0x0e,
  0x20, 0x26, 0x06, 0x03, 0x03, 0x0f, 0x07, 0x09, 0x1e, 0x19, 0x0d, 0x18,
  0x04, 0x12, 0x08, 0x0c, 0x07, 0x15, 0x0f, 0x0a, 0x0a, 0x04, 0x07, 0x0c,
  0x01, 0x01, 0x0c, 0x05, 0x11, 0x07, 0x10, 0x01, 0x01, 0x26, 0x1d, 0x0b,
  0x26, 0x0b, 0xb9, 0x02, 0x02, 0x04, 0x09, 0x09, 0x08, 0x16, 0x0e, 0x0c,
  0x3b, 0x0c, 0x1b, 0x1f, 0x06, 0x02, 0x01, 0x01, 0x01, 0x39, 0x01, 0x01,
  0x01, 0x04, 0x17, 0x11, 0x12, 0x1b, 0x08, 0x06, 0x02, 0x01, 0x39, 0x01,
  0x01, 0x19, 0x4d, 0x3b, 0x25, 0x0c, 0x1d, 0x1a, 0x0e, 0x06, 0x15, 0x0b,
  0x07, 0x07, 0x11, 0x11, 0x03, 0x04, 0x13, 0x0d, 0x0d, 0x1d, 0x3f, 0x4e,
  0x87, 0x0f, 0x0e, 0x0d, 0x0d, 0x03, 0x1a, 0x0f, 0x26, 0x21, 0x0e, 0x1a,
  0x06, 0x15, 0x12, 0x02, 0x03, 0x06, 0x1c, 0x29, 0x26, 0x20, 0x0c, 0x1c,
  0xfd, 0x6e, 0x01, 0x01, 0xc5, 0xe1, 0x5d, 0x85, 0x01, 0x02, 0x04, 0xf5,
  0xf5, 0xfd, 0xfb, 0xf4, 0xf4, 0x01, 0x30, 0x01, 0xc4, 0xfe, 0x3c, 0x8f,
  0x13, 0x1d, 0x0d, 0x13, 0x14, 0x03, 0x03, 0x0f, 0x10, 0x13, 0x37, 0x21,
  0x19, 0x23, 0x0f, 0x0b, 0x0c, 0x05, 0x04, 0x19, 0x0b, 0x10, 0x01, 0x03,
  0x02, 0x06, 0x10, 0x0c, 0x07, 0x09, 0x09, 0x0a, 0x08, 0x08, 0x16, 0x13,
  0x13, 0x16, 0x08, 0x09, 0x0b, 0x0d, 0x11, 0x0a, 0x05, 0x0d, 0x01, 0x02,
  0x02, 0x32, 0x01, 0x0a, 0x04, 0x09, 0x21, 0x14, 0x0b, 0x27, 0x0c, 0x01,
  0x85, 0x15, 0x1d, 0x0e, 0x09, 0x08, 0x05, 0x09, 0x06, 0x01, 0x01, 0x05,
  0x06, 0x07, 0x18, 0x0f, 0x18, 0x40, 0x1d, 0x13, 0x1d, 0x0a, 0x03, 0x05,
  0x01, 0x01, 0x0e, 0x1e, 0x0a, 0x01, 0x01, 0x01, 0x03, 0x0c, 0x06, 0x08,
  0x13, 0x0d, 0x09, 0x08, 0x08, 0x15, 0x12, 0x01, 0x01, 0x0a, 0x0d, 0x09,
  0x0e, 0x0a, 0x0e, 0x1b, 0x0b, 0x05, 0x0c, 0x01, 0x01, 0x02, 0x01, 0x03,
  0x31, 0x01, 0x01, 0x06, 0x05, 0x0a, 0x23, 0x15, 0x0b, 0x27, 0x0c, 0x03,
  0xab, 0x03, 0x12, 0x0e, 0x0b, 0x1a, 0x0e, 0x0d, 0xfc, 0xf0, 0x0d, 0x1d,
  0x2c, 0x0a, 0x04, 0x04, 0x0a, 0x2c, 0x1d, 0x0d, 0x03, 0x10, 0x0d, 0x1b,
  0x2b, 0x0a, 0x02, 0x04, 0x01, 0x01, 0x01, 0x01, 0x4a, 0x04, 0x12, 0x08,
  0x07, 0x67, 0xfe, 0xea, 0xfe, 0x85, 0x09, 0x09, 0x10, 0x04, 0x04, 0x04,
  0x04, 0x10, 0x09, 0x09, 0x01, 0x7b, 0x01, 0x15, 0x68, 0x07, 0x0b, 0x13,
  0x03, 0x01, 0x04, 0x10, 0x04, 0x1c, 0x17, 0x0d, 0x22, 0x0b, 0x13, 0x14,
  0x0c, 0x06, 0x07, 0x04, 0x06, 0x11, 0x08, 0x05, 0x0e, 0x03, 0x03, 0x01,
  0x05, 0x08, 0x04, 0x15, 0x08, 0x05, 0x01, 0x01, 0x02, 0x01, 0x01, 0x08,
  0x22, 0x29, 0x09, 0x03, 0x03, 0x08, 0x2d, 0x1f, 0x09, 0x17, 0x08, 0x05,
  0x10, 0x05, 0x06, 0x0b, 0x07, 0x03, 0x07, 0x02, 0x07, 0x19, 0x0a, 0x05,
  0x04, 0x01, 0x02, 0x02, 0x04, 0x10, 0x07, 0x07, 0x01, 0x01, 0x08, 0x1a,
  0x28, 0x06, 0x03, 0x02, 0x02, 0x69, 0x4a, 0x20, 0x09, 0x0e, 0x10, 0x09,
  0x08, 0x0c, 0x04, 0x03, 0x03, 0x07, 0x20, 0x1a, 0x08, 0x27, 0x43, 0x65,
  0x64, 0x34, 0x32, 0x03, 0x0e, 0x0f, 0x01, 0x02, 0x0b, 0x0a, 0x0a, 0x1b,
  0x4f, 0x64, 0x66, 0x25, 0x8c, 0x01, 0x02, 0x04, 0x0b, 0x42, 0x1c, 0x0b,
  0x12, 0x05, 0x02, 0x04, 0x0b, 0x26, 0x12, 0x10, 0x1b, 0x06, 0x07, 0x03,
  0x01, 0x8b, 0x5b, 0x02, 0x0e, 0x0e, 0x0c, 0x11, 0x02, 0x01, 0x01, 0x41,
  0x01, 0x70, 0x02, 0x11, 0x12, 0x08, 0x07, 0x05, 0x0a, 0x06, 0x4b, 0x01,
  0xad, 0x0b, 0x07, 0x11, 0x24, 0x01, 0x11, 0x12, 0x24, 0x6e, 0x12, 0x24,
  0x12, 0x12, 0x24, 0x12, 0x4d, 0x03, 0x0f, 0x0c, 0x12, 0x2d, 0x21, 0x21,
  0x3a, 0x16, 0x18, 0x18, 0x02, 0x02, 0x0e, 0x10, 0x0a, 0x15, 0x0f, 0x0b,
  0x09, 0x03, 0x05, 0x06, 0x05, 0x11, 0x13, 0x06, 0x03, 0x02, 0x02, 0x04,
  0x0a, 0x2a, 0x27, 0x25, 0x2a, 0x0a, 0x04, 0x01, 0x06, 0x07, 0x04, 0x15,
  0x04, 0x01, 0x02, 0x0c, 0x01, 0x01, 0x18, 0x07, 0x10, 0x17, 0x06, 0x03,
  0x01, 0x03, 0x03, 0x10, 0x0f, 0x08, 0x0c, 0x0a, 0x12, 0x1c, 0x1a, 0x18,
  0x21, 0x0f, 0x12, 0x1e, 0x09, 0x10, 0x07, 0x0b, 0x07, 0x1b, 0x13, 0x07,
  0x0d, 0x02, 0x07, 0x04, 0x0a, 0x02, 0x01, 0x01, 0x05, 0x03, 0x09, 0x13,
  0x06, 0x07, 0x07, 0x02, 0x04, 0x0a, 0x25, 0x24, 0x21, 0x27, 0x0c, 0x08,
  0x07, 0x02, 0x03, 0x06, 0x08, 0x04, 0x12, 0x05, 0x03, 0x03, 0x0c, 0x01,
  0x01, 0x10, 0x0a, 0x11, 0x1b, 0x06, 0x03, 0x01, 0x03, 0x00, 0x00, 0x00,
  0x00, 0x03, 0x00, 0x00, 0xff, 0xc0, 0x03, 0xe0, 0x03, 0xc0, 0x00, 0x4c,
  0x00, 0x56, 0x00, 0x5f, 0x00, 0x00, 0x13, 0x0e, 0x01, 0x1d, 0x01, 0x23,
  0x22, 0x06, 0x07, 0x0e, 0x01, 0x07, 0x14, 0x16, 0x17, 0x1e, 0x01, 0x17,
  0x1e, 0x01, 0x3b, 0x01, 0x11, 0x17, 0x1e, 0x01, 0x17, 0x1e, 0x01, 0x3b,
  0x01, 0x1f, 0x01, 0x33, 0x32, 0x36, 0x37, 0x3e, 0x01, 0x37, 0x3e, 0x01,
  0x3d, 0x01, 0x33, 0x32, 0x36, 0x37, 0x3e, 0x01, 0x3f, 0x01, 0x35, 0x34,
  0x26, 0x27, 0x2e, 0x01, 0x2b, 0x01, 0x11, 0x37, 0x27, 0x07, 0x21, 0x35,
  0x34, 0x26, 0x35, 0x2e, 0x01, 0x2f, 0x01, 0x23, 0x22, 0x06, 0x07, 0x01,
  0x0e, 0x01, 0x0f, 0x01, 0x11, 0x33, 0x32, 0x16, 0x07, 0x17, 0x15, 0x21,
  0x37, 0x3e, 0x01, 0x33, 0x30, 0x14, 0xdc, 0x06, 0x02, 0x55, 0x44, 0x19,
  0x06, 0x02, 0x01, 0x01, 0x01, 0x03, 0x01, 0x06, 0x03, 0x03, 0x29, 0x2e,
  0x54, 0x04, 0x01, 0x06, 0x02, 0x04, 0x67, 0x84, 0xe8, 0x01, 0x0b, 0x28,
  0x11, 0x1a, 0x02, 0x01, 0x05, 0x01, 0x03, 0x01, 0x53, 0x27, 0x30, 0x03,
  0x02, 0x06, 0x02, 0x05, 0x04, 0x07, 0x04, 0x1f, 0x39, 0x55, 0xa2, 0x1f,
  0xa1, 0xfe, 0x3b, 0x01, 0x01, 0x03, 0x02, 0x05, 0x2b, 0x1b, 0x10, 0x03,
  0x01, 0xba, 0x01, 0x65, 0x46, 0xa9, 0xab, 0x7f, 0x2c, 0x01, 0x22, 0xfe,
  0xa7, 0xac, 0x47, 0x65, 0x01, 0x03, 0xa0, 0x04, 0x1a, 0x43, 0x53, 0x02,
  0x06, 0x03, 0x0d, 0x1c, 0x1e, 0x0c, 0x05, 0x02, 0x05, 0x01, 0x01, 0x01,
  0xfe, 0x28, 0x06, 0x02, 0x05, 0x01, 0x01, 0x01, 0xad, 0x0a, 0x01, 0x01,
  0x01, 0x04, 0x02, 0x04, 0x19, 0x3d, 0x54, 0x01, 0x01, 0x01, 0x04, 0x02,
  0x05, 0x28, 0x22, 0x0f, 0x03, 0x02, 0x01, 0x01, 0xc8, 0xa3, 0x1f, 0xa2,
  0x51, 0x22, 0x32, 0x03, 0x02, 0x06, 0x02, 0x05, 0x01, 0x02, 0xfe, 0xdc,
  0x01, 0x66, 0x46, 0xaa, 0x01, 0x5a, 0x01, 0x02, 0xcb, 0xad, 0xad, 0x48,
  0x66, 0x66, 0x00, 0x00, 0x00, 0x08, 0x00, 0x00, 0xff, 0xc0, 0x03, 0xec,
  0x03, 0xc0, 0x00, 0x22, 0x00, 0x45, 0x01, 0x4b, 0x01, 0x5c, 0x01, 0x6e,
  0x01, 0x7f, 0x01, 0x84, 0x01, 0x97, 0x00, 0x00, 0x13, 0x0e, 0x01, 0x07,
  0x0e, 0x01, 0x0f, 0x01, 0x11, 0x17, 0x1e, 0x01, 0x1f, 0x01, 0x21, 0x37,
  0x3e, 0x01, 0x3f, 0x01, 0x11, 0x27, 0x2e, 0x01, 0x27, 0x2e, 0x01, 0x23,
  0x26, 0x27, 0x22, 0x20, 0x23, 0x06, 0x07, 0x05, 0x1e, 0x01, 0x17, 0x1e,
  0x01, 0x19, 0x01, 0x07, 0x0e, 0x01, 0x0f, 0x01, 0x21, 0x27, 0x2e, 0x01,
  0x2f, 0x01, 0x11, 0x10, 0x36, 0x37, 0x3e, 0x01, 0x37, 0x32, 0x33, 0x36,
  0x32, 0x33, 0x32, 0x33, 0x21, 0x17, 0x05, 0x0e, 0x01, 0x07, 0x0e, 0x01,
  0x15, 0x14, 0x16, 0x17, 0x1e, 0x01, 0x17, 0x1e, 0x01, 0x15, 0x30, 0x06,
  0x07, 0x0e, 0x01, 0x23, 0x22, 0x26, 0x27, 0x2e, 0x01, 0x27, 0x2e, 0x01,
  0x07, 0x22, 0x06, 0x0f, 0x01, 0x17, 0x1e, 0x01, 0x17, 0x1e, 0x01, 0x33,
  0x32, 0x36, 0x3f, 0x01, 0x17, 0x07, 0x15, 0x07, 0x21, 0x17, 0x07, 0x35,
  0x23, 0x15, 0x33, 0x0f, 0x01, 0x0e, 0x01, 0x07, 0x0e, 0x01, 0x0f, 0x02,
  0x0e, 0x01, 0x17, 0x14, 0x16, 0x17, 0x1e, 0x01, 0x17, 0x1e, 0x01, 0x37,
  0x3e, 0x01, 0x37, 0x3e, 0x01, 0x3f, 0x01, 0x27, 0x2e, 0x01, 0x23, 0x30,
  0x06, 0x07, 0x0e, 0x01, 0x07, 0x0e, 0x01, 0x23, 0x22, 0x26, 0x27, 0x2e,
  0x01, 0x2f, 0x01, 0x37, 0x17, 0x1e, 0x01, 0x33, 0x32, 0x36, 0x35, 0x32,
  0x26, 0x2f, 0x01, 0x37, 0x17, 0x07, 0x0e, 0x01, 0x07, 0x06, 0x16, 0x17,
  0x1e, 0x01, 0x17, 0x16, 0x36, 0x37, 0x3e, 0x01, 0x37, 0x3e, 0x01, 0x37,
  0x3e, 0x01, 0x27, 0x2e, 0x01, 0x27, 0x2e, 0x01, 0x31, 0x34, 0x36, 0x37,
  0x3e, 0x01, 0x37, 0x36, 0x26, 0x27, 0x2e, 0x01, 0x27, 0x2e, 0x01, 0x23,
  0x2f, 0x01, 0x21, 0x35, 0x21, 0x27, 0x3f, 0x01, 0x32, 0x36, 0x37, 0x3e,
  0x01, 0x27, 0x2e, 0x01, 0x2f, 0x01, 0x37, 0x3e, 0x01, 0x27, 0x2e, 0x01,
  0x27, 0x2e, 0x01, 0x23, 0x27, 0x15, 0x07, 0x0e, 0x01, 0x37, 0x34, 0x36,
  0x37, 0x3e, 0x01, 0x3f, 0x01, 0x23, 0x15, 0x0e, 0x01, 0x07, 0x0e, 0x01,
  0x07, 0x06, 0x26, 0x27, 0x2e, 0x01, 0x27, 0x35, 0x23, 0x17, 0x14, 0x16,
  0x17, 0x16, 0x26, 0x2f, 0x01, 0x23, 0x22, 0x06, 0x0f, 0x01, 0x27, 0x2e,
  0x01, 0x35, 0x3e, 0x01, 0x37, 0x3e, 0x01, 0x33, 0x32, 0x16, 0x17, 0x1e,
  0x01, 0x1f, 0x01, 0x33, 0x32, 0x36, 0x33, 0x37, 0x27, 0x2e, 0x01, 0x27,
  0x2e, 0x01, 0x07, 0x05, 0x1e, 0x01, 0x1d, 0x01, 0x27, 0x2e, 0x01, 0x23,
  0x22, 0x06, 0x0f, 0x01, 0x35, 0x33, 0x16, 0x32, 0x17, 0x1e, 0x01, 0x15,
  0x14, 0x06, 0x07, 0x0e, 0x01, 0x2b, 0x01, 0x37, 0x3e, 0x01, 0x33, 0x32,
  0x16, 0x17, 0x05, 0x07, 0x27, 0x2e, 0x01, 0x33, 0x1e, 0x01, 0x33, 0x16,
  0x36, 0x37, 0x3e, 0x01, 0x31, 0x34, 0x06, 0x17, 0x15, 0x33, 0x35, 0x23,
  0x13, 0x14, 0x06, 0x07, 0x0e, 0x01, 0x23, 0x22, 0x26, 0x27, 0x2e, 0x01,
  0x27, 0x26, 0x36, 0x37, 0x36, 0x16, 0x15, 0x7a, 0x12, 0x21, 0x0f, 0x0b,
  0x10, 0x05, 0x04, 0x04, 0x0a, 0x2c, 0x1d, 0x0d, 0x03, 0x10, 0x0d, 0x1d,
  0x2c, 0x0a, 0x04, 0x04, 0x09, 0x29, 0x1a, 0x05, 0x0d, 0x05, 0x05, 0x79,
  0x78, 0xfe, 0xe1, 0x79, 0x78, 0x05, 0x03, 0x0b, 0x08, 0x11, 0x03, 0x03,
  0x01, 0x04, 0x04, 0x12, 0x0a, 0x0a, 0xfd, 0x12, 0x0a, 0x0a, 0x12, 0x04,
  0x04, 0x01, 0x03, 0x04, 0x16, 0x0c, 0x01, 0x1e, 0x1d, 0x67, 0x45, 0x45,
  0x51, 0x01, 0x79, 0x09, 0xfd, 0x4b, 0x0a, 0x19, 0x06, 0x12, 0x14, 0x1c,
  0x19, 0x07, 0x10, 0x1a, 0x10, 0x17, 0x04, 0x03, 0x03, 0x0c, 0x0c, 0x12,
  0x11, 0x09, 0x05, 0x0b, 0x01, 0x01, 0x02, 0x05, 0x02, 0x10, 0x09, 0x16,
  0x02, 0x06, 0x24, 0x1f, 0x06, 0x11, 0x11, 0x18, 0x1c, 0x0e, 0x0b, 0x3e,
  0xe4, 0x01, 0x01, 0x0a, 0x20, 0x36, 0xf4, 0xee, 0x37, 0x0f, 0x15, 0x21,
  0x0e, 0x10, 0x12, 0x04, 0x04, 0x10, 0x0c, 0x08, 0x02, 0x0f, 0x09, 0x0b,
  0x12, 0x03, 0x13, 0x3b, 0x23, 0x19, 0x23, 0x0f, 0x0b, 0x0c, 0x05, 0x04,
  0x19, 0x0b, 0x10, 0x01, 0x03, 0x02, 0x06, 0x10, 0x0c, 0x07, 0x09, 0x09,
  0x0a, 0x08, 0x08, 0x0a, 0x10, 0x03, 0x04, 0x75, 0x01, 0x01, 0x02, 0x01,
  0x02, 0x32, 0x01, 0x08, 0x04, 0x05, 0x57, 0x64, 0x06, 0x08, 0x06, 0x01,
  0x01, 0x05, 0x06, 0x09, 0x23, 0x15, 0x1d, 0x42, 0x17, 0x0e, 0x19, 0x06,
  0x03, 0x06, 0x07, 0x09, 0x05, 0x02, 0x01, 0x14, 0x0d, 0x0d, 0x12, 0x0c,
  0x07, 0x08, 0x0b, 0x01, 0x01, 0x06, 0x05, 0x0a, 0x22, 0x16, 0x04, 0x12,
  0x0b, 0x17, 0x38, 0x01, 0x00, 0xfe, 0xdc, 0x18, 0x77, 0x3f, 0x31, 0x21,
  0x0c, 0x1d, 0x1a, 0x0e, 0x06, 0x15, 0x0b, 0x07, 0x07, 0x11, 0x11, 0x03,
  0x04, 0x13, 0x0d, 0x0d, 0x1d, 0x3f, 0x4e, 0x23, 0x0f, 0x13, 0x01, 0x03,
  0x01, 0x02, 0x01, 0x01, 0x01, 0x39, 0x01, 0x01, 0x01, 0x04, 0x17, 0x11,
  0x12, 0x1b, 0x08, 0x06, 0x02, 0x01, 0x39, 0x01, 0x01, 0x01, 0x01, 0x2e,
  0x21, 0x4f, 0x07, 0x06, 0x07, 0x0c, 0x10, 0x04, 0x02, 0x01, 0x01, 0x07,
  0x09, 0x05, 0x0a, 0x0f, 0x0f, 0x09, 0x05, 0x07, 0x0c, 0x01, 0x01, 0x0c,
  0x05, 0x11, 0x07, 0x10, 0x01, 0x01, 0x26, 0x1d, 0x0b, 0x26, 0x0b, 0x02,
  0x59, 0x0f, 0x0e, 0x13, 0x0d, 0x07, 0x05, 0x06, 0x09, 0x15, 0x1c, 0x21,
  0x0e, 0x1a, 0x1c, 0x09, 0x08, 0x02, 0x03, 0x06, 0x1a, 0x22, 0x1d, 0x24,
  0x0f, 0x16, 0x01, 0x01, 0x05, 0x03, 0xfe, 0xdc, 0x1b, 0x17, 0x0a, 0x0c,
  0x01, 0x02, 0x0f, 0x0a, 0x13, 0x1e, 0x0b, 0x04, 0x06, 0x0f, 0x6e, 0xf5,
  0xf5, 0x6a, 0x05, 0x05, 0x09, 0x12, 0x0f, 0x09, 0x08, 0x08, 0x14, 0x13,
  0x01, 0x01, 0x03, 0x02, 0x01, 0x70, 0x03, 0xab, 0x03, 0x12, 0x0e, 0x0b,
  0x1a, 0x0e, 0x0d, 0xfc, 0xf0, 0x0d, 0x1d, 0x2c, 0x0a, 0x04, 0x04, 0x0a,
  0x2c, 0x1d, 0x0d, 0x03, 0x10, 0x0d, 0x1b, 0x2b, 0x0a, 0x02, 0x04, 0x01,
  0x01, 0x01, 0x01, 0x4a, 0x04, 0x12, 0x08, 0x07, 0x67, 0xfe, 0xea, 0xfe,
  0x85, 0x09, 0x09, 0x10, 0x04, 0x04, 0x04, 0x04, 0x10, 0x09, 0x09, 0x01,
  0x7b, 0x01, 0x15, 0x68, 0x07, 0x0b, 0x13, 0x03, 0x01, 0x04, 0x10, 0x01,
  0x08, 0x03, 0x0b, 0x21, 0x15, 0x18, 0x25, 0x0a, 0x03, 0x0e, 0x1a, 0x10,
  0x17, 0x01, 0x03, 0x01, 0x02, 0x01, 0x05, 0x08, 0x04, 0x15, 0x08, 0x05,
  0x01, 0x01, 0x02, 0x01, 0x01, 0x08, 0x22, 0x29, 0x09, 0x01, 0x02, 0x05,
  0x06, 0x06, 0x3f, 0x02, 0x11, 0x12, 0x20, 0x36, 0x1e, 0x24, 0x38, 0x02,
  0x03, 0x0e, 0x0e, 0x0f, 0x22, 0x18, 0x12, 0x10, 0x0c, 0x0d, 0x05, 0x01,
  0x11, 0x09, 0x0a, 0x15, 0x05, 0x1d, 0x1c, 0x02, 0x02, 0x0e, 0x10, 0x0a,
  0x15, 0x0f, 0x0b, 0x09, 0x03, 0x05, 0x06, 0x05, 0x11, 0x13, 0x06, 0x03,
  0x02, 0x02, 0x04, 0x04, 0x0f, 0x08, 0x07, 0x75, 0x05, 0x03, 0x03, 0x0c,
  0x01, 0x16, 0x07, 0x0a, 0x57, 0x64, 0x0e, 0x11, 0x1c, 0x19, 0x18, 0x21,
  0x0f, 0x17, 0x24, 0x08, 0x0c, 0x04, 0x0f, 0x0a, 0x21, 0x14, 0x07, 0x08,
  0x08, 0x0a, 0x08, 0x06, 0x02, 0x16, 0x0d, 0x0d, 0x13, 0x01, 0x03, 0x01,
  0x02, 0x03, 0x01, 0x01, 0x0f, 0x0b, 0x11, 0x1b, 0x06, 0x01, 0x02, 0x01,
  0x38, 0x24, 0x18, 0x77, 0x01, 0x02, 0x04, 0x0b, 0x42, 0x1c, 0x0b, 0x12,
  0x05, 0x02, 0x04, 0x0b, 0x26, 0x12, 0x10, 0x1b, 0x06, 0x07, 0x03, 0x01,
  0xa5, 0x23, 0x0e, 0x13, 0x01, 0x02, 0x09, 0x06, 0x08, 0x27, 0x43, 0x65,
  0x64, 0x34, 0x32, 0x03, 0x0e, 0x0f, 0x01, 0x02, 0x0b, 0x0a, 0x0a, 0x1b,
  0x4f, 0x64, 0x66, 0x2a, 0x3e, 0x02, 0x01, 0x2c, 0x21, 0x4f, 0x05, 0x0c,
  0x10, 0x06, 0x03, 0x06, 0x04, 0x06, 0x09, 0x04, 0x03, 0x01, 0x01, 0x03,
  0x04, 0x10, 0x07, 0x07, 0x01, 0x01, 0x08, 0x1a, 0x28, 0x06, 0x03, 0x02,
  0x02, 0x33, 0x02, 0x0f, 0x0e, 0x0b, 0x12, 0x0e, 0x05, 0x08, 0x14, 0x1c,
  0x3f, 0x01, 0x75, 0x05, 0x0f, 0x0c, 0x08, 0x07, 0x05, 0x0a, 0x06, 0x23,
  0x0f, 0x15, 0x02, 0x01, 0x88, 0x1b, 0x18, 0x09, 0x0d, 0x01, 0x01, 0x01,
  0x03, 0x04, 0x01, 0x02, 0x01, 0x10, 0x3b, 0x12, 0x24, 0xfe, 0x75, 0x01,
  0x07, 0x04, 0x0a, 0x07, 0x02, 0x04, 0x09, 0x26, 0x23, 0x11, 0x21, 0x04,
  0x01, 0x70, 0x02, 0x00, 0x00, 0x0b, 0x00, 0x00, 0xff, 0xc0, 0x03, 0xf4,
  0x03, 0xc0, 0x00, 0x0c, 0x00, 0x11, 0x00, 0x2a, 0x00, 0x31, 0x00, 0x40,
  0x00, 0x55, 0x00, 0x6c, 0x00, 0x72, 0x00, 0x7f, 0x00, 0x87, 0x00, 0x98,
  0x00, 0x00, 0x13, 0x15, 0x33, 0x35, 0x33, 0x35, 0x23, 0x35, 0x3f, 0x01,
  0x35, 0x23, 0x15, 0x21, 0x15, 0x33, 0x11, 0x23, 0x17, 0x15, 0x33, 0x35,
  0x37, 0x3e, 0x01, 0x37, 0x3e, 0x01, 0x37, 0x3e, 0x01, 0x35, 0x2e, 0x01,
  0x27, 0x2e, 0x01, 0x27, 0x2e, 0x01, 0x2b, 0x01, 0x15, 0x05, 0x15, 0x33,
  0x35, 0x23, 0x11, 0x23, 0x05, 0x1e, 0x01, 0x15, 0x14, 0x06, 0x07, 0x0e,
  0x01, 0x0f, 0x01, 0x35, 0x33, 0x32, 0x16, 0x01, 0x0e, 0x01, 0x07, 0x30,
  0x14, 0x31, 0x1e, 0x01, 0x17, 0x1e, 0x01, 0x33, 0x17, 0x35, 0x21, 0x35,
  0x25, 0x2f, 0x01, 0x07, 0x07, 0x0e, 0x01, 0x07, 0x0e, 0x01, 0x15, 0x14,
  0x16, 0x17, 0x1e, 0x01, 0x17, 0x1e, 0x01, 0x33, 0x17, 0x15, 0x33, 0x11,
  0x23, 0x22, 0x06, 0x17, 0x15, 0x33, 0x11, 0x23, 0x15, 0x25, 0x15, 0x33,
  0x15, 0x23, 0x17, 0x15, 0x17, 0x15, 0x33, 0x11, 0x23, 0x15, 0x07, 0x15,
  0x23, 0x15, 0x33, 0x11, 0x23, 0x15, 0x25, 0x15, 0x23, 0x22, 0x26, 0x27,
  0x2e, 0x01, 0x35, 0x34, 0x36, 0x37, 0x3e, 0x01, 0x3b, 0x01, 0x15, 0x0e,
  0x47, 0x91, 0x91, 0xa8, 0x01, 0xf0, 0x02, 0x52, 0x46, 0x46, 0x88, 0x48,
  0x33, 0x2c, 0x1e, 0x10, 0x0c, 0x19, 0x06, 0x07, 0x05, 0x01, 0x02, 0x02,
  0x06, 0x14, 0x0e, 0x11, 0x37, 0x52, 0x45, 0xfe, 0x50, 0xf8, 0xb0, 0x48,
  0x02, 0x48, 0x15, 0x16, 0x05, 0x07, 0x09, 0x1b, 0x27, 0x24, 0x22, 0x0f,
  0x1b, 0xfd, 0xbe, 0x53, 0x75, 0x01, 0x01, 0x73, 0x50, 0x51, 0x75, 0x02,
  0x05, 0x01, 0x7e, 0xfe, 0x83, 0x01, 0x01, 0xc7, 0xd8, 0x11, 0x18, 0x0a,
  0x14, 0x13, 0x0d, 0x0f, 0x07, 0x0b, 0x08, 0x11, 0x1d, 0x2c, 0x35, 0x46,
  0x56, 0x23, 0x36, 0xf1, 0x48, 0x48, 0x01, 0xa9, 0xa9, 0x93, 0x01, 0x92,
  0x46, 0xef, 0x83, 0xae, 0xf6, 0x48, 0xfe, 0x52, 0x1b, 0x2f, 0x24, 0x09,
  0x03, 0x02, 0x06, 0x07, 0x0b, 0x1a, 0x27, 0x23, 0x02, 0xfa, 0xae, 0x93,
  0x3b, 0x52, 0x01, 0x1e, 0x1d, 0xae, 0xae, 0x01, 0x5c, 0xae, 0xae, 0x83,
  0x01, 0x01, 0x04, 0x07, 0x06, 0x18, 0x0b, 0x0f, 0x1a, 0x14, 0x0e, 0x0d,
  0x08, 0x10, 0x19, 0x09, 0x0b, 0x06, 0xae, 0x02, 0xac, 0x3a, 0x01, 0x1f,
  0x3a, 0x03, 0x19, 0x13, 0x0b, 0x0e, 0x07, 0x0a, 0x07, 0x01, 0x01, 0x63,
  0x01, 0xfe, 0x84, 0x13, 0x1a, 0x01, 0x02, 0x01, 0x1a, 0x12, 0x12, 0x1b,
  0x01, 0x2e, 0x5a, 0x01, 0x17, 0x18, 0x2d, 0xb7, 0x02, 0x09, 0x08, 0x0e,
  0x2a, 0x1e, 0x18, 0x24, 0x10, 0x07, 0x08, 0x04, 0x08, 0x05, 0x01, 0x83,
  0x01, 0x5a, 0x01, 0xac, 0xad, 0x01, 0x5a, 0xad, 0x90, 0x1d, 0x52, 0x1d,
  0x1e, 0x01, 0x92, 0x01, 0x5a, 0x1d, 0x74, 0x8f, 0x3a, 0x01, 0x58, 0x8f,
  0x26, 0x32, 0x0b, 0x11, 0x06, 0x08, 0x09, 0x0b, 0x0f, 0x07, 0x0a, 0x05,
  0x31, 0x00, 0x00, 0x00, 0x00, 0x0b, 0x00, 0x00, 0xff, 0xc0, 0x03, 0xf4,
  0x03, 0xc0, 0x00, 0x0c, 0x00, 0x11, 0x00, 0x29, 0x00, 0x31, 0x00, 0x40,
  0x00, 0x4f, 0x00, 0x5c, 0x00, 0x64, 0x00, 0x69, 0x00, 0x7f, 0x00, 0x91,
  0x00, 0x00, 0x13, 0x17, 0x33, 0x37, 0x35, 0x33, 0x35, 0x23, 0x35, 0x33,
  0x35, 0x23, 0x15, 0x21, 0x15, 0x33, 0x11, 0x23, 0x17, 0x15, 0x33, 0x3f,
  0x01, 0x32, 0x36, 0x37, 0x3e, 0x01, 0x37, 0x3e, 0x01, 0x35, 0x34, 0x26,
  0x27, 0x2e, 0x01, 0x27, 0x2e, 0x01, 0x23, 0x27, 0x05, 0x15, 0x33, 0x37,
  0x23, 0x11, 0x23, 0x17, 0x25, 0x1e, 0x01, 0x17, 0x1e, 0x01, 0x07, 0x0e,
  0x01, 0x2b, 0x01, 0x35, 0x33, 0x1e, 0x01, 0x01, 0x1e, 0x01, 0x1f, 0x01,
  0x37, 0x3e, 0x01, 0x37, 0x3e, 0x01, 0x3f, 0x01, 0x21, 0x17, 0x01, 0x17,
  0x33, 0x37, 0x35, 0x23, 0x35, 0x33, 0x35, 0x23, 0x35, 0x23, 0x15, 0x25,
  0x15, 0x17, 0x11, 0x33, 0x35, 0x23, 0x17, 0x05, 0x15, 0x33, 0x11, 0x23,
  0x17, 0x15, 0x33, 0x16, 0x36, 0x37, 0x3e, 0x01, 0x37, 0x3e, 0x01, 0x27,
  0x2e, 0x01, 0x27, 0x2e, 0x01, 0x2b, 0x01, 0x35, 0x23, 0x17, 0x17, 0x1e,
  0x01, 0x17, 0x1e, 0x01, 0x15, 0x14, 0x06, 0x07, 0x0e, 0x01, 0x07, 0x23,
  0x35, 0x33, 0x32, 0x16, 0x0e, 0x01, 0x45, 0x01, 0x91, 0x91, 0xa9, 0xf0,
  0x02, 0x52, 0x46, 0x46, 0x89, 0x46, 0x01, 0x2c, 0x12, 0x22, 0x06, 0x16,
  0x1f, 0x0e, 0x0e, 0x0d, 0x0d, 0x0f, 0x0a, 0x18, 0x0c, 0x04, 0x34, 0x2d,
  0x5d, 0xfe, 0x51, 0xf6, 0x01, 0xb0, 0x48, 0x01, 0x02, 0x53, 0x08, 0x10,
  0x03, 0x04, 0x01, 0x04, 0x09, 0x23, 0x2f, 0x1d, 0x29, 0x19, 0x14, 0xfd,
  0xa8, 0x02, 0x3f, 0x2b, 0x68, 0x1a, 0x0b, 0x35, 0x1b, 0x1c, 0x30, 0x06,
  0x11, 0xfe, 0x50, 0x04, 0xfe, 0xe0, 0x01, 0xee, 0x01, 0xa9, 0x91, 0x91,
  0x47, 0x01, 0x2b, 0x47, 0xb0, 0xf8, 0x01, 0x01, 0x27, 0x46, 0x46, 0x89,
  0x3c, 0x32, 0x4b, 0x0b, 0x12, 0x22, 0x08, 0x08, 0x05, 0x05, 0x06, 0x24,
  0x1a, 0x0b, 0x25, 0x22, 0x2b, 0x48, 0x01, 0x8c, 0x16, 0x15, 0x07, 0x02,
  0x02, 0x07, 0x08, 0x09, 0x16, 0x24, 0x29, 0x1b, 0x0b, 0x19, 0x02, 0xf5,
  0xad, 0x49, 0x4a, 0x3c, 0x52, 0x3a, 0xae, 0xae, 0x01, 0x5c, 0xae, 0xad,
  0x82, 0x01, 0x02, 0x01, 0x02, 0x0f, 0x0f, 0x0f, 0x23, 0x19, 0x19, 0x24,
  0x0f, 0x0a, 0x0e, 0x03, 0x01, 0x01, 0x01, 0xaf, 0xac, 0x3b, 0x01, 0x1e,
  0xad, 0x71, 0x03, 0x0e, 0x08, 0x08, 0x17, 0x08, 0x13, 0x0c, 0x63, 0x01,
  0x02, 0xfe, 0xbc, 0x01, 0x3e, 0x2a, 0x65, 0x1a, 0x0a, 0x35, 0x1a, 0x1a,
  0x2f, 0x06, 0x10, 0x04, 0xfe, 0x68, 0xae, 0x1e, 0x1d, 0x52, 0x3c, 0x92,
  0xad, 0x02, 0xac, 0x01, 0x01, 0x1e, 0x3a, 0xab, 0x03, 0xae, 0x01, 0x5c,
  0xad, 0xae, 0x01, 0x03, 0x03, 0x05, 0x1b, 0x10, 0x11, 0x30, 0x13, 0x1a,
  0x27, 0x08, 0x03, 0x03, 0x83, 0xad, 0x12, 0x02, 0x0b, 0x0d, 0x06, 0x09,
  0x07, 0x0b, 0x11, 0x07, 0x08, 0x05, 0x01, 0x63, 0x01, 0x00, 0x00, 0x00,
  0x00, 0x03, 0x00, 0x00, 0xff, 0xc0, 0x03, 0xef, 0x03, 0xc0, 0x00, 0x29,
  0x00, 0x50, 0x00, 0x60, 0x00, 0x00, 0x01, 0x15, 0x17, 0x32, 0x16, 0x33,
  0x32, 0x16, 0x17, 0x1e, 0x01, 0x17, 0x1e, 0x01, 0x1f, 0x01, 0x07, 0x17,
  0x1e, 0x01, 0x33, 0x32, 0x36, 0x3f, 0x01, 0x27, 0x35, 0x34, 0x26, 0x27,
  0x2e, 0x01, 0x27, 0x2e, 0x01, 0x27, 0x2e, 0x01, 0x2f, 0x02, 0x15, 0x03,
  0x15, 0x33, 0x15, 0x14, 0x06, 0x07, 0x0e, 0x01, 0x0f, 0x01, 0x15, 0x14,
  0x16, 0x31, 0x32, 0x36, 0x37, 0x3e, 0x01, 0x37, 0x36, 0x16, 0x17, 0x1e,
  0x01, 0x17, 0x16, 0x36, 0x37, 0x3e, 0x01, 0x37, 0x3e, 0x01, 0x37, 0x35,
  0x21, 0x15, 0x05, 0x14, 0x06, 0x07, 0x0e, 0x01, 0x23, 0x22, 0x26, 0x27,
  0x2e, 0x01, 0x27, 0x35, 0x33, 0x15, 0x02, 0x00, 0x05, 0x03, 0x0a, 0x05,
  0x25, 0x5e, 0x27, 0x1d, 0x3d, 0x14, 0x21, 0x26, 0x03, 0x01, 0x65, 0x35,
  0x16, 0x21, 0x01, 0x01, 0x20, 0x16, 0x36, 0x4d, 0x04, 0x03, 0x09, 0x27,
  0x1d, 0x0b, 0x31, 0x0e, 0x31, 0x79, 0x43, 0x01, 0x16, 0xc8, 0xa8, 0x08,
  0x0b, 0x07, 0x27, 0x32, 0x35, 0x01, 0x01, 0x66, 0x0d, 0x0f, 0x1b, 0x09,
  0x07, 0x03, 0x04, 0x06, 0x1d, 0x15, 0x20, 0x47, 0x19, 0x0f, 0x0e, 0x04,
  0x02, 0x01, 0x01, 0xfe, 0x6d, 0x01, 0x4f, 0x03, 0x04, 0x07, 0x15, 0x0f,
  0x11, 0x19, 0x05, 0x03, 0x02, 0x01, 0x67, 0x03, 0x4f, 0x14, 0x01, 0x01,
  0x1c, 0x18, 0x11, 0x36, 0x1b, 0x2c, 0x69, 0x33, 0x16, 0x01, 0x42, 0x1c,
  0x27, 0x27, 0x1c, 0x42, 0x01, 0x09, 0x0b, 0x25, 0x0f, 0x30, 0x58, 0x28,
  0x0d, 0x34, 0x0a, 0x27, 0x2f, 0x03, 0x01, 0x01, 0x14, 0xfe, 0xe6, 0x2a,
  0x13, 0x19, 0x19, 0x0b, 0x08, 0x1d, 0x23, 0x24, 0x31, 0x15, 0x1d, 0x42,
  0x09, 0x0b, 0x1b, 0x0d, 0x0c, 0x01, 0x0f, 0x1c, 0x27, 0x0a, 0x10, 0x0a,
  0x17, 0x0d, 0x1e, 0x19, 0x0c, 0x2f, 0x46, 0x70, 0x2a, 0x5a, 0x31, 0x25,
  0x08, 0x0d, 0x0d, 0x11, 0x0f, 0x08, 0x2c, 0x25, 0x2f, 0x30, 0x00, 0x00,
  0x00, 0x03, 0x00, 0x00, 0xff, 0xc0, 0x03, 0x99, 0x03, 0xc0, 0x00, 0x41,
  0x00, 0x66, 0x00, 0x77, 0x00, 0x00, 0x01, 0x15, 0x17, 0x32, 0x16, 0x33,
  0x32, 0x16, 0x17, 0x1e, 0x01, 0x17, 0x1e, 0x01, 0x15, 0x14, 0x06, 0x07,
  0x0e, 0x01, 0x07, 0x0e, 0x01, 0x0f, 0x01, 0x35, 0x34, 0x26, 0x23, 0x30,
  0x07, 0x0e, 0x01, 0x07, 0x06, 0x0f, 0x01, 0x17, 0x1e, 0x01, 0x33, 0x30,
  0x36, 0x3d, 0x01, 0x37, 0x3e, 0x01, 0x37, 0x3e, 0x01, 0x37, 0x36, 0x34,
  0x27, 0x2e, 0x01, 0x27, 0x2e, 0x01, 0x27, 0x2e, 0x01, 0x2f, 0x01, 0x15,
  0x07, 0x1e, 0x01, 0x17, 0x1e, 0x01, 0x17, 0x16, 0x06, 0x07, 0x0e, 0x01,
  0x07, 0x06, 0x14, 0x17, 0x1e, 0x01, 0x17, 0x1e, 0x01, 0x33, 0x17, 0x3d,
  0x01, 0x23, 0x15, 0x27, 0x2e, 0x01, 0x27, 0x2e, 0x01, 0x2f, 0x01, 0x23,
  0x17, 0x01, 0x15, 0x27, 0x2e, 0x01, 0x27, 0x2e, 0x01, 0x27, 0x26, 0x36,
  0x37, 0x3e, 0x01, 0x3b, 0x01, 0x15, 0x01, 0xfd, 0x05, 0x02, 0x0a, 0x05,
  0x12, 0x38, 0x18, 0x46, 0x72, 0x21, 0x14, 0x12, 0x08, 0x0b, 0x14, 0x55,
  0x39, 0x26, 0x5c, 0x2f, 0x0c, 0x01, 0x01, 0x14, 0x14, 0x2f, 0x15, 0x15,
  0x02, 0x04, 0x43, 0x1c, 0x28, 0x01, 0x01, 0x12, 0x50, 0x8e, 0x37, 0x2d,
  0x39, 0x0a, 0x03, 0x03, 0x05, 0x13, 0x0f, 0x10, 0x23, 0x19, 0x37, 0x8e,
  0x50, 0x14, 0xdd, 0x28, 0x29, 0x0c, 0x07, 0x18, 0x06, 0x04, 0x02, 0x06,
  0x24, 0x34, 0x08, 0x03, 0x03, 0x08, 0x26, 0x1d, 0x13, 0x36, 0x53, 0x6a,
  0x55, 0x17, 0x12, 0x16, 0x09, 0x0a, 0x1c, 0x2d, 0x21, 0x64, 0x06, 0x01,
  0x1a, 0x40, 0x37, 0x18, 0x0b, 0x06, 0x05, 0x01, 0x05, 0x08, 0x0a, 0x0a,
  0x26, 0x3b, 0x2e, 0x03, 0x5b, 0x14, 0x01, 0x01, 0x0b, 0x08, 0x18, 0x63,
  0x43, 0x29, 0x4f, 0x2f, 0x22, 0x35, 0x20, 0x3f, 0x6a, 0x23, 0x17, 0x1d,
  0x02, 0x01, 0x30, 0x13, 0x1c, 0x0f, 0x10, 0x26, 0x10, 0x11, 0x02, 0x04,
  0x36, 0x17, 0x1f, 0x18, 0x10, 0x29, 0x01, 0x05, 0x42, 0x3a, 0x2f, 0x74,
  0x42, 0x15, 0x4c, 0x16, 0x22, 0x3a, 0x20, 0x20, 0x31, 0x1a, 0x38, 0x41,
  0x04, 0x02, 0x14, 0xd1, 0x3f, 0x3b, 0x0c, 0x07, 0x13, 0x03, 0x02, 0x03,
  0x01, 0x05, 0x2c, 0x1f, 0x0c, 0x22, 0x0b, 0x1e, 0x28, 0x07, 0x05, 0x02,
  0x01, 0xc9, 0xc8, 0xa8, 0x01, 0x01, 0x05, 0x06, 0x06, 0x25, 0x40, 0x30,
  0x0a, 0xfe, 0xf0, 0x34, 0x01, 0x01, 0x04, 0x0b, 0x05, 0x08, 0x06, 0x0e,
  0x1e, 0x09, 0x09, 0x05, 0x33, 0x00, 0x00, 0x00, 0x00, 0x03, 0x00, 0x00,
  0xff, 0xc0, 0x03, 0x9a, 0x03, 0xc0, 0x00, 0x5b, 0x00, 0x86, 0x00, 0x99,
  0x00, 0x00, 0x01, 0x15, 0x17, 0x32, 0x16, 0x33, 0x32, 0x16, 0x17, 0x1e,
  0x01, 0x17, 0x1e, 0x01, 0x17, 0x1e, 0x01, 0x07, 0x06, 0x07, 0x0e, 0x01,
  0x07, 0x06, 0x07, 0x06, 0x27, 0x2e, 0x01, 0x27, 0x26, 0x27, 0x2e, 0x01,
  0x2f, 0x01, 0x33, 0x32, 0x36, 0x35, 0x34, 0x27, 0x2e, 0x01, 0x27, 0x26,
  0x31, 0x22, 0x07, 0x0e, 0x01, 0x07, 0x06, 0x15, 0x30, 0x16, 0x3b, 0x01,
  0x17, 0x1e, 0x01, 0x17, 0x1e, 0x01, 0x17, 0x1e, 0x01, 0x17, 0x16, 0x32,
  0x37, 0x3e, 0x01, 0x37, 0x36, 0x37, 0x3e, 0x01, 0x27, 0x26, 0x27, 0x2e,
  0x01, 0x27, 0x2e, 0x01, 0x27, 0x2e, 0x01, 0x2f, 0x01, 0x15, 0x17, 0x0e,
  0x01, 0x07, 0x0e, 0x01, 0x0f, 0x01, 0x27, 0x2e, 0x01, 0x27, 0x26, 0x22,
  0x07, 0x0e, 0x01, 0x07, 0x0e, 0x01, 0x07, 0x0e, 0x01, 0x0f, 0x01, 0x21,
  0x35, 0x23, 0x35, 0x3e, 0x01, 0x37, 0x3e, 0x01, 0x3f, 0x01, 0x35, 0x36,
  0x26, 0x23, 0x30, 0x06, 0x07, 0x07, 0x1e, 0x01, 0x17, 0x1e, 0x01, 0x1d,
  0x01, 0x23, 0x35, 0x3e, 0x01, 0x37, 0x3e, 0x01, 0x37, 0x36, 0x16, 0x17,
  0x02, 0x00, 0x06, 0x03, 0x0a, 0x04, 0x0b, 0x28, 0x10, 0x33, 0x58, 0x26,
  0x2b, 0x34, 0x0b, 0x03, 0x01, 0x02, 0x07, 0x14, 0x13, 0x3d, 0x27, 0x28,
  0x2f, 0x49, 0x4a, 0x4b, 0x85, 0x35, 0x35, 0x1e, 0x0a, 0x0e, 0x02, 0x01,
  0x2f, 0x1a, 0x15, 0x11, 0x11, 0x27, 0x11, 0x11, 0x01, 0x11, 0x11, 0x29,
  0x10, 0x11, 0x18, 0x10, 0x29, 0x01, 0x04, 0x24, 0x1e, 0x1e, 0x53, 0x32,
  0x1f, 0x3b, 0x22, 0x16, 0x4c, 0x16, 0x42, 0x74, 0x30, 0x34, 0x20, 0x1f,
  0x12, 0x0e, 0x0e, 0x26, 0x0e, 0x1b, 0x16, 0x1c, 0x31, 0x24, 0x26, 0x50,
  0x2b, 0x15, 0x88, 0x14, 0x25, 0x06, 0x0e, 0x20, 0x08, 0x08, 0x04, 0x08,
  0x29, 0x1f, 0x0b, 0x25, 0x0a, 0x13, 0x23, 0x09, 0x05, 0x08, 0x02, 0x02,
  0x01, 0x01, 0x01, 0x01, 0x92, 0xa8, 0x01, 0x09, 0x0c, 0x07, 0x30, 0x34,
  0x26, 0x01, 0x01, 0x01, 0x1d, 0x15, 0xd0, 0x07, 0x0a, 0x04, 0x04, 0x03,
  0x65, 0x01, 0x01, 0x02, 0x05, 0x0f, 0x0a, 0x06, 0x1b, 0x06, 0x03, 0x5b,
  0x14, 0x01, 0x01, 0x06, 0x04, 0x0c, 0x32, 0x26, 0x2a, 0x64, 0x3d, 0x12,
  0x4a, 0x15, 0x32, 0x2f, 0x2e, 0x4d, 0x1f, 0x1e, 0x13, 0x1d, 0x02, 0x01,
  0x39, 0x34, 0x35, 0x48, 0x1a, 0x3b, 0x1b, 0x11, 0x01, 0x01, 0x01, 0x15,
  0x15, 0x32, 0x15, 0x14, 0x14, 0x15, 0x33, 0x15, 0x15, 0x01, 0x01, 0x10,
  0x37, 0x66, 0x2e, 0x2d, 0x49, 0x18, 0x10, 0x12, 0x05, 0x04, 0x04, 0x0a,
  0x39, 0x2e, 0x33, 0x40, 0x3f, 0x89, 0x46, 0x45, 0x3e, 0x17, 0x22, 0x15,
  0x1d, 0x23, 0x11, 0x13, 0x14, 0x03, 0x01, 0x14, 0xe1, 0x0d, 0x18, 0x05,
  0x0a, 0x20, 0x0c, 0x0d, 0x10, 0x25, 0x2d, 0x08, 0x02, 0x03, 0x05, 0x19,
  0x0f, 0x08, 0x18, 0x0d, 0x0a, 0x30, 0x49, 0x73, 0x54, 0x12, 0x1b, 0x1c,
  0x0c, 0x06, 0x23, 0x25, 0x1a, 0x32, 0x14, 0x1d, 0x13, 0x0d, 0x5c, 0x03,
  0x0b, 0x07, 0x08, 0x28, 0x2b, 0x34, 0x42, 0x2f, 0x16, 0x05, 0x0a, 0x0e,
  0x03, 0x02, 0x02, 0x03, 0x00, 0x19, 0x00, 0x00, 0xff, 0xc0, 0x03, 0xa4,
  0x03, 0xc0, 0x00, 0x3c, 0x00, 0x54, 0x00, 0x69, 0x00, 0x79, 0x00, 0x8e,
  0x00, 0xd2, 0x00, 0xe6, 0x00, 0xfa, 0x01, 0x0e, 0x01, 0x1e, 0x01, 0x35,
  0x01, 0x46, 0x01, 0x53, 0x01, 0x69, 0x01, 0x7c, 0x01, 0x92, 0x01, 0xa9,
  0x01, 0xbc, 0x01, 0xcb, 0x01, 0xe1, 0x01, 0xf7, 0x02, 0x13, 0x02, 0x22,
  0x02, 0x3a, 0x02, 0x4c, 0x00, 0x00, 0x01, 0x14, 0x16, 0x15, 0x32, 0x16,
  0x17, 0x1e, 0x01, 0x17, 0x1e, 0x01, 0x1f, 0x01, 0x07, 0x0e, 0x01, 0x33,
  0x14, 0x16, 0x17, 0x1e, 0x01, 0x33, 0x16, 0x36, 0x27, 0x2e, 0x01, 0x31,
  0x30, 0x06, 0x0f, 0x01, 0x27, 0x2e, 0x01, 0x27, 0x2e, 0x01, 0x27, 0x22,
  0x26, 0x27, 0x2e, 0x01, 0x23, 0x22, 0x26, 0x35, 0x2e, 0x01, 0x23, 0x2e,
  0x01, 0x27, 0x2e, 0x01, 0x2b, 0x01, 0x17, 0x27, 0x0e, 0x01, 0x31, 0x14,
  0x16, 0x31, 0x16, 0x36, 0x37, 0x3e, 0x01, 0x37, 0x32, 0x36, 0x33, 0x34,
  0x26, 0x27, 0x34, 0x26, 0x23, 0x30, 0x06, 0x07, 0x0e, 0x01, 0x15, 0x14,
  0x16, 0x17, 0x14, 0x36, 0x37, 0x3e, 0x01, 0x3f, 0x01, 0x27, 0x14, 0x26,
  0x2f, 0x02, 0x07, 0x07, 0x0e, 0x01, 0x0f, 0x01, 0x17, 0x37, 0x3e, 0x01,
  0x3f, 0x01, 0x36, 0x26, 0x31, 0x30, 0x06, 0x07, 0x0e, 0x01, 0x15, 0x14,
  0x16, 0x17, 0x32, 0x36, 0x37, 0x3e, 0x01, 0x3f, 0x01, 0x27, 0x2e, 0x01,
  0x31, 0x22, 0x06, 0x07, 0x17, 0x0e, 0x01, 0x0f, 0x01, 0x17, 0x37, 0x3e,
  0x01, 0x33, 0x30, 0x16, 0x17, 0x1e, 0x01, 0x17, 0x1e, 0x01, 0x15, 0x14,
  0x06, 0x07, 0x0e, 0x01, 0x15, 0x30, 0x16, 0x17, 0x1e, 0x01, 0x37, 0x34,
  0x36, 0x37, 0x3e, 0x01, 0x35, 0x34, 0x26, 0x27, 0x2e, 0x01, 0x31, 0x30,
  0x16, 0x17, 0x1e, 0x01, 0x37, 0x3e, 0x01, 0x37, 0x3e, 0x01, 0x27, 0x2e,
  0x01, 0x27, 0x26, 0x27, 0x2e, 0x01, 0x27, 0x26, 0x27, 0x30, 0x06, 0x07,
  0x25, 0x0e, 0x01, 0x17, 0x1e, 0x01, 0x33, 0x30, 0x36, 0x37, 0x3e, 0x01,
  0x3f, 0x01, 0x27, 0x2e, 0x01, 0x27, 0x17, 0x27, 0x05, 0x07, 0x17, 0x1e,
  0x01, 0x17, 0x1e, 0x01, 0x15, 0x16, 0x36, 0x37, 0x32, 0x26, 0x27, 0x2e,
  0x01, 0x23, 0x22, 0x06, 0x05, 0x1e, 0x01, 0x15, 0x14, 0x06, 0x27, 0x2e,
  0x01, 0x27, 0x2e, 0x01, 0x35, 0x30, 0x36, 0x3f, 0x01, 0x17, 0x1e, 0x01,
  0x05, 0x0e, 0x01, 0x15, 0x1e, 0x01, 0x33, 0x3e, 0x01, 0x35, 0x34, 0x26,
  0x23, 0x22, 0x06, 0x07, 0x05, 0x0e, 0x01, 0x15, 0x14, 0x16, 0x17, 0x1e,
  0x01, 0x15, 0x17, 0x37, 0x36, 0x32, 0x3b, 0x01, 0x35, 0x34, 0x26, 0x27,
  0x26, 0x22, 0x07, 0x05, 0x1e, 0x01, 0x31, 0x30, 0x32, 0x3f, 0x01, 0x35,
  0x34, 0x26, 0x31, 0x30, 0x26, 0x2f, 0x01, 0x17, 0x05, 0x1c, 0x01, 0x17,
  0x32, 0x16, 0x37, 0x30, 0x36, 0x3d, 0x01, 0x23, 0x07, 0x05, 0x0e, 0x01,
  0x15, 0x22, 0x16, 0x1f, 0x01, 0x37, 0x3e, 0x01, 0x31, 0x36, 0x26, 0x27,
  0x14, 0x26, 0x2f, 0x01, 0x2e, 0x01, 0x07, 0x05, 0x14, 0x06, 0x07, 0x0e,
  0x01, 0x15, 0x32, 0x16, 0x33, 0x32, 0x36, 0x27, 0x2e, 0x01, 0x23, 0x22,
  0x14, 0x15, 0x05, 0x0e, 0x01, 0x07, 0x22, 0x16, 0x33, 0x32, 0x36, 0x37,
  0x36, 0x26, 0x27, 0x2e, 0x01, 0x27, 0x2e, 0x01, 0x31, 0x22, 0x06, 0x07,
  0x05, 0x0e, 0x01, 0x07, 0x37, 0x0e, 0x01, 0x31, 0x14, 0x16, 0x17, 0x30,
  0x36, 0x37, 0x3e, 0x01, 0x35, 0x34, 0x26, 0x23, 0x30, 0x06, 0x07, 0x05,
  0x0e, 0x01, 0x17, 0x14, 0x16, 0x1f, 0x01, 0x37, 0x27, 0x2e, 0x01, 0x27,
  0x2e, 0x01, 0x31, 0x22, 0x06, 0x07, 0x05, 0x06, 0x14, 0x1f, 0x01, 0x37,
  0x3e, 0x01, 0x35, 0x34, 0x26, 0x23, 0x30, 0x06, 0x07, 0x05, 0x0e, 0x01,
  0x31, 0x14, 0x16, 0x33, 0x32, 0x36, 0x37, 0x34, 0x26, 0x27, 0x2e, 0x01,
  0x27, 0x2e, 0x01, 0x31, 0x22, 0x06, 0x07, 0x25, 0x0e, 0x01, 0x0f, 0x01,
  0x17, 0x1e, 0x01, 0x1f, 0x01, 0x37, 0x3e, 0x01, 0x3f, 0x01, 0x27, 0x2e,
  0x01, 0x23, 0x22, 0x06, 0x07, 0x05, 0x0e, 0x01, 0x0f, 0x02, 0x17, 0x1e,
  0x01, 0x17, 0x1e, 0x01, 0x17, 0x27, 0x16, 0x36, 0x37, 0x3e, 0x01, 0x31,
  0x30, 0x26, 0x27, 0x2e, 0x01, 0x2f, 0x01, 0x07, 0x05, 0x0e, 0x01, 0x15,
  0x1e, 0x01, 0x17, 0x32, 0x36, 0x35, 0x34, 0x26, 0x23, 0x26, 0x06, 0x07,
  0x0e, 0x01, 0x17, 0x1e, 0x01, 0x17, 0x16, 0x36, 0x35, 0x34, 0x36, 0x35,
  0x37, 0x27, 0x22, 0x26, 0x27, 0x2e, 0x01, 0x31, 0x22, 0x06, 0x07, 0x37,
  0x22, 0x06, 0x2b, 0x01, 0x15, 0x17, 0x33, 0x3e, 0x01, 0x31, 0x34, 0x26,
  0x2f, 0x01, 0x23, 0x22, 0x06, 0x01, 0xf4, 0x01, 0x01, 0x11, 0x0c, 0x23,
  0x3a, 0x20, 0x23, 0x33, 0x14, 0x12, 0x20, 0x0e, 0x13, 0x01, 0x30, 0x22,
  0x22, 0x32, 0x01, 0x02, 0x01, 0x01, 0x01, 0x01, 0x15, 0x0e, 0x22, 0x0a,
  0x0b, 0x22, 0x0e, 0x0e, 0x25, 0x04, 0x02, 0x0b, 0x06, 0x06, 0x0a, 0x01,
  0x01, 0x02, 0x02, 0x2b, 0x0b, 0x04, 0x0e, 0x06, 0x14, 0x15, 0x0e, 0x11,
  0x01, 0x35, 0x11, 0x1b, 0x0a, 0x01, 0x09, 0x06, 0x05, 0x0e, 0x04, 0x04,
  0x05, 0x01, 0x02, 0x02, 0x01, 0x01, 0x06, 0x64, 0x0b, 0x1b, 0x12, 0x01,
  0x0a, 0x07, 0x07, 0x0d, 0x03, 0x06, 0x03, 0x02, 0x02, 0x04, 0x03, 0x0d,
  0x59, 0x06, 0x0d, 0x03, 0x07, 0x1b, 0x07, 0x02, 0x0c, 0x05, 0x0d, 0x01,
  0x17, 0x09, 0x4a, 0x09, 0x0f, 0x1b, 0x03, 0x01, 0x06, 0x03, 0x04, 0x09,
  0x03, 0x07, 0x0e, 0x06, 0x09, 0x01, 0x05, 0x04, 0xd7, 0x36, 0x50, 0x02,
  0x06, 0x3d, 0x39, 0x17, 0x22, 0x01, 0x0b, 0x07, 0x09, 0x0b, 0x02, 0x04,
  0x01, 0x04, 0x07, 0x04, 0x06, 0x15, 0x0f, 0x17, 0x0e, 0x01, 0x12, 0x04,
  0x01, 0x01, 0x02, 0x02, 0x02, 0x02, 0x06, 0x05, 0x13, 0x22, 0x11, 0x15,
  0x22, 0x11, 0x10, 0x12, 0x01, 0x02, 0x10, 0x14, 0x04, 0x1a, 0x19, 0x3b,
  0x19, 0x18, 0x02, 0x4d, 0x36, 0xfe, 0xf2, 0x09, 0x06, 0x01, 0x01, 0x20,
  0x02, 0x03, 0x02, 0x01, 0x07, 0x02, 0x07, 0x07, 0x07, 0x09, 0x04, 0x02,
  0x0a, 0x02, 0xd7, 0x10, 0x03, 0x01, 0x05, 0x03, 0x02, 0x04, 0x01, 0x23,
  0x01, 0x01, 0x04, 0x03, 0x07, 0x05, 0x02, 0x01, 0x0b, 0xfe, 0xe4, 0x2a,
  0x13, 0x21, 0x13, 0x0a, 0x0f, 0x0d, 0x0f, 0x42, 0x14, 0x0e, 0x22, 0x04,
  0x02, 0x16, 0xfe, 0x23, 0x03, 0x04, 0x01, 0x24, 0x01, 0x01, 0x0a, 0x22,
  0x03, 0x01, 0x02, 0x02, 0x03, 0x1d, 0x07, 0x0a, 0x01, 0x01, 0x01, 0x02,
  0x01, 0x0b, 0x04, 0x0b, 0x04, 0x09, 0x04, 0x02, 0x01, 0x05, 0x10, 0xfc,
  0xd8, 0x01, 0x01, 0x0c, 0x08, 0x13, 0x01, 0x0c, 0x08, 0x15, 0x01, 0x03,
  0x1c, 0x01, 0x01, 0x23, 0x01, 0x04, 0x29, 0x01, 0xfc, 0xfd, 0x07, 0x09,
  0x01, 0x05, 0x04, 0x06, 0x12, 0x07, 0x0b, 0x01, 0x02, 0x02, 0x03, 0x02,
  0x02, 0x01, 0x06, 0x11, 0x02, 0xfa, 0x04, 0x03, 0x03, 0x04, 0x01, 0x21,
  0x01, 0x02, 0x11, 0x01, 0x01, 0x24, 0x01, 0x01, 0xfd, 0x26, 0x06, 0x0a,
  0x01, 0x01, 0x19, 0x02, 0x01, 0x1c, 0x02, 0x01, 0x02, 0x04, 0x03, 0x07,
  0x02, 0x02, 0x04, 0x01, 0x0a, 0x06, 0x02, 0xb6, 0x04, 0x06, 0x03, 0x01,
  0x03, 0x04, 0x1c, 0x03, 0x04, 0x02, 0x05, 0x12, 0x21, 0x02, 0x04, 0x02,
  0xfd, 0x7a, 0x08, 0x06, 0x01, 0x0b, 0x07, 0x11, 0x1d, 0x0c, 0x05, 0x0a,
  0x02, 0x03, 0x03, 0x01, 0x09, 0x06, 0x02, 0x49, 0x0e, 0x0d, 0x0b, 0x12,
  0x08, 0x0b, 0x1c, 0x01, 0x0b, 0x07, 0xfd, 0xfa, 0x05, 0x07, 0x2a, 0x02,
  0x01, 0x12, 0x02, 0x05, 0x04, 0x03, 0x0c, 0x05, 0x05, 0x07, 0x01, 0x07,
  0x04, 0x01, 0xce, 0x03, 0x0c, 0x05, 0x0d, 0x07, 0x03, 0x06, 0x01, 0x02,
  0x12, 0x08, 0x0d, 0x03, 0x05, 0x0b, 0x05, 0x07, 0x01, 0x01, 0x05, 0x03,
  0xfe, 0x85, 0x01, 0x04, 0x02, 0x01, 0x05, 0x0a, 0x04, 0x0e, 0x05, 0x09,
  0x0a, 0x04, 0x06, 0x01, 0x04, 0x03, 0x03, 0x02, 0x0a, 0x07, 0x06, 0x0e,
  0x02, 0x07, 0x04, 0x01, 0x20, 0x0f, 0x08, 0x01, 0x08, 0x01, 0x01, 0x33,
  0x0e, 0x01, 0x01, 0x0e, 0xd3, 0x03, 0x02, 0x01, 0x01, 0x1b, 0x0c, 0x0a,
  0x04, 0x01, 0x01, 0x0b, 0x04, 0x0f, 0x05, 0x06, 0x08, 0x01, 0x01, 0x01,
  0x79, 0x04, 0x0b, 0x05, 0x0a, 0x01, 0x0b, 0x0b, 0x21, 0x02, 0x01, 0x03,
  0x06, 0x02, 0x09, 0x03, 0x5d, 0x08, 0x0c, 0x01, 0x02, 0x01, 0x02, 0x0d,
  0x0d, 0x0e, 0x1e, 0x13, 0x11, 0x1a, 0x0b, 0x10, 0x01, 0x0a, 0x07, 0x07,
  0x0b, 0x01, 0x18, 0x3f, 0x23, 0x34, 0x10, 0x0c, 0x1c, 0x08, 0x0a, 0x1a,
  0x09, 0x09, 0x14, 0x01, 0x04, 0x02, 0x03, 0x03, 0x02, 0x01, 0x03, 0x0c,
  0x01, 0x02, 0x01, 0x03, 0x03, 0x13, 0x0e, 0x04, 0x06, 0x02, 0x23, 0x01,
  0x02, 0x01, 0x02, 0x02, 0x01, 0x02, 0x01, 0x13, 0x0e, 0x02, 0x03, 0x01,
  0x1c, 0x05, 0x0d, 0x01, 0x01, 0x1f, 0x01, 0x01, 0x04, 0x04, 0x03, 0x06,
  0x01, 0x03, 0x09, 0x03, 0x07, 0x04, 0x0b, 0x09, 0x05, 0x34, 0x04, 0x0a,
  0x03, 0x07, 0x1c, 0x05, 0x02, 0x09, 0x04, 0x0a, 0x01, 0x20, 0x06, 0x44,
  0x0b, 0x14, 0x02, 0x01, 0x13, 0x02, 0x06, 0x04, 0x05, 0x0b, 0x04, 0x08,
  0x0e, 0x05, 0x08, 0x06, 0x04, 0xab, 0x3a, 0x57, 0x02, 0x07, 0x38, 0x3d,
  0x1a, 0x24, 0x0b, 0x07, 0x09, 0x0d, 0x06, 0x07, 0x09, 0x12, 0x0e, 0x25,
  0x2d, 0x1e, 0x2b, 0x01, 0x15, 0x0e, 0x14, 0x0c, 0x02, 0x02, 0x63, 0x19,
  0x06, 0x17, 0x0a, 0x10, 0x10, 0x0a, 0x06, 0x09, 0x03, 0x03, 0x0c, 0x09,
  0x01, 0x01, 0x10, 0x11, 0x11, 0x2c, 0x16, 0x14, 0x21, 0x16, 0x05, 0x19,
  0x18, 0x37, 0x17, 0x16, 0x01, 0x53, 0x3a, 0x56, 0x11, 0x11, 0x01, 0x01,
  0x0d, 0x06, 0x04, 0x04, 0x0d, 0x06, 0x0d, 0x03, 0x04, 0x05, 0x02, 0x01,
  0x06, 0x23, 0x08, 0x07, 0x03, 0x0d, 0x07, 0x06, 0x09, 0x01, 0x01, 0x0a,
  0x02, 0x0b, 0x07, 0x15, 0x0c, 0x05, 0x49, 0x28, 0x19, 0x0f, 0x15, 0x1f,
  0x02, 0x01, 0x08, 0x0b, 0x0b, 0x3d, 0x02, 0x17, 0x0f, 0x24, 0x04, 0x01,
  0x15, 0x0d, 0x0f, 0x17, 0x01, 0x01, 0x05, 0x01, 0x2d, 0x03, 0x01, 0x09,
  0x07, 0x07, 0x11, 0x02, 0x03, 0x01, 0x01, 0x09, 0x06, 0x06, 0x0e, 0x04,
  0x09, 0x01, 0x01, 0x08, 0x05, 0x21, 0x07, 0x03, 0x03, 0x5c, 0x0b, 0x11,
  0x01, 0x02, 0x19, 0x0a, 0x0f, 0x01, 0x01, 0x01, 0x1c, 0x0c, 0x0c, 0x0d,
  0x01, 0x05, 0x01, 0x24, 0x08, 0x0a, 0x18, 0x37, 0x01, 0x02, 0x01, 0x13,
  0x10, 0x12, 0x06, 0x02, 0x04, 0x01, 0x0a, 0x07, 0x01, 0x0a, 0x06, 0x09,
  0x06, 0x01, 0x04, 0x0a, 0x01, 0x0f, 0x08, 0x09, 0x0d, 0x01, 0x0d, 0x33,
  0x01, 0x01, 0x09, 0x01, 0x01, 0x4e, 0x03, 0x04, 0x01, 0x31, 0x12, 0x02,
  0x01, 0x05, 0x07, 0x05, 0x0d, 0x04, 0x04, 0x06, 0x04, 0x04, 0x0e, 0x07,
  0x0b, 0x05, 0x02, 0x04, 0x07, 0x01, 0x14, 0x01, 0x04, 0x03, 0x06, 0x20,
  0x01, 0x01, 0x11, 0x06, 0x04, 0x41, 0x07, 0x06, 0x02, 0x01, 0x0c, 0x08,
  0x12, 0x1d, 0x0c, 0x05, 0x0b, 0x03, 0x02, 0x04, 0x07, 0x05, 0x10, 0x0f,
  0x06, 0x0f, 0x0c, 0x13, 0x08, 0x0c, 0x01, 0x01, 0x19, 0x0b, 0x07, 0x32,
  0x05, 0x0a, 0x02, 0x1d, 0x1b, 0x05, 0x01, 0x04, 0x02, 0x02, 0x08, 0x04,
  0x03, 0x05, 0x09, 0x06, 0x01, 0x02, 0x08, 0x03, 0x07, 0x0e, 0x05, 0x0a,
  0x02, 0x05, 0x0b, 0x05, 0x09, 0x02, 0x04, 0x0f, 0x06, 0x09, 0x03, 0x02,
  0x29, 0x02, 0x08, 0x05, 0x02, 0x0a, 0x04, 0x02, 0x06, 0x02, 0x03, 0x03,
  0x02, 0x03, 0x01, 0x07, 0x0b, 0x08, 0x0c, 0x04, 0x02, 0x03, 0x05, 0x01,
  0x03, 0x09, 0x05, 0x05, 0x04, 0x02, 0x04, 0x1e, 0x01, 0x11, 0x01, 0x01,
  0x22, 0x01, 0x04, 0x1a, 0x0f, 0x0e, 0x01, 0x01, 0x05, 0x01, 0x01, 0x01,
  0x03, 0x02, 0x0b, 0x07, 0x10, 0x01, 0x02, 0x01, 0x01, 0x02, 0x05, 0x04,
  0x03, 0x01, 0x14, 0x14, 0x01, 0x04, 0x01, 0x0b, 0x08, 0x12, 0x01, 0x00,
  0x00, 0x02, 0x00, 0x00, 0xff, 0xc0, 0x03, 0xe5, 0x03, 0xc0, 0x00, 0xc0,
  0x00, 0xdc, 0x00, 0x00, 0x01, 0x0e, 0x01, 0x07, 0x0e, 0x01, 0x17, 0x1e,
  0x01, 0x15, 0x17, 0x07, 0x0e, 0x01, 0x0f, 0x01, 0x23, 0x22, 0x26, 0x27,
  0x2e, 0x01, 0x23, 0x0e, 0x01, 0x07, 0x0e, 0x01, 0x17, 0x1e, 0x01, 0x17,
  0x1e, 0x01, 0x17, 0x1e, 0x01, 0x07, 0x06, 0x14, 0x17, 0x16, 0x06, 0x07,
  0x0e, 0x01, 0x07, 0x0e, 0x01, 0x07, 0x06, 0x16, 0x17, 0x16, 0x32, 0x37,
  0x3e, 0x01, 0x33, 0x37, 0x17, 0x1e, 0x01, 0x1f, 0x01, 0x07, 0x14, 0x06,
  0x07, 0x06, 0x16, 0x17, 0x1e, 0x01, 0x37, 0x3e, 0x01, 0x37, 0x3e, 0x01,
  0x37, 0x3e, 0x01, 0x17, 0x16, 0x32, 0x37, 0x36, 0x16, 0x17, 0x1e, 0x01,
  0x17, 0x1e, 0x01, 0x17, 0x16, 0x36, 0x37, 0x3e, 0x01, 0x27, 0x2e, 0x01,
  0x35, 0x27, 0x37, 0x3e, 0x01, 0x3f, 0x01, 0x17, 0x32, 0x16, 0x17, 0x16,
  0x32, 0x37, 0x3e, 0x01, 0x27, 0x2e, 0x01, 0x27, 0x2e, 0x01, 0x27, 0x2e,
  0x01, 0x37, 0x36, 0x34, 0x27, 0x26, 0x36, 0x37, 0x3e, 0x01, 0x37, 0x3e,
  0x01, 0x37, 0x36, 0x26, 0x27, 0x2e, 0x01, 0x27, 0x22, 0x06, 0x07, 0x0e,
  0x01, 0x2b, 0x01, 0x27, 0x2e, 0x01, 0x2f, 0x01, 0x37, 0x34, 0x36, 0x37,
  0x36, 0x26, 0x27, 0x2e, 0x01, 0x07, 0x0e, 0x01, 0x07, 0x0e, 0x01, 0x0f,
  0x01, 0x27, 0x26, 0x06, 0x07, 0x22, 0x26, 0x27, 0x2e, 0x01, 0x27, 0x2e,
  0x01, 0x27, 0x2e, 0x01, 0x07, 0x13, 0x1e, 0x01, 0x17, 0x16, 0x06, 0x07,
  0x0e, 0x01, 0x07, 0x0e, 0x01, 0x23, 0x22, 0x26, 0x27, 0x2e, 0x01, 0x27,
  0x26, 0x36, 0x37, 0x3e, 0x01, 0x37, 0x36, 0x16, 0x17, 0x01, 0x45, 0x13,
  0x1b, 0x08, 0x07, 0x03, 0x03, 0x01, 0x02, 0x01, 0x0d, 0x0a, 0x26, 0x07,
  0x06, 0x13, 0x08, 0x18, 0x08, 0x09, 0x15, 0x06, 0x0a, 0x0a, 0x08, 0x1b,
  0x19, 0x08, 0x04, 0x12, 0x17, 0x07, 0x12, 0x05, 0x08, 0x04, 0x01, 0x01,
  0x01, 0x01, 0x04, 0x08, 0x05, 0x12, 0x07, 0x17, 0x12, 0x04, 0x09, 0x28,
  0x24, 0x07, 0x0b, 0x0c, 0x08, 0x1a, 0x0a, 0x1a, 0x06, 0x07, 0x25, 0x0b,
  0x0d, 0x01, 0x02, 0x01, 0x03, 0x03, 0x07, 0x0c, 0x35, 0x1b, 0x11, 0x18,
  0x11, 0x06, 0x0f, 0x05, 0x09, 0x05, 0x04, 0x05, 0x54, 0x05, 0x04, 0x05,
  0x09, 0x05, 0x0f, 0x06, 0x11, 0x18, 0x11, 0x1b, 0x35, 0x0c, 0x07, 0x03,
  0x03, 0x01, 0x02, 0x01, 0x0d, 0x0b, 0x25, 0x07, 0x06, 0x1a, 0x0a, 0x1a,
  0x08, 0x0c, 0x0b, 0x07, 0x24, 0x28, 0x09, 0x04, 0x12, 0x17, 0x07, 0x12,
  0x05, 0x08, 0x04, 0x01, 0x01, 0x01, 0x01, 0x03, 0x09, 0x05, 0x12, 0x07,
  0x17, 0x12, 0x04, 0x08, 0x19, 0x1b, 0x08, 0x0a, 0x0a, 0x06, 0x15, 0x09,
  0x08, 0x18, 0x08, 0x13, 0x0a, 0x09, 0x26, 0x09, 0x08, 0x01, 0x02, 0x01,
  0x03, 0x03, 0x07, 0x0b, 0x2c, 0x18, 0x14, 0x1d, 0x0d, 0x0d, 0x14, 0x07,
  0x08, 0x11, 0x0c, 0x40, 0x07, 0x02, 0x07, 0x08, 0x05, 0x0f, 0x06, 0x0d,
  0x11, 0x09, 0x0e, 0x1e, 0x0d, 0xe6, 0x2f, 0x4b, 0x15, 0x19, 0x0c, 0x23,
  0x11, 0x31, 0x1a, 0x14, 0x1c, 0x18, 0x18, 0x1c, 0x14, 0x28, 0x40, 0x10,
  0x14, 0x0f, 0x21, 0x18, 0x45, 0x2a, 0x0a, 0x32, 0x0c, 0x03, 0xa5, 0x04,
  0x17, 0x10, 0x0d, 0x17, 0x11, 0x07, 0x1a, 0x0b, 0x1b, 0x0a, 0x08, 0x26,
  0x0a, 0x08, 0x02, 0x01, 0x01, 0x01, 0x01, 0x02, 0x04, 0x0d, 0x34, 0x1c,
  0x11, 0x18, 0x11, 0x06, 0x0f, 0x05, 0x09, 0x05, 0x04, 0x05, 0x54, 0x05,
  0x04, 0x05, 0x09, 0x05, 0x0f, 0x06, 0x11, 0x18, 0x11, 0x22, 0x3c, 0x06,
  0x01, 0x02, 0x01, 0x02, 0x01, 0x08, 0x09, 0x27, 0x08, 0x0a, 0x1b, 0x0b,
  0x1a, 0x07, 0x11, 0x17, 0x0d, 0x1a, 0x18, 0x07, 0x04, 0x12, 0x17, 0x07,
  0x12, 0x05, 0x09, 0x03, 0x01, 0x01, 0x01, 0x01, 0x04, 0x08, 0x05, 0x12,
  0x07, 0x17, 0x12, 0x04, 0x07, 0x18, 0x1a, 0x0d, 0x17, 0x11, 0x07, 0x1a,
  0x0b, 0x1b, 0x0a, 0x08, 0x27, 0x09, 0x08, 0x01, 0x02, 0x01, 0x02, 0x01,
  0x06, 0x3c, 0x22, 0x11, 0x18, 0x11, 0x06, 0x0f, 0x05, 0x09, 0x05, 0x04,
  0x05, 0x54, 0x05, 0x04, 0x05, 0x09, 0x05, 0x0f, 0x06, 0x11, 0x18, 0x11,
  0x1c, 0x34, 0x0d, 0x04, 0x02, 0x01, 0x01, 0x01, 0x01, 0x02, 0x0d, 0x0b,
  0x26, 0x06, 0x06, 0x1b, 0x0b, 0x1a, 0x07, 0x11, 0x17, 0x0d, 0x16, 0x1a,
  0x03, 0x01, 0x11, 0x12, 0x10, 0x18, 0x06, 0x07, 0x02, 0x01, 0x01, 0x02,
  0x04, 0x08, 0x05, 0x12, 0x07, 0x11, 0x10, 0x05, 0x07, 0x04, 0x04, 0xfe,
  0xe5, 0x0a, 0x3b, 0x2b, 0x35, 0x74, 0x2e, 0x17, 0x24, 0x0a, 0x07, 0x05,
  0x05, 0x07, 0x0f, 0x3f, 0x27, 0x34, 0x6b, 0x2b, 0x20, 0x28, 0x08, 0x01,
  0x01, 0x03, 0x00, 0x00, 0x00, 0x10, 0x00, 0x00, 0xff, 0xc0, 0x03, 0xeb,
  0x03, 0xc0, 0x00, 0x44, 0x00, 0x6a, 0x00, 0x92, 0x00, 0xad, 0x00, 0xd2,
  0x00, 0xe8, 0x00, 0xf4, 0x01, 0x04, 0x01, 0x16, 0x01, 0x38, 0x01, 0x4e,
  0x01, 0x66, 0x01, 0x7d, 0x01, 0x8a, 0x01, 0xa0, 0x01, 0xb6, 0x00, 0x00,
  0x13, 0x0e, 0x01, 0x07, 0x0e, 0x01, 0x17, 0x1e, 0x01, 0x17, 0x1e, 0x01,
  0x17, 0x16, 0x06, 0x07, 0x0e, 0x01, 0x23, 0x22, 0x26, 0x27, 0x2e, 0x01,
  0x23, 0x26, 0x06, 0x15, 0x30, 0x16, 0x17, 0x1e, 0x01, 0x17, 0x1e, 0x01,
  0x33, 0x32, 0x36, 0x37, 0x36, 0x26, 0x27, 0x2e, 0x01, 0x27, 0x2e, 0x01,
  0x35, 0x34, 0x36, 0x33, 0x32, 0x16, 0x1f, 0x01, 0x37, 0x3e, 0x01, 0x31,
  0x36, 0x26, 0x27, 0x2e, 0x01, 0x27, 0x26, 0x06, 0x07, 0x17, 0x07, 0x15,
  0x07, 0x23, 0x15, 0x33, 0x15, 0x14, 0x16, 0x17, 0x1e, 0x01, 0x17, 0x1e,
  0x01, 0x33, 0x32, 0x36, 0x3f, 0x01, 0x35, 0x2e, 0x01, 0x07, 0x0e, 0x01,
  0x27, 0x2e, 0x01, 0x3d, 0x01, 0x33, 0x35, 0x23, 0x27, 0x35, 0x07, 0x17,
  0x0e, 0x01, 0x07, 0x06, 0x16, 0x17, 0x1e, 0x01, 0x17, 0x1e, 0x01, 0x37,
  0x3e, 0x01, 0x37, 0x3e, 0x01, 0x27, 0x2e, 0x01, 0x23, 0x22, 0x06, 0x07,
  0x0e, 0x01, 0x07, 0x06, 0x26, 0x3d, 0x01, 0x33, 0x35, 0x34, 0x26, 0x27,
  0x2e, 0x01, 0x07, 0x37, 0x0e, 0x01, 0x0f, 0x01, 0x35, 0x23, 0x15, 0x33,
  0x35, 0x34, 0x36, 0x37, 0x36, 0x32, 0x17, 0x1e, 0x01, 0x31, 0x3e, 0x01,
  0x3f, 0x01, 0x27, 0x2e, 0x01, 0x07, 0x17, 0x0e, 0x01, 0x17, 0x1e, 0x01,
  0x33, 0x32, 0x36, 0x37, 0x3e, 0x01, 0x31, 0x2e, 0x01, 0x23, 0x22, 0x06,
  0x15, 0x0e, 0x01, 0x07, 0x06, 0x26, 0x2f, 0x01, 0x33, 0x27, 0x2e, 0x01,
  0x27, 0x2e, 0x01, 0x27, 0x2e, 0x01, 0x07, 0x33, 0x0e, 0x01, 0x07, 0x0e,
  0x01, 0x17, 0x1e, 0x01, 0x37, 0x3e, 0x01, 0x37, 0x36, 0x26, 0x27, 0x2e,
  0x01, 0x23, 0x22, 0x06, 0x07, 0x05, 0x1e, 0x01, 0x1d, 0x01, 0x23, 0x37,
  0x3e, 0x01, 0x37, 0x3e, 0x01, 0x05, 0x1e, 0x01, 0x1f, 0x01, 0x23, 0x35,
  0x34, 0x36, 0x37, 0x3e, 0x01, 0x33, 0x32, 0x16, 0x17, 0x33, 0x1e, 0x01,
  0x17, 0x16, 0x06, 0x07, 0x0e, 0x01, 0x07, 0x06, 0x26, 0x27, 0x26, 0x34,
  0x37, 0x3e, 0x01, 0x05, 0x30, 0x17, 0x1e, 0x01, 0x17, 0x16, 0x17, 0x1e,
  0x01, 0x37, 0x36, 0x37, 0x3e, 0x01, 0x37, 0x36, 0x37, 0x34, 0x22, 0x2b,
  0x01, 0x07, 0x0e, 0x01, 0x31, 0x22, 0x26, 0x2f, 0x01, 0x23, 0x2a, 0x01,
  0x17, 0x13, 0x0e, 0x01, 0x15, 0x14, 0x16, 0x17, 0x1e, 0x01, 0x37, 0x3e,
  0x01, 0x37, 0x3e, 0x01, 0x27, 0x2e, 0x01, 0x27, 0x2e, 0x01, 0x07, 0x21,
  0x0e, 0x01, 0x07, 0x0e, 0x01, 0x15, 0x14, 0x16, 0x33, 0x32, 0x36, 0x37,
  0x3e, 0x01, 0x37, 0x36, 0x34, 0x27, 0x2e, 0x01, 0x27, 0x2e, 0x01, 0x05,
  0x15, 0x33, 0x35, 0x37, 0x1f, 0x01, 0x37, 0x17, 0x15, 0x33, 0x35, 0x0f,
  0x01, 0x0e, 0x01, 0x35, 0x30, 0x26, 0x2f, 0x02, 0x15, 0x21, 0x15, 0x33,
  0x37, 0x17, 0x33, 0x27, 0x35, 0x27, 0x07, 0x27, 0x23, 0x15, 0x27, 0x1e,
  0x01, 0x15, 0x14, 0x06, 0x07, 0x06, 0x26, 0x27, 0x2e, 0x01, 0x27, 0x26,
  0x36, 0x37, 0x3e, 0x01, 0x33, 0x1e, 0x01, 0x17, 0x05, 0x1e, 0x01, 0x15,
  0x14, 0x06, 0x07, 0x06, 0x26, 0x27, 0x2e, 0x01, 0x37, 0x3e, 0x01, 0x37,
  0x3e, 0x01, 0x33, 0x1e, 0x01, 0x17, 0x4d, 0x12, 0x17, 0x07, 0x04, 0x01,
  0x05, 0x09, 0x20, 0x28, 0x18, 0x13, 0x03, 0x03, 0x01, 0x03, 0x04, 0x17,
  0x10, 0x11, 0x19, 0x04, 0x02, 0x02, 0x01, 0x01, 0x2d, 0x02, 0x02, 0x06,
  0x20, 0x19, 0x04, 0x13, 0x09, 0x28, 0x2e, 0x05, 0x03, 0x0f, 0x0f, 0x08,
  0x1c, 0x10, 0x21, 0x17, 0x15, 0x12, 0x11, 0x13, 0x04, 0x03, 0x17, 0x0a,
  0x0e, 0x01, 0x05, 0x03, 0x07, 0x1b, 0x12, 0x0c, 0x27, 0x0c, 0xc1, 0x16,
  0x01, 0x14, 0x14, 0x01, 0x01, 0x02, 0x09, 0x07, 0x06, 0x09, 0x0c, 0x08,
  0x0d, 0x03, 0x07, 0x01, 0x02, 0x03, 0x03, 0x11, 0x02, 0x03, 0x02, 0x1f,
  0x1f, 0x01, 0x15, 0x7d, 0x13, 0x1b, 0x05, 0x03, 0x01, 0x04, 0x06, 0x17,
  0x0f, 0x0c, 0x23, 0x0b, 0x0b, 0x11, 0x06, 0x05, 0x0a, 0x01, 0x01, 0x25,
  0x03, 0x02, 0x03, 0x01, 0x02, 0x0a, 0x07, 0x0f, 0x1c, 0x6f, 0x1c, 0x18,
  0x0a, 0x21, 0x08, 0xce, 0x05, 0x09, 0x05, 0x07, 0x2b, 0x2f, 0x06, 0x0b,
  0x05, 0x0f, 0x07, 0x02, 0x04, 0x01, 0x04, 0x03, 0x06, 0x06, 0x05, 0x1b,
  0x04, 0x65, 0x1b, 0x1c, 0x03, 0x04, 0x2a, 0x24, 0x18, 0x23, 0x0a, 0x02,
  0x02, 0x01, 0x25, 0x04, 0x01, 0x03, 0x01, 0x0d, 0x06, 0x0e, 0x1b, 0x01,
  0x01, 0x70, 0x01, 0x01, 0x07, 0x06, 0x03, 0x0f, 0x06, 0x0c, 0x29, 0x0e,
  0xc0, 0x08, 0x12, 0x07, 0x1a, 0x02, 0x18, 0x14, 0x3e, 0x18, 0x09, 0x17,
  0x04, 0x0f, 0x10, 0x1c, 0x0b, 0x16, 0x10, 0x07, 0x10, 0x04, 0xfe, 0x34,
  0x08, 0x0c, 0x43, 0x01, 0x01, 0x06, 0x04, 0x07, 0x14, 0x01, 0x42, 0x06,
  0x07, 0x01, 0x01, 0x43, 0x0c, 0x08, 0x02, 0x09, 0x05, 0x06, 0x06, 0x04,
  0xbe, 0x0b, 0x0b, 0x02, 0x01, 0x04, 0x03, 0x04, 0x0f, 0x07, 0x0f, 0x1b,
  0x05, 0x02, 0x02, 0x06, 0x21, 0xfd, 0x14, 0x0d, 0x0e, 0x2d, 0x1f, 0x1e,
  0x22, 0x77, 0x30, 0x02, 0x01, 0x34, 0x33, 0x7a, 0x33, 0x33, 0x01, 0x26,
  0x2a, 0x50, 0x55, 0x23, 0x33, 0x01, 0x34, 0x23, 0x57, 0x50, 0x33, 0x1d,
  0x01, 0xcc, 0x29, 0x2f, 0x2a, 0x27, 0x0d, 0x26, 0x0d, 0x1d, 0x28, 0x08,
  0x04, 0x01, 0x04, 0x08, 0x26, 0x1d, 0x08, 0x2b, 0x09, 0x01, 0xea, 0x11,
  0x1b, 0x0c, 0x10, 0x10, 0x3d, 0x35, 0x1a, 0x27, 0x10, 0x09, 0x0e, 0x04,
  0x04, 0x03, 0x08, 0x27, 0x1c, 0x08, 0x2b, 0xfc, 0xae, 0x2d, 0x01, 0x2c,
  0x2e, 0x2c, 0x01, 0x2d, 0x47, 0x14, 0x09, 0x0d, 0x0d, 0x08, 0x15, 0x47,
  0x02, 0x10, 0x2c, 0x01, 0x5c, 0x31, 0x01, 0x2c, 0x01, 0x5f, 0x2d, 0x7a,
  0x12, 0x11, 0x0b, 0x0c, 0x19, 0x40, 0x0c, 0x02, 0x01, 0x01, 0x01, 0x0a,
  0x0d, 0x0a, 0x12, 0x10, 0x0c, 0x09, 0x06, 0x01, 0xe9, 0x12, 0x11, 0x14,
  0x14, 0x1a, 0x2f, 0x0a, 0x04, 0x01, 0x03, 0x04, 0x0f, 0x0d, 0x09, 0x0a,
  0x0d, 0x0a, 0x0a, 0x06, 0x03, 0xad, 0x04, 0x13, 0x0e, 0x0a, 0x1c, 0x09,
  0x14, 0x13, 0x0b, 0x06, 0x09, 0x07, 0x05, 0x09, 0x07, 0x0a, 0x0b, 0x12,
  0x0e, 0x04, 0x07, 0x02, 0x04, 0x02, 0x08, 0x06, 0x19, 0x1f, 0x06, 0x01,
  0x01, 0x20, 0x1f, 0x13, 0x24, 0x0a, 0x05, 0x0b, 0x04, 0x08, 0x0d, 0x0a,
  0x0b, 0x0b, 0x0b, 0x0d, 0x09, 0x01, 0x01, 0x01, 0x01, 0x16, 0x07, 0x0e,
  0x13, 0x04, 0x03, 0x01, 0x03, 0x11, 0x0d, 0x11, 0x12, 0x23, 0x32, 0x15,
  0x21, 0x04, 0x09, 0x0b, 0x04, 0x03, 0x01, 0x01, 0x02, 0x02, 0x0c, 0x0e,
  0x09, 0x01, 0x01, 0x01, 0x01, 0x02, 0x17, 0x1f, 0x2a, 0x23, 0x1e, 0x1e,
  0x0c, 0x2f, 0x05, 0x20, 0x15, 0x0c, 0x28, 0x0c, 0x11, 0x18, 0x05, 0x04,
  0x01, 0x03, 0x03, 0x0b, 0x07, 0x06, 0x12, 0x01, 0x01, 0x06, 0x02, 0x04,
  0x05, 0x09, 0x02, 0x04, 0x17, 0x11, 0x05, 0x0d, 0x20, 0x2d, 0x07, 0x03,
  0x01, 0x03, 0x02, 0x02, 0x09, 0x06, 0x08, 0x16, 0xa9, 0x2a, 0x2f, 0x22,
  0x07, 0x03, 0x03, 0x02, 0x01, 0x01, 0x0b, 0x08, 0x12, 0x04, 0x02, 0x02,
  0x01, 0x02, 0x0a, 0x35, 0x24, 0x24, 0x26, 0x14, 0x14, 0x03, 0x06, 0x01,
  0x06, 0x02, 0x02, 0x05, 0x0b, 0x02, 0x04, 0x14, 0x11, 0x08, 0x12, 0x0e,
  0x1b, 0x09, 0x05, 0x0f, 0x03, 0x07, 0x04, 0x04, 0x02, 0x0a, 0x06, 0x17,
  0x53, 0x18, 0x14, 0x08, 0x0d, 0x05, 0x17, 0x08, 0x20, 0x43, 0x11, 0x08,
  0x06, 0x02, 0x01, 0x22, 0x03, 0x13, 0x0a, 0x05, 0x08, 0x07, 0x0d, 0x03,
  0x07, 0x03, 0x07, 0x04, 0x0e, 0x08, 0x08, 0x05, 0x09, 0x14, 0x03, 0x01,
  0x01, 0x02, 0x03, 0x06, 0x12, 0x10, 0x09, 0x16, 0x07, 0x07, 0x0c, 0x01,
  0x04, 0x0f, 0x10, 0x08, 0x1d, 0x09, 0x12, 0x0f, 0xac, 0x12, 0x11, 0x3c,
  0x27, 0x28, 0x2c, 0x9b, 0x3d, 0x02, 0x01, 0x44, 0x43, 0xa0, 0x44, 0x43,
  0x02, 0x01, 0x88, 0x38, 0x50, 0x50, 0x38, 0x88, 0x02, 0xfe, 0x1f, 0x07,
  0x3f, 0x2f, 0x2f, 0x3d, 0x0a, 0x03, 0x01, 0x03, 0x07, 0x28, 0x1e, 0x0e,
  0x33, 0x0d, 0x1f, 0x28, 0x08, 0x02, 0x02, 0x02, 0x03, 0x0e, 0x0c, 0x10,
  0x2d, 0x1c, 0x39, 0x40, 0x0f, 0x10, 0x0a, 0x19, 0x0e, 0x0e, 0x33, 0x0d,
  0x1f, 0x28, 0x08, 0x02, 0x02, 0x78, 0x75, 0x59, 0x58, 0xb0, 0x01, 0xb1,
  0x59, 0x58, 0xea, 0x01, 0x4e, 0x20, 0x2e, 0x01, 0x2e, 0x20, 0x4d, 0x01,
  0x75, 0x75, 0x95, 0x95, 0x74, 0x75, 0x01, 0x9c, 0x9c, 0x75, 0x4a, 0x0a,
  0x23, 0x1c, 0x18, 0x1f, 0x0b, 0x16, 0x11, 0x21, 0x05, 0x0e, 0x0d, 0x1a,
  0x20, 0x0c, 0x08, 0x06, 0x01, 0x01, 0x03, 0x01, 0x09, 0x23, 0x1d, 0x1e,
  0x27, 0x07, 0x0a, 0x16, 0x1b, 0x0a, 0x2b, 0x0c, 0x11, 0x15, 0x06, 0x05,
  0x02, 0x01, 0x02, 0x03, 0x00, 0x05, 0x00, 0x00, 0xff, 0xc0, 0x03, 0xe8,
  0x03, 0xc0, 0x00, 0x2a, 0x00, 0x4e, 0x00, 0x64, 0x00, 0x87, 0x00, 0x97,
  0x00, 0x00, 0x13, 0x0e, 0x01, 0x0f, 0x01, 0x13, 0x17, 0x1e, 0x01, 0x17,
  0x1e, 0x01, 0x33, 0x16, 0x33, 0x16, 0x32, 0x33, 0x32, 0x33, 0x20, 0x36,
  0x37, 0x3e, 0x01, 0x37, 0x3e, 0x01, 0x11, 0x03, 0x27, 0x2e, 0x01, 0x2f,
  0x01, 0x21, 0x22, 0x23, 0x2a, 0x01, 0x07, 0x22, 0x23, 0x05, 0x1e, 0x01,
  0x1f, 0x01, 0x11, 0x07, 0x0e, 0x01, 0x07, 0x22, 0x07, 0x2a, 0x01, 0x23,
  0x22, 0x23, 0x24, 0x26, 0x27, 0x2e, 0x01, 0x11, 0x10, 0x36, 0x37, 0x3e,
  0x01, 0x21, 0x32, 0x33, 0x3a, 0x01, 0x17, 0x32, 0x33, 0x07, 0x0e, 0x01,
  0x07, 0x06, 0x14, 0x17, 0x1e, 0x01, 0x17, 0x1e, 0x01, 0x33, 0x32, 0x36,
  0x35, 0x34, 0x26, 0x27, 0x2e, 0x01, 0x07, 0x05, 0x07, 0x11, 0x17, 0x32,
  0x33, 0x16, 0x32, 0x17, 0x32, 0x33, 0x05, 0x35, 0x3c, 0x01, 0x23, 0x0e,
  0x01, 0x07, 0x0e, 0x01, 0x07, 0x22, 0x26, 0x27, 0x26, 0x27, 0x2e, 0x01,
  0x27, 0x26, 0x31, 0x30, 0x06, 0x07, 0x17, 0x30, 0x07, 0x0e, 0x01, 0x07,
  0x06, 0x31, 0x34, 0x36, 0x3f, 0x01, 0x17, 0x1e, 0x01, 0x07, 0x40, 0x0c,
  0x17, 0x05, 0x04, 0x01, 0x05, 0x03, 0x10, 0x07, 0x03, 0x09, 0x04, 0x02,
  0x1a, 0x19, 0x6a, 0x53, 0x53, 0x76, 0x01, 0x62, 0x5f, 0x0b, 0x06, 0x0d,
  0x03, 0x06, 0x01, 0x01, 0x04, 0x05, 0x10, 0x09, 0x0a, 0xfe, 0x46, 0x61,
  0x51, 0x52, 0x77, 0x22, 0x22, 0x02, 0x03, 0x72, 0x02, 0x06, 0x02, 0x03,
  0x05, 0x04, 0x06, 0x05, 0x02, 0x24, 0x23, 0x77, 0x4f, 0x4e, 0x58, 0xfe,
  0xcc, 0x79, 0x04, 0x07, 0x02, 0x01, 0x02, 0x05, 0x56, 0x01, 0x63, 0x6c,
  0x52, 0x51, 0x6d, 0x1c, 0x1b, 0x02, 0xbe, 0x1b, 0x2b, 0x06, 0x02, 0x02,
  0x03, 0x0c, 0x0b, 0x10, 0x1d, 0x16, 0x27, 0x35, 0x0b, 0x0d, 0x10, 0x2c,
  0x19, 0xfd, 0xc0, 0x6e, 0xb3, 0x25, 0x35, 0x35, 0x77, 0x3d, 0x3d, 0x36,
  0x01, 0x02, 0x02, 0x01, 0x4f, 0x36, 0x37, 0x4f, 0x01, 0x01, 0x63, 0x5c,
  0x27, 0x22, 0x23, 0x34, 0x0f, 0x0f, 0x42, 0x2e, 0xbd, 0x25, 0x24, 0x57,
  0x24, 0x24, 0x2c, 0x1f, 0x4c, 0x29, 0x11, 0x18, 0x01, 0x03, 0x7a, 0x03,
  0x15, 0x0d, 0x09, 0xfc, 0xe7, 0x08, 0x08, 0x11, 0x03, 0x02, 0x03, 0x01,
  0x01, 0x02, 0x07, 0x04, 0x0e, 0x05, 0x0b, 0x63, 0x01, 0x32, 0x01, 0x87,
  0x09, 0x0a, 0x10, 0x04, 0x05, 0x01, 0x27, 0x01, 0x04, 0x01, 0x05, 0xfc,
  0xf4, 0x05, 0x04, 0x02, 0x01, 0x01, 0x01, 0x01, 0x02, 0x05, 0x50, 0x01,
  0x3b, 0x01, 0x1f, 0x64, 0x04, 0x08, 0x02, 0x01, 0x3a, 0x04, 0x2a, 0x1c,
  0x0a, 0x11, 0x0b, 0x0f, 0x15, 0x0b, 0x0f, 0x0c, 0x35, 0x27, 0x15, 0x1d,
  0x0e, 0x12, 0x0f, 0x03, 0xca, 0x5a, 0xfe, 0x4d, 0x01, 0x01, 0x01, 0x01,
  0xd0, 0x7d, 0x53, 0x01, 0x38, 0x26, 0x27, 0x37, 0x01, 0x65, 0x60, 0x28,
  0x24, 0x24, 0x36, 0x0f, 0x10, 0x35, 0x26, 0x2e, 0x08, 0x08, 0x12, 0x07,
  0x08, 0x01, 0x27, 0x1b, 0x42, 0x29, 0x11, 0x19, 0x01, 0x00, 0x00, 0x00,
  0x00, 0x17, 0x00, 0x00, 0xff, 0xc0, 0x03, 0xf4, 0x03, 0xc0, 0x00, 0x4e,
  0x00, 0x86, 0x00, 0x8b, 0x00, 0x90, 0x00, 0x96, 0x00, 0x9b, 0x00, 0xa0,
  0x00, 0xa5, 0x00, 0xaa, 0x00, 0xaf, 0x00, 0xb4, 0x00, 0xb9, 0x00, 0xbe,
  0x00, 0xc8, 0x00, 0xd3, 0x00, 0xd8, 0x00, 0xdd, 0x00, 0xe2, 0x00, 0xed,
  0x00, 0xf8, 0x00, 0xfd, 0x01, 0x16, 0x01, 0x2c, 0x00, 0x00, 0x13, 0x11,
  0x05, 0x07, 0x0e, 0x01, 0x23, 0x22, 0x26, 0x27, 0x2e, 0x01, 0x27, 0x26,
  0x22, 0x07, 0x0e, 0x01, 0x07, 0x0e, 0x01, 0x17, 0x1e, 0x01, 0x17, 0x1e,
  0x01, 0x33, 0x32, 0x36, 0x37, 0x3e, 0x01, 0x37, 0x3e, 0x01, 0x37, 0x3e,
  0x01, 0x33, 0x34, 0x17, 0x1e, 0x01, 0x17, 0x16, 0x17, 0x1e, 0x01, 0x17,
  0x16, 0x36, 0x37, 0x3e, 0x01, 0x37, 0x36, 0x26, 0x27, 0x2e, 0x01, 0x27,
  0x26, 0x22, 0x07, 0x0e, 0x01, 0x07, 0x0e, 0x01, 0x23, 0x30, 0x26, 0x2f,
  0x01, 0x25, 0x11, 0x21, 0x11, 0x25, 0x14, 0x06, 0x2b, 0x01, 0x15, 0x33,
  0x15, 0x14, 0x06, 0x23, 0x30, 0x06, 0x15, 0x14, 0x16, 0x31, 0x32, 0x16,
  0x1d, 0x01, 0x21, 0x27, 0x37, 0x35, 0x27, 0x15, 0x06, 0x26, 0x27, 0x2e,
  0x01, 0x31, 0x22, 0x06, 0x07, 0x0e, 0x01, 0x15, 0x06, 0x16, 0x17, 0x1e,
  0x01, 0x1f, 0x01, 0x07, 0x15, 0x33, 0x3d, 0x01, 0x17, 0x21, 0x11, 0x21,
  0x15, 0x05, 0x15, 0x33, 0x35, 0x23, 0x17, 0x15, 0x33, 0x35, 0x23, 0x17,
  0x15, 0x33, 0x35, 0x23, 0x15, 0x33, 0x15, 0x33, 0x35, 0x23, 0x17, 0x15,
  0x33, 0x35, 0x23, 0x17, 0x15, 0x33, 0x35, 0x23, 0x17, 0x15, 0x33, 0x35,
  0x23, 0x17, 0x15, 0x33, 0x35, 0x23, 0x17, 0x15, 0x33, 0x35, 0x23, 0x17,
  0x15, 0x33, 0x35, 0x23, 0x17, 0x15, 0x33, 0x35, 0x23, 0x01, 0x06, 0x14,
  0x15, 0x17, 0x33, 0x35, 0x23, 0x22, 0x06, 0x17, 0x14, 0x06, 0x17, 0x15,
  0x33, 0x35, 0x23, 0x22, 0x06, 0x15, 0x17, 0x15, 0x33, 0x35, 0x23, 0x05,
  0x15, 0x33, 0x35, 0x23, 0x17, 0x15, 0x33, 0x35, 0x23, 0x17, 0x06, 0x14,
  0x15, 0x17, 0x33, 0x35, 0x23, 0x22, 0x06, 0x15, 0x33, 0x14, 0x06, 0x17,
  0x15, 0x33, 0x35, 0x23, 0x22, 0x06, 0x15, 0x17, 0x15, 0x33, 0x35, 0x23,
  0x07, 0x1e, 0x01, 0x17, 0x16, 0x06, 0x07, 0x0e, 0x01, 0x07, 0x06, 0x26,
  0x27, 0x26, 0x34, 0x37, 0x3e, 0x01, 0x37, 0x3e, 0x01, 0x33, 0x32, 0x16,
  0x17, 0x05, 0x1e, 0x01, 0x17, 0x16, 0x06, 0x07, 0x0e, 0x01, 0x23, 0x22,
  0x26, 0x27, 0x26, 0x34, 0x37, 0x3e, 0x01, 0x37, 0x36, 0x32, 0x17, 0x0c,
  0x01, 0xad, 0x2f, 0x13, 0x1b, 0x01, 0x01, 0x04, 0x02, 0x08, 0x24, 0x10,
  0x19, 0x40, 0x19, 0x14, 0x23, 0x0a, 0x0c, 0x03, 0x0a, 0x06, 0x0d, 0x0c,
  0x15, 0x2d, 0x1e, 0x14, 0x22, 0x10, 0x0b, 0x19, 0x08, 0x04, 0x31, 0x1e,
  0x1e, 0x2b, 0x01, 0x1f, 0x1f, 0x4c, 0x21, 0x21, 0x06, 0x16, 0x2e, 0x1e,
  0x21, 0x3a, 0x15, 0x0f, 0x0d, 0x01, 0x01, 0x04, 0x06, 0x0a, 0x27, 0x17,
  0x16, 0x3b, 0x16, 0x17, 0x27, 0x08, 0x02, 0x02, 0x01, 0x24, 0x19, 0x3c,
  0x01, 0xc1, 0xfc, 0x18, 0x03, 0xbf, 0x03, 0x0b, 0x0d, 0x1b, 0x01, 0x01,
  0x01, 0x01, 0x01, 0x01, 0xfe, 0x41, 0x08, 0x0c, 0x28, 0x01, 0x26, 0x6c,
  0x3d, 0x57, 0x01, 0x0b, 0x03, 0x02, 0x03, 0x01, 0x08, 0x13, 0x07, 0x35,
  0x1e, 0x47, 0x20, 0x29, 0x29, 0xfe, 0x9b, 0x03, 0x96, 0xfc, 0x74, 0x29,
  0x29, 0x50, 0x29, 0x29, 0x51, 0x29, 0x29, 0x50, 0x29, 0x29, 0x50, 0x29,
  0x29, 0x50, 0x27, 0x27, 0x50, 0x28, 0x28, 0x51, 0x27, 0x27, 0x4e, 0x29,
  0x29, 0x50, 0x29, 0x29, 0x51, 0x29, 0x29, 0xfc, 0xf8, 0x01, 0x01, 0x28,
  0x14, 0x0b, 0x09, 0x50, 0x01, 0x01, 0x28, 0x13, 0x0b, 0x0a, 0x4f, 0x29,
  0x29, 0x01, 0x41, 0x28, 0x28, 0x51, 0x27, 0x27, 0x4f, 0x01, 0x01, 0x28,
  0x14, 0x0b, 0x09, 0x50, 0x01, 0x01, 0x28, 0x13, 0x0b, 0x0a, 0x4f, 0x29,
  0x29, 0x35, 0x0e, 0x0e, 0x01, 0x01, 0x07, 0x0a, 0x06, 0x08, 0x06, 0x13,
  0x24, 0x09, 0x05, 0x04, 0x05, 0x0c, 0x08, 0x07, 0x08, 0x09, 0x08, 0x09,
  0x06, 0xfd, 0xa7, 0x0d, 0x16, 0x06, 0x04, 0x01, 0x04, 0x07, 0x1b, 0x10,
  0x10, 0x1c, 0x07, 0x04, 0x04, 0x05, 0x15, 0x0c, 0x09, 0x05, 0x09, 0x02,
  0x88, 0xfe, 0xdc, 0x01, 0x3d, 0x1a, 0x24, 0x05, 0x05, 0x0f, 0x21, 0x07,
  0x0b, 0x0b, 0x09, 0x23, 0x13, 0x19, 0x3c, 0x1a, 0x0d, 0x14, 0x0b, 0x16,
  0x13, 0x0a, 0x09, 0x07, 0x19, 0x0c, 0x06, 0x42, 0x27, 0x28, 0x3a, 0x01,
  0x1e, 0x1d, 0x4b, 0x21, 0x21, 0x06, 0x1a, 0x18, 0x02, 0x02, 0x19, 0x19,
  0x13, 0x23, 0x17, 0x11, 0x1d, 0x0d, 0x17, 0x27, 0x0a, 0x09, 0x09, 0x0a,
  0x27, 0x15, 0x03, 0x05, 0x25, 0x19, 0x3e, 0x01, 0x02, 0x48, 0xfe, 0xdc,
  0xf8, 0x03, 0x01, 0x28, 0xcb, 0x66, 0x66, 0x0c, 0x09, 0x09, 0x0b, 0x03,
  0x02, 0x04, 0x08, 0x01, 0x28, 0x01, 0x06, 0x05, 0x26, 0x70, 0x3e, 0x59,
  0x19, 0x0c, 0x05, 0x10, 0x08, 0x13, 0x12, 0x14, 0x09, 0x37, 0x1e, 0x49,
  0x01, 0x28, 0x10, 0x10, 0x29, 0x01, 0xf9, 0x04, 0x18, 0x14, 0x28, 0x14,
  0x14, 0x28, 0x14, 0x14, 0x28, 0x14, 0x14, 0x28, 0x14, 0x14, 0x28, 0x14,
  0x14, 0x28, 0x14, 0x14, 0x28, 0x14, 0x14, 0x28, 0x14, 0x14, 0x28, 0x14,
  0x14, 0x28, 0x14, 0x14, 0x28, 0xfe, 0x3e, 0x01, 0x0b, 0x08, 0x12, 0x29,
  0x01, 0x02, 0x01, 0x0b, 0x08, 0x12, 0x29, 0x01, 0x02, 0x12, 0x14, 0x29,
  0x15, 0x14, 0x29, 0x15, 0x14, 0x29, 0x03, 0x01, 0x0b, 0x08, 0x12, 0x29,
  0x01, 0x02, 0x01, 0x0b, 0x08, 0x12, 0x29, 0x01, 0x02, 0x12, 0x14, 0x29,
  0xd4, 0x07, 0x16, 0x0f, 0x0d, 0x12, 0x0a, 0x06, 0x05, 0x02, 0x06, 0x10,
  0x12, 0x08, 0x1e, 0x08, 0x08, 0x0c, 0x04, 0x03, 0x02, 0x02, 0x03, 0x05,
  0x03, 0x11, 0x0c, 0x0a, 0x1a, 0x09, 0x0f, 0x11, 0x11, 0x0e, 0x09, 0x1c,
  0x09, 0x0c, 0x11, 0x02, 0x02, 0x01, 0x00, 0x00, 0x00, 0x09, 0x00, 0x00,
  0xff, 0xc0, 0x03, 0xcf, 0x03, 0xc0, 0x00, 0x12, 0x00, 0x21, 0x00, 0x6e,
  0x00, 0x8e, 0x00, 0xaa, 0x00, 0xb7, 0x00, 0xcd, 0x00, 0xd3, 0x00, 0xe3,
  0x00, 0x00, 0x01, 0x0f, 0x02, 0x11, 0x1f, 0x02, 0x11, 0x34, 0x35, 0x3c,
  0x01, 0x27, 0x34, 0x31, 0x30, 0x06, 0x07, 0x05, 0x15, 0x07, 0x17, 0x1e,
  0x01, 0x31, 0x3e, 0x01, 0x3f, 0x01, 0x27, 0x11, 0x23, 0x15, 0x01, 0x0e,
  0x01, 0x07, 0x0e, 0x01, 0x17, 0x1e, 0x01, 0x33, 0x32, 0x36, 0x37, 0x3e,
  0x01, 0x17, 0x1e, 0x01, 0x07, 0x0e, 0x01, 0x0f, 0x02, 0x14, 0x06, 0x15,
  0x14, 0x16, 0x37, 0x36, 0x16, 0x17, 0x1e, 0x01, 0x07, 0x0e, 0x01, 0x27,
  0x2e, 0x01, 0x35, 0x34, 0x26, 0x0f, 0x01, 0x15, 0x1e, 0x01, 0x17, 0x16,
  0x32, 0x37, 0x3e, 0x01, 0x37, 0x36, 0x26, 0x27, 0x2e, 0x01, 0x23, 0x22,
  0x36, 0x37, 0x3e, 0x01, 0x37, 0x36, 0x34, 0x27, 0x2e, 0x01, 0x27, 0x2e,
  0x01, 0x07, 0x25, 0x30, 0x06, 0x1d, 0x01, 0x27, 0x2e, 0x01, 0x07, 0x0e,
  0x01, 0x07, 0x0e, 0x01, 0x15, 0x14, 0x16, 0x17, 0x1e, 0x01, 0x37, 0x3e,
  0x01, 0x3f, 0x01, 0x15, 0x33, 0x11, 0x23, 0x2a, 0x01, 0x07, 0x17, 0x15,
  0x33, 0x32, 0x36, 0x37, 0x3e, 0x01, 0x37, 0x36, 0x26, 0x27, 0x2e, 0x01,
  0x2f, 0x01, 0x37, 0x3e, 0x01, 0x27, 0x2e, 0x01, 0x27, 0x2e, 0x01, 0x2f,
  0x01, 0x15, 0x37, 0x1e, 0x01, 0x07, 0x0e, 0x01, 0x23, 0x07, 0x35, 0x33,
  0x1e, 0x01, 0x17, 0x05, 0x1e, 0x01, 0x17, 0x16, 0x06, 0x07, 0x06, 0x26,
  0x27, 0x2e, 0x01, 0x35, 0x34, 0x36, 0x35, 0x31, 0x3e, 0x01, 0x37, 0x36,
  0x16, 0x05, 0x15, 0x33, 0x35, 0x23, 0x15, 0x25, 0x1e, 0x01, 0x15, 0x14,
  0x06, 0x07, 0x0e, 0x01, 0x23, 0x07, 0x35, 0x33, 0x32, 0x16, 0x17, 0x01,
  0x94, 0x6e, 0xc0, 0x08, 0x08, 0xc9, 0xd3, 0x01, 0x40, 0x2d, 0x01, 0x46,
  0x63, 0x49, 0x1e, 0x2c, 0x01, 0x2b, 0x1e, 0x49, 0x60, 0x63, 0xfe, 0x36,
  0x10, 0x18, 0x07, 0x03, 0x06, 0x01, 0x01, 0x26, 0x04, 0x01, 0x02, 0x01,
  0x03, 0x1d, 0x0f, 0x07, 0x07, 0x01, 0x01, 0x0f, 0x0f, 0x0b, 0x02, 0x02,
  0x02, 0x05, 0x08, 0x12, 0x06, 0x10, 0x05, 0x0e, 0x08, 0x18, 0x0b, 0x06,
  0x0c, 0x08, 0x12, 0x17, 0x01, 0x19, 0x11, 0x13, 0x2f, 0x13, 0x09, 0x17,
  0x04, 0x0c, 0x07, 0x12, 0x04, 0x12, 0x02, 0x02, 0x02, 0x05, 0x08, 0x0e,
  0x03, 0x04, 0x05, 0x04, 0x10, 0x08, 0x0e, 0x28, 0x10, 0x01, 0x80, 0x01,
  0x07, 0x10, 0x2c, 0x15, 0x09, 0x16, 0x04, 0x06, 0x05, 0x02, 0x02, 0x0b,
  0x40, 0x20, 0x04, 0x0a, 0x05, 0x09, 0x2f, 0x19, 0x0a, 0x0f, 0x01, 0x66,
  0x31, 0x35, 0x3c, 0x09, 0x12, 0x17, 0x05, 0x04, 0x04, 0x08, 0x04, 0x14,
  0x08, 0x06, 0x08, 0x0e, 0x0e, 0x01, 0x01, 0x1d, 0x17, 0x04, 0x2c, 0x21,
  0x48, 0x8d, 0x0c, 0x03, 0x0a, 0x06, 0x13, 0x1e, 0x26, 0x28, 0x1c, 0x0f,
  0x05, 0xfe, 0xf4, 0x0a, 0x0c, 0x02, 0x02, 0x03, 0x05, 0x0c, 0x34, 0x08,
  0x02, 0x03, 0x01, 0x02, 0x0e, 0x0b, 0x05, 0x14, 0xfd, 0xf0, 0x63, 0x63,
  0x03, 0x12, 0x15, 0x12, 0x05, 0x06, 0x06, 0x14, 0x21, 0x29, 0x1b, 0x0c,
  0x1a, 0x07, 0x03, 0x56, 0x55, 0x01, 0x0a, 0xfe, 0xe0, 0x09, 0x01, 0xa4,
  0x01, 0x42, 0x42, 0x3b, 0x3a, 0x58, 0x19, 0x19, 0x32, 0x23, 0xa2, 0x99,
  0x01, 0x48, 0x1d, 0x2a, 0x01, 0x2a, 0x1d, 0x47, 0x01, 0x01, 0x33, 0x9a,
  0xfe, 0x5a, 0x05, 0x13, 0x0e, 0x08, 0x12, 0x01, 0x01, 0x07, 0x03, 0x03,
  0x11, 0x0f, 0x07, 0x04, 0x0e, 0x0a, 0x0e, 0x0e, 0x03, 0x02, 0x0e, 0x06,
  0x0c, 0x02, 0x04, 0x01, 0x01, 0x02, 0x01, 0x03, 0x0a, 0x2d, 0x0f, 0x09,
  0x03, 0x06, 0x04, 0x11, 0x05, 0x05, 0x02, 0x03, 0x03, 0x08, 0x0e, 0x22,
  0x08, 0x0a, 0x0a, 0x04, 0x17, 0x08, 0x18, 0x31, 0x0f, 0x03, 0x09, 0x03,
  0x03, 0x06, 0x0f, 0x07, 0x09, 0x1c, 0x0a, 0x09, 0x12, 0x04, 0x08, 0x05,
  0x04, 0x01, 0x1c, 0x13, 0x2e, 0x07, 0x0f, 0x06, 0x0a, 0x04, 0x16, 0x09,
  0x0d, 0x17, 0x14, 0x10, 0x0e, 0x09, 0x26, 0x20, 0x10, 0x02, 0x08, 0x04,
  0x0a, 0x1c, 0x01, 0x08, 0x01, 0x83, 0x84, 0x03, 0x03, 0x07, 0x1a, 0x14,
  0x0e, 0x1c, 0x0c, 0x07, 0x10, 0x02, 0x02, 0x06, 0x0a, 0x1b, 0x11, 0x17,
  0x21, 0x05, 0x01, 0x01, 0x01, 0x01, 0x85, 0x53, 0x06, 0x1e, 0x0a, 0x06,
  0x04, 0x01, 0x3e, 0x01, 0x01, 0x03, 0x3e, 0x04, 0x16, 0x11, 0x0f, 0x1a,
  0x09, 0x1a, 0x04, 0x1c, 0x07, 0x10, 0x09, 0x04, 0x08, 0x03, 0x0f, 0x15,
  0x05, 0x03, 0x01, 0x3c, 0x19, 0x32, 0x19, 0x12, 0x02, 0x10, 0x11, 0x09,
  0x0b, 0x05, 0x06, 0x03, 0x01, 0x48, 0x01, 0x01, 0x00, 0x09, 0x00, 0x00,
  0xff, 0xc0, 0x03, 0xe6, 0x03, 0xc0, 0x00, 0x12, 0x00, 0x20, 0x00, 0x73,
  0x00, 0x93, 0x00, 0xb3, 0x00, 0xc1, 0x00, 0xce, 0x00, 0xe5, 0x00, 0xf5,
  0x00, 0x00, 0x01, 0x0f, 0x02, 0x11, 0x1f, 0x02, 0x11, 0x34, 0x35, 0x3c,
  0x01, 0x27, 0x34, 0x31, 0x30, 0x06, 0x07, 0x05, 0x07, 0x17, 0x11, 0x33,
  0x11, 0x33, 0x27, 0x2e, 0x01, 0x31, 0x22, 0x06, 0x07, 0x01, 0x0e, 0x01,
  0x07, 0x0e, 0x01, 0x17, 0x1e, 0x01, 0x33, 0x32, 0x36, 0x37, 0x3e, 0x01,
  0x17, 0x1e, 0x01, 0x07, 0x0e, 0x01, 0x0f, 0x02, 0x0e, 0x01, 0x15, 0x07,
  0x37, 0x36, 0x16, 0x17, 0x1e, 0x01, 0x07, 0x0e, 0x01, 0x27, 0x2e, 0x01,
  0x27, 0x2e, 0x01, 0x23, 0x0e, 0x01, 0x07, 0x0e, 0x01, 0x17, 0x1e, 0x01,
  0x17, 0x16, 0x32, 0x37, 0x3e, 0x01, 0x37, 0x3e, 0x01, 0x27, 0x2e, 0x01,
  0x27, 0x2e, 0x01, 0x23, 0x22, 0x36, 0x37, 0x3e, 0x01, 0x37, 0x36, 0x34,
  0x27, 0x2e, 0x01, 0x27, 0x2e, 0x01, 0x07, 0x25, 0x22, 0x14, 0x1d, 0x01,
  0x27, 0x2e, 0x01, 0x07, 0x0e, 0x01, 0x07, 0x0e, 0x01, 0x07, 0x06, 0x16,
  0x17, 0x1e, 0x01, 0x37, 0x3e, 0x01, 0x3f, 0x01, 0x15, 0x33, 0x11, 0x23,
  0x2a, 0x01, 0x15, 0x17, 0x15, 0x33, 0x32, 0x36, 0x37, 0x3e, 0x01, 0x37,
  0x36, 0x26, 0x27, 0x2e, 0x01, 0x2f, 0x01, 0x37, 0x3e, 0x01, 0x37, 0x36,
  0x26, 0x27, 0x2e, 0x01, 0x27, 0x31, 0x2e, 0x01, 0x2f, 0x01, 0x15, 0x25,
  0x15, 0x07, 0x15, 0x33, 0x15, 0x33, 0x35, 0x33, 0x35, 0x23, 0x35, 0x23,
  0x07, 0x25, 0x1e, 0x01, 0x07, 0x0e, 0x01, 0x23, 0x07, 0x35, 0x33, 0x1e,
  0x01, 0x17, 0x05, 0x1e, 0x01, 0x17, 0x16, 0x06, 0x07, 0x06, 0x26, 0x27,
  0x2e, 0x01, 0x35, 0x3c, 0x01, 0x37, 0x31, 0x3e, 0x01, 0x37, 0x36, 0x16,
  0x17, 0x17, 0x1e, 0x01, 0x07, 0x14, 0x06, 0x07, 0x0e, 0x01, 0x23, 0x07,
  0x35, 0x33, 0x32, 0x16, 0x17, 0x01, 0x94, 0x6e, 0xc0, 0x08, 0x08, 0xc9,
  0xd3, 0x01, 0x40, 0x2d, 0x01, 0x2c, 0x48, 0x5f, 0x61, 0x64, 0x48, 0x1e,
  0x2c, 0x01, 0x2b, 0x1e, 0xfe, 0x66, 0x10, 0x18, 0x06, 0x04, 0x06, 0x01,
  0x01, 0x27, 0x03, 0x01, 0x02, 0x01, 0x03, 0x1f, 0x0e, 0x07, 0x06, 0x01,
  0x01, 0x0f, 0x0f, 0x0a, 0x02, 0x01, 0x01, 0x01, 0x07, 0x09, 0x11, 0x06,
  0x10, 0x05, 0x0e, 0x08, 0x18, 0x0b, 0x06, 0x0b, 0x02, 0x01, 0x01, 0x03,
  0x02, 0x0d, 0x06, 0x14, 0x04, 0x03, 0x05, 0x20, 0x17, 0x09, 0x1e, 0x09,
  0x0c, 0x11, 0x0a, 0x11, 0x0c, 0x07, 0x02, 0x05, 0x06, 0x06, 0x14, 0x05,
  0x01, 0x03, 0x04, 0x08, 0x0e, 0x03, 0x04, 0x05, 0x04, 0x10, 0x08, 0x0d,
  0x29, 0x10, 0x01, 0x81, 0x01, 0x08, 0x10, 0x2c, 0x15, 0x04, 0x0b, 0x05,
  0x0d, 0x0c, 0x01, 0x01, 0x08, 0x08, 0x12, 0x35, 0x1a, 0x03, 0x0b, 0x04,
  0x0a, 0x2e, 0x19, 0x0a, 0x0f, 0x65, 0x31, 0x35, 0x3c, 0x09, 0x12, 0x17,
  0x06, 0x03, 0x04, 0x08, 0x04, 0x14, 0x08, 0x06, 0x09, 0x08, 0x0b, 0x04,
  0x04, 0x01, 0x05, 0x07, 0x19, 0x0f, 0x05, 0x2b, 0x22, 0x48, 0xfd, 0x4e,
  0x46, 0x46, 0x2f, 0x44, 0x44, 0x2e, 0x01, 0x03, 0x3f, 0x0c, 0x04, 0x0b,
  0x06, 0x13, 0x1e, 0x26, 0x28, 0x1c, 0x0f, 0x05, 0xfe, 0xf4, 0x0a, 0x0d,
  0x01, 0x02, 0x03, 0x04, 0x0d, 0x34, 0x08, 0x02, 0x02, 0x01, 0x02, 0x0d,
  0x0b, 0x06, 0x13, 0x06, 0xfc, 0x15, 0x13, 0x01, 0x05, 0x05, 0x07, 0x14,
  0x21, 0x29, 0x1c, 0x0b, 0x1a, 0x07, 0x03, 0x56, 0x55, 0x01, 0x0a, 0xfe,
  0xe0, 0x09, 0x01, 0xa4, 0x01, 0x42, 0x42, 0x3b, 0x3a, 0x58, 0x19, 0x19,
  0x32, 0x23, 0x4e, 0x47, 0x01, 0xfe, 0xcb, 0x01, 0x35, 0x48, 0x1d, 0x2a,
  0x2a, 0x1d, 0xfe, 0x06, 0x05, 0x13, 0x0e, 0x08, 0x12, 0x01, 0x01, 0x07,
  0x03, 0x03, 0x11, 0x0f, 0x08, 0x04, 0x0e, 0x0a, 0x0d, 0x0e, 0x03, 0x02,
  0x0d, 0x06, 0x0c, 0x02, 0x06, 0x01, 0x02, 0x01, 0x03, 0x0a, 0x2d, 0x0f,
  0x09, 0x03, 0x06, 0x04, 0x10, 0x08, 0x04, 0x01, 0x01, 0x01, 0x01, 0x02,
  0x03, 0x09, 0x16, 0x20, 0x06, 0x03, 0x03, 0x03, 0x0a, 0x09, 0x10, 0x2b,
  0x15, 0x07, 0x08, 0x06, 0x07, 0x0c, 0x03, 0x03, 0x06, 0x0f, 0x07, 0x09,
  0x1c, 0x0a, 0x09, 0x12, 0x04, 0x08, 0x05, 0x04, 0x01, 0x1c, 0x13, 0x2e,
  0x07, 0x0f, 0x06, 0x0a, 0x02, 0x09, 0x04, 0x0d, 0x1f, 0x18, 0x16, 0x25,
  0x0c, 0x1b, 0x10, 0x0e, 0x01, 0x08, 0x04, 0x0a, 0x1c, 0x01, 0x08, 0x01,
  0x83, 0x84, 0x03, 0x03, 0x07, 0x1a, 0x14, 0x0e, 0x1c, 0x0c, 0x07, 0x10,
  0x02, 0x02, 0x06, 0x06, 0x0f, 0x0a, 0x0a, 0x1c, 0x0a, 0x0d, 0x13, 0x04,
  0x01, 0x01, 0x01, 0x01, 0x85, 0x38, 0x22, 0x01, 0x2e, 0x44, 0x44, 0x2e,
  0x45, 0x22, 0x1b, 0x06, 0x1e, 0x0a, 0x06, 0x04, 0x01, 0x3e, 0x01, 0x01,
  0x03, 0x3e, 0x04, 0x16, 0x11, 0x0f, 0x1a, 0x09, 0x1a, 0x04, 0x1c, 0x07,
  0x10, 0x09, 0x04, 0x08, 0x03, 0x0f, 0x15, 0x05, 0x03, 0x01, 0x03, 0x27,
  0x02, 0x10, 0x11, 0x09, 0x0b, 0x05, 0x06, 0x03, 0x01, 0x48, 0x01, 0x01,
  0x00, 0x0a, 0x00, 0x00, 0xff, 0xc0, 0x03, 0xda, 0x03, 0xc0, 0x00, 0x12,
  0x00, 0x25, 0x00, 0x58, 0x00, 0x70, 0x00, 0x8f, 0x00, 0xa0, 0x00, 0xb3,
  0x00, 0xc5, 0x00, 0xcb, 0x00, 0xdc, 0x00, 0x00, 0x01, 0x15, 0x07, 0x17,
  0x1e, 0x01, 0x1f, 0x01, 0x37, 0x3e, 0x01, 0x31, 0x34, 0x26, 0x2b, 0x01,
  0x11, 0x23, 0x15, 0x25, 0x0f, 0x02, 0x11, 0x1f, 0x02, 0x11, 0x34, 0x35,
  0x3c, 0x01, 0x27, 0x34, 0x31, 0x30, 0x06, 0x07, 0x03, 0x0e, 0x01, 0x07,
  0x0e, 0x01, 0x15, 0x14, 0x16, 0x17, 0x16, 0x36, 0x37, 0x3e, 0x01, 0x37,
  0x36, 0x26, 0x27, 0x2e, 0x01, 0x0f, 0x01, 0x37, 0x3e, 0x01, 0x37, 0x36,
  0x32, 0x17, 0x1e, 0x01, 0x15, 0x14, 0x16, 0x33, 0x32, 0x36, 0x37, 0x36,
  0x26, 0x27, 0x2e, 0x01, 0x27, 0x2e, 0x01, 0x27, 0x22, 0x06, 0x07, 0x05,
  0x15, 0x27, 0x2e, 0x01, 0x27, 0x26, 0x06, 0x07, 0x0e, 0x01, 0x15, 0x14,
  0x16, 0x17, 0x1e, 0x01, 0x3f, 0x01, 0x15, 0x37, 0x11, 0x27, 0x15, 0x17,
  0x15, 0x37, 0x3e, 0x01, 0x37, 0x3e, 0x01, 0x37, 0x3e, 0x01, 0x27, 0x2e,
  0x01, 0x2f, 0x01, 0x37, 0x3e, 0x01, 0x37, 0x36, 0x26, 0x27, 0x2e, 0x01,
  0x27, 0x2e, 0x01, 0x2f, 0x01, 0x15, 0x37, 0x1e, 0x01, 0x15, 0x14, 0x06,
  0x07, 0x0e, 0x01, 0x07, 0x23, 0x27, 0x35, 0x33, 0x1e, 0x01, 0x17, 0x05,
  0x1e, 0x01, 0x17, 0x16, 0x06, 0x07, 0x0e, 0x01, 0x27, 0x2e, 0x01, 0x37,
  0x3e, 0x01, 0x37, 0x3e, 0x01, 0x17, 0x05, 0x1e, 0x01, 0x17, 0x1e, 0x01,
  0x15, 0x14, 0x06, 0x07, 0x06, 0x26, 0x27, 0x26, 0x36, 0x37, 0x3e, 0x01,
  0x07, 0x15, 0x33, 0x35, 0x23, 0x15, 0x25, 0x1e, 0x01, 0x15, 0x14, 0x06,
  0x07, 0x0e, 0x01, 0x2b, 0x01, 0x27, 0x35, 0x17, 0x32, 0x16, 0x17, 0x02,
  0xc8, 0x91, 0x1f, 0x0d, 0x3e, 0x1e, 0x4b, 0x68, 0x2b, 0x3d, 0x27, 0x1d,
  0x44, 0x8a, 0xfe, 0xcc, 0x6e, 0xc0, 0x08, 0x08, 0xc9, 0xd3, 0x01, 0x40,
  0x2d, 0x73, 0x0b, 0x12, 0x09, 0x11, 0x10, 0x23, 0x23, 0x0e, 0x22, 0x0e,
  0x08, 0x16, 0x05, 0x0c, 0x08, 0x13, 0x14, 0x36, 0x13, 0x06, 0x01, 0x02,
  0x0c, 0x0b, 0x07, 0x12, 0x05, 0x05, 0x08, 0x01, 0x02, 0x04, 0x29, 0x01,
  0x01, 0x07, 0x04, 0x04, 0x13, 0x09, 0x07, 0x0a, 0x0d, 0x0a, 0x0e, 0x04,
  0x01, 0x73, 0x0a, 0x04, 0x0c, 0x04, 0x14, 0x2c, 0x0f, 0x0e, 0x0c, 0x0c,
  0x0d, 0x16, 0x3c, 0x17, 0x09, 0x2f, 0x33, 0x65, 0x4c, 0x3c, 0x22, 0x0c,
  0x07, 0x13, 0x03, 0x09, 0x01, 0x07, 0x05, 0x10, 0x0b, 0x0a, 0x06, 0x07,
  0x0f, 0x03, 0x05, 0x01, 0x04, 0x07, 0x1b, 0x10, 0x03, 0x30, 0x1e, 0x48,
  0x8e, 0x07, 0x06, 0x07, 0x09, 0x06, 0x0d, 0x1c, 0x26, 0x01, 0x29, 0x1d,
  0x0f, 0x04, 0xfe, 0xf3, 0x0a, 0x0b, 0x03, 0x03, 0x02, 0x06, 0x08, 0x24,
  0x0f, 0x0a, 0x08, 0x01, 0x01, 0x03, 0x07, 0x07, 0x1b, 0x0c, 0xfe, 0xcd,
  0x04, 0x05, 0x03, 0x03, 0x02, 0x05, 0x07, 0x0e, 0x21, 0x06, 0x04, 0x01,
  0x04, 0x07, 0x1a, 0xd4, 0x63, 0x63, 0x03, 0x21, 0x0b, 0x0e, 0x07, 0x05,
  0x07, 0x14, 0x20, 0x29, 0x01, 0x29, 0x10, 0x1c, 0x03, 0x02, 0xd4, 0xdd,
  0x01, 0x1e, 0x0c, 0x3d, 0x1e, 0x49, 0x66, 0x2a, 0x3d, 0x01, 0x01, 0x01,
  0xba, 0xdd, 0x82, 0x55, 0x01, 0x0a, 0xfe, 0xe0, 0x09, 0x01, 0xa4, 0x01,
  0x42, 0x42, 0x3b, 0x3a, 0x58, 0x19, 0x19, 0x32, 0x23, 0xfd, 0xb8, 0x03,
  0x0b, 0x09, 0x11, 0x35, 0x29, 0x38, 0x40, 0x09, 0x04, 0x04, 0x06, 0x04,
  0x17, 0x09, 0x1b, 0x3e, 0x13, 0x14, 0x04, 0x10, 0x06, 0x0c, 0x18, 0x1b,
  0x06, 0x03, 0x04, 0x03, 0x0e, 0x04, 0x02, 0x02, 0x05, 0x01, 0x01, 0x16,
  0x06, 0x08, 0x12, 0x04, 0x03, 0x01, 0x01, 0x01, 0x01, 0x2d, 0x2f, 0x09,
  0x03, 0x07, 0x02, 0x07, 0x09, 0x10, 0x0e, 0x23, 0x1b, 0x1b, 0x22, 0x0f,
  0x18, 0x01, 0x16, 0x09, 0x1b, 0x01, 0x01, 0x06, 0x01, 0x2f, 0x55, 0x85,
  0x01, 0x01, 0x03, 0x06, 0x04, 0x13, 0x07, 0x10, 0x23, 0x0f, 0x0a, 0x0f,
  0x05, 0x05, 0x04, 0x04, 0x12, 0x08, 0x0b, 0x1a, 0x0a, 0x0f, 0x15, 0x03,
  0x01, 0x01, 0x01, 0x01, 0x85, 0x53, 0x04, 0x0c, 0x08, 0x0a, 0x0d, 0x04,
  0x03, 0x01, 0x01, 0x1f, 0x1e, 0x01, 0x01, 0x03, 0x3e, 0x04, 0x10, 0x0d,
  0x10, 0x21, 0x0b, 0x12, 0x09, 0x0c, 0x09, 0x1b, 0x17, 0x0f, 0x0d, 0x09,
  0x0a, 0x08, 0x06, 0x18, 0x03, 0x06, 0x06, 0x06, 0x09, 0x0d, 0x11, 0x11,
  0x06, 0x0c, 0x0c, 0x13, 0x0a, 0x1f, 0x09, 0x0e, 0x08, 0x29, 0x19, 0x32,
  0x19, 0x10, 0x03, 0x12, 0x0c, 0x07, 0x0f, 0x04, 0x05, 0x03, 0x24, 0x23,
  0x01, 0x02, 0x01, 0x00, 0x00, 0x0a, 0x00, 0x00, 0xff, 0xc0, 0x03, 0xe6,
  0x03, 0xc0, 0x00, 0x12, 0x00, 0x25, 0x00, 0x58, 0x00, 0x78, 0x00, 0x98,
  0x00, 0xa6, 0x00, 0xb3, 0x00, 0xc5, 0x00, 0xdb, 0x00, 0xeb, 0x00, 0x00,
  0x01, 0x0e, 0x01, 0x07, 0x30, 0x16, 0x3b, 0x01, 0x11, 0x37, 0x13, 0x33,
  0x27, 0x2e, 0x01, 0x23, 0x30, 0x06, 0x07, 0x25, 0x0f, 0x02, 0x11, 0x1f,
  0x02, 0x11, 0x34, 0x35, 0x3c, 0x01, 0x27, 0x34, 0x31, 0x30, 0x06, 0x07,
  0x03, 0x0e, 0x01, 0x07, 0x0e, 0x01, 0x17, 0x1e, 0x01, 0x33, 0x32, 0x36,
  0x37, 0x3e, 0x01, 0x27, 0x2e, 0x01, 0x27, 0x2e, 0x01, 0x27, 0x26, 0x06,
  0x0f, 0x01, 0x35, 0x3e, 0x01, 0x37, 0x3e, 0x01, 0x17, 0x1e, 0x01, 0x17,
  0x1e, 0x01, 0x37, 0x3e, 0x01, 0x31, 0x30, 0x26, 0x27, 0x2e, 0x01, 0x27,
  0x26, 0x22, 0x07, 0x25, 0x22, 0x14, 0x1d, 0x01, 0x27, 0x2e, 0x01, 0x07,
  0x0e, 0x01, 0x07, 0x0e, 0x01, 0x07, 0x06, 0x16, 0x17, 0x1e, 0x01, 0x37,
  0x3e, 0x01, 0x3f, 0x01, 0x15, 0x33, 0x11, 0x23, 0x2a, 0x01, 0x15, 0x17,
  0x15, 0x33, 0x32, 0x36, 0x37, 0x3e, 0x01, 0x37, 0x36, 0x26, 0x27, 0x2e,
  0x01, 0x2f, 0x01, 0x37, 0x3e, 0x01, 0x37, 0x36, 0x26, 0x27, 0x2e, 0x01,
  0x27, 0x31, 0x2e, 0x01, 0x2f, 0x01, 0x15, 0x25, 0x15, 0x07, 0x15, 0x33,
  0x15, 0x33, 0x35, 0x33, 0x35, 0x23, 0x35, 0x23, 0x07, 0x25, 0x1e, 0x01,
  0x07, 0x0e, 0x01, 0x23, 0x07, 0x35, 0x33, 0x1e, 0x01, 0x17, 0x05, 0x1e,
  0x01, 0x17, 0x16, 0x06, 0x07, 0x06, 0x26, 0x27, 0x2e, 0x01, 0x37, 0x3e,
  0x01, 0x37, 0x36, 0x16, 0x05, 0x1e, 0x01, 0x17, 0x1e, 0x01, 0x15, 0x14,
  0x06, 0x07, 0x06, 0x26, 0x27, 0x2e, 0x01, 0x35, 0x34, 0x36, 0x37, 0x3e,
  0x01, 0x17, 0x05, 0x1e, 0x01, 0x15, 0x14, 0x06, 0x07, 0x0e, 0x01, 0x23,
  0x07, 0x35, 0x33, 0x32, 0x16, 0x17, 0x02, 0xa2, 0x2a, 0x3d, 0x01, 0x28,
  0x1c, 0x45, 0x89, 0x01, 0x8e, 0x68, 0x2b, 0x3d, 0x01, 0x3d, 0x2b, 0xfe,
  0xf2, 0x6e, 0xc0, 0x08, 0x08, 0xc9, 0xd3, 0x01, 0x40, 0x2d, 0x63, 0x11,
  0x1c, 0x08, 0x0e, 0x03, 0x0d, 0x0a, 0x2a, 0x1c, 0x12, 0x1e, 0x0b, 0x0e,
  0x0d, 0x02, 0x02, 0x07, 0x04, 0x0a, 0x1c, 0x0f, 0x0f, 0x19, 0x0b, 0x06,
  0x01, 0x06, 0x02, 0x05, 0x1b, 0x0c, 0x05, 0x09, 0x02, 0x01, 0x06, 0x15,
  0x09, 0x0c, 0x01, 0x01, 0x05, 0x19, 0x12, 0x0a, 0x20, 0x0a, 0x01, 0x76,
  0x01, 0x08, 0x10, 0x2c, 0x15, 0x04, 0x0b, 0x05, 0x0d, 0x0c, 0x01, 0x01,
  0x08, 0x08, 0x12, 0x35, 0x1a, 0x03, 0x0b, 0x04, 0x0a, 0x2e, 0x19, 0x0a,
  0x0f, 0x65, 0x31, 0x35, 0x3c, 0x09, 0x12, 0x17, 0x06, 0x03, 0x04, 0x08,
  0x04, 0x14, 0x08, 0x06, 0x09, 0x08, 0x0b, 0x04, 0x04, 0x01, 0x05, 0x07,
  0x19, 0x0f, 0x05, 0x2b, 0x22, 0x48, 0xfd, 0x4e, 0x46, 0x46, 0x2f, 0x44,
  0x44, 0x2e, 0x01, 0x03, 0x3f, 0x0c, 0x04, 0x0b, 0x06, 0x13, 0x1e, 0x26,
  0x28, 0x1c, 0x0f, 0x05, 0xfe, 0xf4, 0x0a, 0x0d, 0x01, 0x03, 0x09, 0x0b,
  0x0b, 0x1d, 0x0b, 0x08, 0x08, 0x03, 0x02, 0x0d, 0x0b, 0x06, 0x13, 0xfe,
  0xcc, 0x06, 0x09, 0x03, 0x03, 0x01, 0x01, 0x03, 0x0b, 0x25, 0x0b, 0x02,
  0x02, 0x02, 0x02, 0x07, 0x17, 0x0b, 0x02, 0x36, 0x15, 0x12, 0x05, 0x05,
  0x07, 0x14, 0x21, 0x29, 0x1c, 0x0b, 0x1a, 0x07, 0x03, 0x4c, 0x29, 0x3d,
  0x01, 0x01, 0xfe, 0x44, 0x01, 0x01, 0xbb, 0x67, 0x2b, 0x3c, 0x3c, 0x2a,
  0x0a, 0x55, 0x01, 0x0a, 0xfe, 0xe0, 0x09, 0x01, 0xa4, 0x01, 0x42, 0x42,
  0x3b, 0x3a, 0x58, 0x19, 0x19, 0x32, 0x23, 0xfd, 0xb7, 0x05, 0x18, 0x10,
  0x1c, 0x65, 0x22, 0x1a, 0x1f, 0x0c, 0x0c, 0x0e, 0x29, 0x15, 0x0c, 0x15,
  0x07, 0x0e, 0x12, 0x02, 0x03, 0x08, 0x09, 0x06, 0x09, 0x0a, 0x1b, 0x04,
  0x0e, 0x0c, 0x05, 0x02, 0x0d, 0x06, 0x05, 0x01, 0x03, 0x01, 0x01, 0x06,
  0x04, 0x14, 0x1b, 0x05, 0x03, 0x03, 0x02, 0x1c, 0x13, 0x2e, 0x07, 0x0f,
  0x06, 0x0a, 0x02, 0x09, 0x04, 0x0d, 0x1f, 0x18, 0x16, 0x25, 0x0c, 0x1b,
  0x10, 0x0e, 0x01, 0x08, 0x04, 0x0a, 0x1c, 0x01, 0x08, 0x01, 0x83, 0x84,
  0x03, 0x03, 0x07, 0x1a, 0x14, 0x0e, 0x1c, 0x0c, 0x07, 0x10, 0x02, 0x02,
  0x06, 0x06, 0x0f, 0x0a, 0x0a, 0x1c, 0x0a, 0x0d, 0x13, 0x04, 0x01, 0x01,
  0x01, 0x01, 0x85, 0x38, 0x22, 0x01, 0x2e, 0x44, 0x44, 0x2e, 0x45, 0x22,
  0x1b, 0x06, 0x1e, 0x0a, 0x06, 0x04, 0x01, 0x3e, 0x01, 0x01, 0x03, 0x3e,
  0x04, 0x16, 0x11, 0x17, 0x21, 0x09, 0x0a, 0x02, 0x0b, 0x09, 0x24, 0x14,
  0x0f, 0x15, 0x05, 0x03, 0x01, 0x18, 0x03, 0x08, 0x06, 0x05, 0x0a, 0x0f,
  0x10, 0x09, 0x06, 0x12, 0x04, 0x15, 0x05, 0x0a, 0x0c, 0x0d, 0x09, 0x05,
  0x0c, 0x0a, 0x05, 0x12, 0x02, 0x10, 0x11, 0x09, 0x0b, 0x05, 0x06, 0x03,
  0x01, 0x48, 0x01, 0x01, 0x00, 0x02, 0x00, 0x00, 0xff, 0xc0, 0x03, 0xf2,
  0x03, 0xc0, 0x00, 0x1f, 0x00, 0x38, 0x00, 0x00, 0x01, 0x0f, 0x01, 0x22,
  0x06, 0x07, 0x0e, 0x01, 0x15, 0x14, 0x16, 0x17, 0x1e, 0x01, 0x33, 0x37,
  0x17, 0x1e, 0x01, 0x17, 0x16, 0x34, 0x11, 0x34, 0x35, 0x3c, 0x01, 0x35,
  0x26, 0x31, 0x30, 0x06, 0x05, 0x07, 0x27, 0x07, 0x17, 0x07, 0x0e, 0x01,
  0x15, 0x14, 0x16, 0x1f, 0x01, 0x37, 0x17, 0x37, 0x27, 0x37, 0x27, 0x2e,
  0x01, 0x23, 0x30, 0x06, 0x07, 0x01, 0x80, 0x80, 0x70, 0x59, 0x1c, 0x03,
  0x01, 0x01, 0x03, 0x09, 0x04, 0x3c, 0x38, 0x72, 0x79, 0x31, 0x49, 0x01,
  0x03, 0x01, 0x4d, 0x01, 0xa3, 0x5b, 0xa0, 0x3f, 0xa0, 0x4f, 0x21, 0x2f,
  0x12, 0x0c, 0x1f, 0xa1, 0xb5, 0x3f, 0xb4, 0xb5, 0x1f, 0x0d, 0x12, 0x01,
  0x36, 0x25, 0x02, 0xc9, 0x63, 0x01, 0x01, 0x06, 0x03, 0x4c, 0x5d, 0x8c,
  0x24, 0x03, 0x01, 0x01, 0x01, 0x5e, 0x26, 0x39, 0x01, 0x01, 0x67, 0x01,
  0x10, 0x4d, 0x44, 0x45, 0x66, 0x1e, 0x1d, 0x3b, 0x9f, 0x5b, 0xa1, 0x3f,
  0xa1, 0x50, 0x21, 0x2f, 0x01, 0x01, 0x13, 0x0d, 0x1e, 0xa1, 0xb5, 0x3f,
  0xb5, 0xb6, 0x1f, 0x0d, 0x12, 0x35, 0x25, 0x00, 0x00, 0x02, 0x00, 0x00,
  0xff, 0xc0, 0x04, 0x00, 0x03, 0xc0, 0x00, 0x05, 0x00, 0x0e, 0x00, 0x00,
  0x09, 0x02, 0x35, 0x09, 0x01, 0x07, 0x11, 0x21, 0x11, 0x21, 0x11, 0x21,
  0x11, 0x01, 0x04, 0x00, 0xfe, 0x00, 0xfe, 0x00, 0x02, 0x00, 0x02, 0x00,
  0x80, 0xff, 0x00, 0xff, 0x00, 0xff, 0x00, 0x01, 0x80, 0x01, 0x72, 0x01,
  0x8d, 0xfe, 0x73, 0xa2, 0x01, 0x8d, 0xfe, 0x73, 0x94, 0xfe, 0x80, 0x01,
  0x00, 0xff, 0x00, 0x01, 0x80, 0x01, 0x20, 0x00, 0x00, 0x02, 0x00, 0x00,
  0xff, 0xc0, 0x04, 0x00, 0x03, 0xc0, 0x00, 0x0c, 0x00, 0x18, 0x00, 0x00,
  0x09, 0x01, 0x17, 0x37, 0x11, 0x21, 0x35, 0x33, 0x15, 0x21, 0x11, 0x17,
  0x37, 0x25, 0x22, 0x26, 0x35, 0x34, 0x36, 0x33, 0x32, 0x16, 0x15, 0x14,
  0x06, 0x02, 0x00, 0xfe, 0x00, 0x60, 0x60, 0x01, 0x00, 0x80, 0x01, 0x00,
  0x60, 0x60, 0xfe, 0x00, 0x1b, 0x25, 0x25, 0x1b, 0x1b, 0x25, 0x25, 0x03,
  0xa0, 0xfe, 0x00, 0x60, 0x60, 0xfe, 0x60, 0xc0, 0xc0, 0x01, 0xa0, 0x60,
  0x60, 0x60, 0x25, 0x1b, 0x1b, 0x25, 0x25, 0x1b, 0x1b, 0x25, 0x00, 0x00,
  0x00, 0x01, 0x00, 0x00, 0xff, 0xc0, 0x04, 0x00, 0x03, 0xc0, 0x00, 0x10,
  0x00, 0x00, 0x01, 0x27, 0x11, 0x23, 0x15, 0x27, 0x01, 0x15, 0x33, 0x11,
  0x21, 0x35, 0x33, 0x15, 0x21, 0x11, 0x33, 0x04, 0x00, 0xc0, 0x80, 0xc0,
  0xfe, 0x00, 0x80, 0x01, 0x40, 0x80, 0x01, 0x40, 0x80, 0x01, 0x60, 0xc0,
  0x01, 0x20, 0xa0, 0xc0, 0xfe, 0x00, 0x20, 0xfe, 0xc0, 0xc0, 0xc0, 0x01,
  0x40, 0x00, 0x00, 0x00, 0x00, 0x09, 0x00, 0x00, 0xff, 0xc0, 0x04, 0x00,
  0x03, 0xc0, 0x00, 0x03, 0x00, 0x07, 0x00, 0x0b, 0x00, 0x0f, 0x00, 0x13,
  0x00, 0x17, 0x00, 0x1b, 0x00, 0x1f, 0x00, 0x27, 0x00, 0x00, 0x17, 0x21,
  0x11, 0x21, 0x05, 0x33, 0x15, 0x23, 0x15, 0x33, 0x15, 0x23, 0x15, 0x33,
  0x15, 0x23, 0x01, 0x33, 0x15, 0x23, 0x15, 0x33, 0x15, 0x23, 0x15, 0x33,
  0x15, 0x23, 0x01, 0x21, 0x15, 0x21, 0x11, 0x33, 0x11, 0x33, 0x11, 0x33,
  0x11, 0x21, 0x00, 0x02, 0x00, 0xfe, 0x00, 0x01, 0x40, 0x80, 0x80, 0x80,
  0x80, 0x80, 0x80, 0xff, 0x00, 0x80, 0x80, 0x80, 0x80, 0x80, 0x80, 0x02,
  0x00, 0x01, 0xc0, 0xfe, 0x40, 0x80, 0xc0, 0x80, 0xfe, 0x40, 0x40, 0x04,
  0x00, 0x80, 0x80, 0x80, 0x80, 0x80, 0x80, 0x02, 0x80, 0x80, 0x80, 0x80,
  0x80, 0x80, 0x01, 0xc0, 0x40, 0xfd, 0x80, 0x01, 0x00, 0xff, 0x00, 0x02,
  0x40, 0x00, 0x00, 0x00, 0x00, 0x07, 0x00, 0x00, 0xff, 0xc0, 0x04, 0x00,
  0x03, 0xc0, 0x00, 0x0b, 0x00, 0x0f, 0x00, 0x13, 0x00, 0x17, 0x00, 0x1b,
  0x00, 0x1f, 0x00, 0x23, 0x00, 0x00, 0x01, 0x35, 0x21, 0x11, 0x14, 0x16,
  0x33, 0x21, 0x32, 0x36, 0x35, 0x11, 0x03, 0x21, 0x11, 0x21, 0x05, 0x21,
  0x15, 0x21, 0x05, 0x21, 0x15, 0x21, 0x15, 0x21, 0x15, 0x21, 0x15, 0x33,
  0x15, 0x23, 0x01, 0x21, 0x11, 0x21, 0x03, 0x80, 0xfc, 0x80, 0x25, 0x1b,
  0x03, 0x60, 0x28, 0x38, 0xc0, 0xfd, 0x00, 0x03, 0x00, 0xfd, 0x40, 0x02,
  0x80, 0xfd, 0x80, 0x01, 0x80, 0x01, 0x00, 0xff, 0x00, 0x01, 0x00, 0xff,
  0x00, 0xc0, 0xc0, 0xfe, 0x80, 0x01, 0x40, 0xfe, 0xc0, 0x02, 0xc0, 0x80,
  0xfd, 0x40, 0x1b, 0x25, 0x38, 0x28, 0x02, 0x20, 0xfd, 0xc0, 0x02, 0x80,
  0x80, 0x40, 0x40, 0x40, 0x40, 0x40, 0x40, 0x40, 0x01, 0x40, 0xfe, 0xc0,
  0x00, 0x03, 0x00, 0x00, 0xff, 0xc0, 0x04, 0x00, 0x03, 0xc0, 0x00, 0x0b,
  0x00, 0x10, 0x00, 0x14, 0x00, 0x00, 0x01, 0x32, 0x16, 0x15, 0x14, 0x06,
  0x0f, 0x01, 0x27, 0x37, 0x3e, 0x01, 0x01, 0x03, 0x25, 0x01, 0x27, 0x17,
  0x01, 0x27, 0x01, 0x03, 0x60, 0x42, 0x5e, 0x11, 0x0f, 0x40, 0xe0, 0x40,
  0x14, 0x31, 0xfc, 0xfb, 0x40, 0x01, 0x20, 0x02, 0x50, 0xe0, 0x3c, 0xfe,
  0x40, 0x38, 0x01, 0xc0, 0x03, 0xc0, 0x5e, 0x42, 0x1b, 0x31, 0x14, 0x40,
  0xe0, 0x40, 0x0f, 0x11, 0xfd, 0x20, 0xfe, 0xe0, 0x40, 0x02, 0x50, 0xe0,
  0xdc, 0xfe, 0x40, 0x38, 0x01, 0xc0, 0x00, 0x00, 0x00, 0x02, 0x00, 0x00,
  0xff, 0xc0, 0x04, 0x00, 0x03, 0xc0, 0x00, 0x04, 0x00, 0x13, 0x00, 0x00,
  0x01, 0x37, 0x01, 0x27, 0x01, 0x03, 0x2e, 0x01, 0x27, 0x13, 0x37, 0x01,
  0x23, 0x01, 0x03, 0x25, 0x01, 0x35, 0x01, 0x07, 0x01, 0x80, 0x80, 0x01,
  0xc0, 0x40, 0xfe, 0x40, 0x9f, 0x17, 0x3b, 0x32, 0x63, 0x80, 0x01, 0x80,
  0xc0, 0xfe, 0x80, 0xc0, 0x02, 0x80, 0x01, 0x80, 0xfe, 0x80, 0x4e, 0x01,
  0x40, 0x40, 0x01, 0xc0, 0x40, 0xfe, 0x40, 0xfe, 0x9d, 0x32, 0x3b, 0x17,
  0x01, 0x11, 0x4e, 0x01, 0x80, 0xfe, 0x80, 0xfd, 0x80, 0xc0, 0x01, 0x80,
  0xc0, 0xfe, 0x80, 0x80, 0x00, 0x01, 0x00, 0x00, 0xff, 0xc0, 0x04, 0x00,
  0x03, 0xc0, 0x00, 0x12, 0x00, 0x00, 0x17, 0x36, 0x37, 0x36, 0x12, 0x37,
  0x36, 0x33, 0x06, 0x07, 0x0e, 0x01, 0x07, 0x06, 0x23, 0x2a, 0x01, 0x31,
  0x03, 0x00, 0x30, 0x57, 0x57, 0xff, 0xa8, 0xa9, 0xd2, 0x63, 0x4b, 0x4b,
  0x83, 0x3e, 0x3e, 0x48, 0x90, 0x30, 0xc0, 0x40, 0x90, 0xb2, 0xb2, 0x01,
  0x38, 0x6a, 0x6a, 0x4f, 0x78, 0x78, 0xe0, 0x51, 0x50, 0xfe, 0xc0, 0x00,
  0x00, 0x02, 0x00, 0x00, 0xff, 0xc0, 0x03, 0xfa, 0x03, 0xc0, 0x00, 0x09,
  0x00, 0x3a, 0x00, 0x00, 0x09, 0x01, 0x26, 0x06, 0x0f, 0x01, 0x01, 0x37,
  0x3e, 0x01, 0x25, 0x05, 0x0e, 0x01, 0x07, 0x38, 0x01, 0x31, 0x06, 0x07,
  0x0e, 0x01, 0x07, 0x06, 0x31, 0x17, 0x01, 0x2e, 0x01, 0x35, 0x34, 0x36,
  0x33, 0x32, 0x16, 0x15, 0x14, 0x06, 0x23, 0x22, 0x26, 0x27, 0x01, 0x17,
  0x30, 0x37, 0x3e, 0x01, 0x37, 0x36, 0x37, 0x38, 0x01, 0x31, 0x3e, 0x01,
  0x37, 0x13, 0x01, 0x03, 0xfa, 0xfe, 0xe2, 0x07, 0x10, 0x04, 0x27, 0x01,
  0x0c, 0x50, 0x08, 0x03, 0xfe, 0x66, 0xfe, 0xf9, 0x0d, 0x14, 0x04, 0x1b,
  0x34, 0x35, 0x69, 0x27, 0x27, 0x39, 0x01, 0x10, 0x04, 0x05, 0x38, 0x28,
  0x28, 0x38, 0x38, 0x28, 0x0b, 0x15, 0x09, 0xfe, 0xf0, 0x39, 0x3a, 0x39,
  0xbe, 0x7a, 0x7a, 0x81, 0x11, 0x0a, 0x02, 0x16, 0xfe, 0xee, 0x02, 0x9c,
  0x01, 0x1e, 0x07, 0x03, 0x08, 0x50, 0xfe, 0xf4, 0x27, 0x04, 0x10, 0xa4,
  0x16, 0x02, 0x0a, 0x11, 0x81, 0x7a, 0x7a, 0xbe, 0x39, 0x3a, 0x39, 0x01,
  0x10, 0x09, 0x15, 0x0b, 0x28, 0x38, 0x38, 0x28, 0x28, 0x38, 0x05, 0x04,
  0xfe, 0xf0, 0x39, 0x27, 0x27, 0x69, 0x35, 0x34, 0x1b, 0x04, 0x14, 0x0d,
  0x01, 0x07, 0x01, 0x12, 0x00, 0x03, 0x00, 0x00, 0xff, 0xc0, 0x04, 0x00,
  0x03, 0xc0, 0x00, 0x14, 0x00, 0x23, 0x00, 0x3d, 0x00, 0x00, 0x01, 0x15,
  0x32, 0x16, 0x17, 0x1e, 0x01, 0x17, 0x1e, 0x01, 0x17, 0x1e, 0x01, 0x15,
  0x33, 0x34, 0x27, 0x2e, 0x01, 0x27, 0x26, 0x07, 0x15, 0x32, 0x16, 0x17,
  0x1e, 0x01, 0x15, 0x33, 0x34, 0x27, 0x2e, 0x01, 0x27, 0x26, 0x17, 0x0f,
  0x01, 0x03, 0x17, 0x37, 0x2e, 0x01, 0x35, 0x34, 0x36, 0x33, 0x32, 0x16,
  0x15, 0x14, 0x06, 0x23, 0x22, 0x26, 0x27, 0x07, 0x17, 0x25, 0x3f, 0x01,
  0x01, 0x80, 0x37, 0x6a, 0x33, 0x30, 0x57, 0x26, 0x25, 0x3b, 0x14, 0x16,
  0x15, 0x60, 0x32, 0x33, 0xad, 0x75, 0x74, 0x85, 0x47, 0x80, 0x32, 0x32,
  0x35, 0x60, 0x23, 0x23, 0x7a, 0x52, 0x51, 0x03, 0x40, 0xe0, 0xc0, 0x19,
  0xe9, 0x01, 0x01, 0x25, 0x1b, 0x1b, 0x25, 0x25, 0x1b, 0x04, 0x09, 0x04,
  0xe8, 0x19, 0x01, 0xa0, 0x40, 0x40, 0x03, 0xc0, 0x60, 0x15, 0x16, 0x14,
  0x3b, 0x25, 0x26, 0x57, 0x30, 0x33, 0x6a, 0x37, 0x85, 0x74, 0x75, 0xad,
  0x33, 0x32, 0xc0, 0x60, 0x35, 0x32, 0x32, 0x80, 0x47, 0x5d, 0x51, 0x52,
  0x7a, 0x23, 0x23, 0xc0, 0x40, 0x40, 0xfe, 0x60, 0x19, 0xe8, 0x04, 0x09,
  0x04, 0x1b, 0x25, 0x25, 0x1b, 0x1b, 0x25, 0x01, 0x01, 0xe9, 0x19, 0xc0,
  0xe0, 0x40, 0x00, 0x00, 0x00, 0x02, 0x00, 0x00, 0xff, 0xc0, 0x03, 0xdb,
  0x03, 0xc0, 0x00, 0x1f, 0x00, 0x25, 0x00, 0x00, 0x01, 0x26, 0x22, 0x0f,
  0x01, 0x27, 0x07, 0x17, 0x01, 0x0e, 0x01, 0x17, 0x31, 0x15, 0x14, 0x16,
  0x3b, 0x01, 0x30, 0x32, 0x33, 0x32, 0x36, 0x37, 0x01, 0x17, 0x37, 0x27,
  0x37, 0x36, 0x34, 0x27, 0x01, 0x23, 0x35, 0x01, 0x17, 0x01, 0x03, 0xdb,
  0x26, 0x6a, 0x26, 0xac, 0x79, 0x88, 0x6b, 0xfe, 0x28, 0x06, 0x06, 0x01,
  0x13, 0x0d, 0xa0, 0x03, 0x01, 0x07, 0x0d, 0x05, 0x01, 0xd9, 0x6a, 0x88,
  0x7a, 0xad, 0x25, 0x25, 0xfc, 0xd2, 0x6d, 0x01, 0xd6, 0x6d, 0xfe, 0x2a,
  0x03, 0x9b, 0x25, 0x25, 0xad, 0x7a, 0x88, 0x6a, 0xfe, 0x27, 0x06, 0x0f,
  0x08, 0xa0, 0x0d, 0x13, 0x05, 0x06, 0x01, 0xd8, 0x6b, 0x88, 0x79, 0xac,
  0x26, 0x6a, 0x26, 0xfc, 0x65, 0x6d, 0x01, 0xd6, 0x6d, 0xfe, 0x2a, 0x00,
  0x00, 0x02, 0x00, 0x00, 0xff, 0xc0, 0x03, 0x78, 0x03, 0xc0, 0x00, 0x2a,
  0x00, 0x44, 0x00, 0x00, 0x01, 0x26, 0x27, 0x2e, 0x01, 0x27, 0x26, 0x27,
  0x06, 0x07, 0x0e, 0x01, 0x07, 0x06, 0x07, 0x06, 0x07, 0x06, 0x16, 0x17,
  0x16, 0x17, 0x16, 0x17, 0x1e, 0x01, 0x17, 0x16, 0x33, 0x32, 0x37, 0x3e,
  0x01, 0x37, 0x36, 0x37, 0x36, 0x37, 0x3e, 0x01, 0x27, 0x26, 0x27, 0x03,
  0x0e, 0x01, 0x23, 0x22, 0x26, 0x27, 0x1e, 0x01, 0x33, 0x32, 0x37, 0x3e,
  0x01, 0x37, 0x36, 0x37, 0x3e, 0x01, 0x27, 0x1e, 0x01, 0x17, 0x1e, 0x01,
  0x07, 0x03, 0x61, 0x19, 0x25, 0x26, 0x5c, 0x35, 0x35, 0x37, 0x37, 0x35,
  0x35, 0x5c, 0x26, 0x25, 0x19, 0x0f, 0x08, 0x08, 0x02, 0x0a, 0x0a, 0x16,
  0x19, 0x24, 0x24, 0x59, 0x32, 0x33, 0x35, 0x35, 0x33, 0x32, 0x59, 0x24,
  0x24, 0x19, 0x16, 0x0a, 0x0a, 0x02, 0x08, 0x08, 0x0f, 0x7e, 0x21, 0x7c,
  0x46, 0x29, 0x4e, 0x21, 0x0a, 0x14, 0x0a, 0x2c, 0x2a, 0x2a, 0x4a, 0x1f,
  0x1e, 0x14, 0x22, 0x03, 0x0d, 0x0b, 0x13, 0x07, 0x11, 0x0c, 0x22, 0x01,
  0xe7, 0x45, 0x41, 0x41, 0x77, 0x36, 0x36, 0x2f, 0x2f, 0x36, 0x36, 0x77,
  0x41, 0x41, 0x45, 0x2b, 0x2c, 0x2c, 0x58, 0x2b, 0x2b, 0x29, 0x2e, 0x26,
  0x26, 0x36, 0x0e, 0x0f, 0x0f, 0x0e, 0x36, 0x26, 0x26, 0x2e, 0x29, 0x2b,
  0x2b, 0x58, 0x2c, 0x2c, 0x2b, 0xfe, 0xe2, 0x3e, 0x4b, 0x1b, 0x18, 0x02,
  0x01, 0x0c, 0x0c, 0x2d, 0x20, 0x1f, 0x27, 0x40, 0x80, 0x35, 0x16, 0x2a,
  0x14, 0x30, 0x82, 0x41, 0x00, 0x02, 0x00, 0x00, 0xff, 0xc0, 0x04, 0x00,
  0x03, 0xc0, 0x00, 0x29, 0x00, 0x2d, 0x00, 0x00, 0x01, 0x11, 0x23, 0x35,
  0x34, 0x26, 0x23, 0x21, 0x22, 0x06, 0x1d, 0x01, 0x14, 0x16, 0x33, 0x21,
  0x32, 0x36, 0x3d, 0x01, 0x33, 0x11, 0x21, 0x15, 0x23, 0x22, 0x06, 0x15,
  0x11, 0x14, 0x16, 0x3b, 0x01, 0x32, 0x36, 0x35, 0x11, 0x34, 0x26, 0x2b,
  0x01, 0x35, 0x01, 0x21, 0x35, 0x21, 0x04, 0x00, 0xc0, 0x26, 0x1a, 0xfd,
  0x40, 0x1a, 0x26, 0x26, 0x1a, 0x02, 0xc0, 0x1a, 0x26, 0x80, 0xfd, 0xc0,
  0x20, 0x0d, 0x13, 0x13, 0x0d, 0x80, 0x0d, 0x13, 0x13, 0x0d, 0x20, 0x01,
  0x40, 0xfd, 0x40, 0x02, 0xc0, 0x01, 0x80, 0x01, 0x80, 0x40, 0x1a, 0x26,
  0x26, 0x1a, 0xc0, 0x1a, 0x26, 0x26, 0x1a, 0x40, 0xff, 0x00, 0x80, 0x13,
  0x0d, 0xfe, 0xc0, 0x0d, 0x13, 0x13, 0x0d, 0x01, 0x40, 0x0d, 0x13, 0x40,
  0x01, 0x80, 0x40, 0x00, 0x00, 0x04, 0x00, 0x00, 0xff, 0xc0, 0x04, 0x00,
  0x03, 0xc0, 0x00, 0x10, 0x00, 0x21, 0x00, 0x2d, 0x00, 0x34, 0x00, 0x00,
  0x01, 0x38, 0x01, 0x31, 0x11, 0x38, 0x01, 0x31, 0x21, 0x38, 0x01, 0x31,
  0x11, 0x38, 0x01, 0x31, 0x21, 0x35, 0x21, 0x22, 0x06, 0x15, 0x11, 0x14,
  0x16, 0x33, 0x21, 0x32, 0x36, 0x35, 0x11, 0x34, 0x26, 0x23, 0x07, 0x14,
  0x06, 0x23, 0x22, 0x26, 0x35, 0x34, 0x36, 0x33, 0x32, 0x16, 0x13, 0x21,
  0x35, 0x13, 0x01, 0x33, 0x37, 0x03, 0xc0, 0xfc, 0x80, 0x03, 0x80, 0xfc,
  0x80, 0x1a, 0x26, 0x26, 0x1a, 0x03, 0x80, 0x1a, 0x26, 0x26, 0x1a, 0x80,
  0x38, 0x28, 0x28, 0x38, 0x38, 0x28, 0x28, 0x38, 0x40, 0xfd, 0x00, 0xe0,
  0x01, 0x00, 0x40, 0xe0, 0x03, 0x40, 0xfd, 0x00, 0x03, 0x00, 0x40, 0x26,
  0x1a, 0xfd, 0x00, 0x1a, 0x26, 0x26, 0x1a, 0x03, 0x00, 0x1a, 0x26, 0xe0,
  0x28, 0x38, 0x38, 0x28, 0x28, 0x38, 0x38, 0xfd, 0xb8, 0x80, 0x01, 0x80,
  0xfe, 0xc0, 0xc0, 0x00, 0x00, 0x05, 0x00, 0x00, 0xff, 0xc0, 0x04, 0x80,
  0x03, 0xc0, 0x00, 0x19, 0x00, 0x2c, 0x00, 0x3c, 0x00, 0x48, 0x00, 0x4f,
  0x00, 0x00, 0x01, 0x23, 0x35, 0x34, 0x26, 0x23, 0x21, 0x22, 0x06, 0x15,
  0x11, 0x14, 0x16, 0x3b, 0x01, 0x15, 0x14, 0x16, 0x33, 0x21, 0x32, 0x36,
  0x35, 0x11, 0x34, 0x26, 0x05, 0x11, 0x23, 0x38, 0x01, 0x31, 0x11, 0x38,
  0x01, 0x31, 0x21, 0x38, 0x01, 0x31, 0x15, 0x21, 0x22, 0x06, 0x15, 0x01,
  0x38, 0x01, 0x31, 0x21, 0x38, 0x01, 0x31, 0x11, 0x38, 0x01, 0x31, 0x21,
  0x38, 0x01, 0x31, 0x07, 0x14, 0x06, 0x23, 0x22, 0x26, 0x35, 0x34, 0x36,
  0x33, 0x32, 0x16, 0x13, 0x21, 0x35, 0x13, 0x01, 0x33, 0x37, 0x04, 0x40,
  0x40, 0x26, 0x1a, 0xfc, 0x80, 0x1a, 0x26, 0x26, 0x1a, 0x40, 0x26, 0x1a,
  0x03, 0x80, 0x1a, 0x26, 0x26, 0xfc, 0x26, 0x40, 0x03, 0x80, 0xfd, 0x00,
  0x1a, 0x26, 0x03, 0xc0, 0xfc, 0x80, 0x03, 0x80, 0x80, 0x38, 0x28, 0x28,
  0x38, 0x38, 0x28, 0x28, 0x38, 0x40, 0xfd, 0x00, 0xe0, 0x01, 0x00, 0x40,
  0xe0, 0x03, 0x40, 0x40, 0x1a, 0x26, 0x26, 0x1a, 0xfd, 0x00, 0x1a, 0x26,
  0x40, 0x1a, 0x26, 0x26, 0x1a, 0x03, 0x00, 0x1a, 0x26, 0x40, 0xfd, 0x80,
  0x03, 0x00, 0x40, 0x26, 0x1a, 0xfd, 0x00, 0x03, 0x00, 0xa0, 0x28, 0x38,
  0x38, 0x28, 0x28, 0x38, 0x38, 0xfd, 0xb8, 0x80, 0x01, 0x80, 0xfe, 0xc0,
  0xc0, 0x00, 0x00, 0x00, 0x00, 0x04, 0x00, 0x00, 0xff, 0xc0, 0x04, 0x00,
  0x03, 0xc0, 0x00, 0x1b, 0x00, 0x33, 0x00, 0x4f, 0x00, 0x53, 0x00, 0x00,
  0x01, 0x14, 0x17, 0x1e, 0x01, 0x17, 0x16, 0x33, 0x32, 0x37, 0x3e, 0x01,
  0x37, 0x36, 0x35, 0x34, 0x27, 0x2e, 0x01, 0x27, 0x26, 0x23, 0x22, 0x07,
  0x0e, 0x01, 0x07, 0x06, 0x01, 0x23, 0x2e, 0x01, 0x23, 0x21, 0x22, 0x06,
  0x07, 0x23, 0x22, 0x06, 0x15, 0x11, 0x14, 0x16, 0x33, 0x21, 0x32, 0x36,
  0x35, 0x11, 0x34, 0x26, 0x01, 0x22, 0x27, 0x2e, 0x01, 0x27, 0x26, 0x35,
  0x34, 0x37, 0x3e, 0x01, 0x37, 0x36, 0x33, 0x32, 0x17, 0x1e, 0x01, 0x17,
  0x16, 0x15, 0x14, 0x07, 0x0e, 0x01, 0x07, 0x06, 0x01, 0x23, 0x35, 0x33,
  0x01, 0x30, 0x10, 0x11, 0x38, 0x26, 0x26, 0x2b, 0x2b, 0x26, 0x26, 0x38,
  0x11, 0x10, 0x10, 0x11, 0x38, 0x26, 0x26, 0x2b, 0x2b, 0x26, 0x26, 0x38,
  0x11, 0x10, 0x02, 0x90, 0xe0, 0x0c, 0x24, 0x30, 0xff, 0x00, 0x30, 0x24,
  0x0c, 0xe0, 0x1a, 0x26, 0x26, 0x1a, 0x03, 0x80, 0x1a, 0x26, 0x26, 0xfe,
  0x26, 0x3b, 0x34, 0x33, 0x4d, 0x17, 0x16, 0x16, 0x17, 0x4d, 0x33, 0x34,
  0x3b, 0x3b, 0x34, 0x33, 0x4d, 0x17, 0x16, 0x16, 0x17, 0x4d, 0x33, 0x34,
  0x01, 0x85, 0x80, 0x80, 0x01, 0x60, 0x2b, 0x26, 0x26, 0x38, 0x11, 0x10,
  0x10, 0x11, 0x38, 0x26, 0x26, 0x2b, 0x2b, 0x26, 0x26, 0x38, 0x11, 0x10,
  0x10, 0x11, 0x38, 0x26, 0x26, 0x01, 0x35, 0x30, 0x50, 0x50, 0x30, 0x26,
  0x1a, 0xfd, 0xc0, 0x1a, 0x26, 0x26, 0x1a, 0x02, 0x40, 0x1a, 0x26, 0xfd,
  0x84, 0x16, 0x17, 0x4d, 0x33, 0x34, 0x3b, 0x3b, 0x34, 0x33, 0x4d, 0x17,
  0x16, 0x16, 0x17, 0x4d, 0x33, 0x34, 0x3b, 0x3b, 0x34, 0x33, 0x4d, 0x17,
  0x16, 0x01, 0xbc, 0x40, 0x00, 0x03, 0x00, 0x00, 0xff, 0xc0, 0x04, 0x00,
  0x03, 0xc0, 0x00, 0x09, 0x00, 0x13, 0x00, 0x58, 0x00, 0x00, 0x01, 0x23,
  0x11, 0x33, 0x32, 0x36, 0x35, 0x11, 0x34, 0x26, 0x21, 0x22, 0x06, 0x15,
  0x11, 0x14, 0x16, 0x3b, 0x01, 0x11, 0x37, 0x34, 0x27, 0x2e, 0x01, 0x27,
  0x26, 0x23, 0x22, 0x07, 0x0e, 0x01, 0x07, 0x06, 0x15, 0x14, 0x16, 0x17,
  0x0e, 0x01, 0x15, 0x14, 0x17, 0x1e, 0x01, 0x17, 0x16, 0x17, 0x11, 0x0e,
  0x01, 0x07, 0x2e, 0x01, 0x35, 0x34, 0x37, 0x3e, 0x01, 0x37, 0x36, 0x33,
  0x32, 0x17, 0x1e, 0x01, 0x17, 0x16, 0x15, 0x14, 0x06, 0x07, 0x2e, 0x01,
  0x27, 0x11, 0x36, 0x37, 0x3e, 0x01, 0x37, 0x36, 0x35, 0x34, 0x26, 0x27,
  0x3e, 0x01, 0x35, 0x01, 0x20, 0x40, 0x40, 0x0d, 0x13, 0x13, 0x01, 0xb3,
  0x0d, 0x13, 0x13, 0x0d, 0x40, 0xe0, 0x28, 0x28, 0x8b, 0x5e, 0x5d, 0x6a,
  0x6a, 0x5d, 0x5e, 0x8b, 0x28, 0x28, 0x10, 0x0f, 0x0f, 0x10, 0x0f, 0x0e,
  0x34, 0x23, 0x23, 0x29, 0x18, 0x2c, 0x14, 0x04, 0x04, 0x21, 0x20, 0x71,
  0x4c, 0x4c, 0x56, 0x56, 0x4c, 0x4c, 0x71, 0x20, 0x21, 0x04, 0x04, 0x14,
  0x2c, 0x18, 0x29, 0x23, 0x23, 0x34, 0x0e, 0x0f, 0x10, 0x0f, 0x0f, 0x10,
  0x01, 0x80, 0xfe, 0x40, 0x13, 0x0d, 0x01, 0x80, 0x0d, 0x13, 0x13, 0x0d,
  0xfe, 0x80, 0x0d, 0x13, 0x01, 0xc0, 0x40, 0x6a, 0x5d, 0x5e, 0x8b, 0x28,
  0x28, 0x28, 0x28, 0x8b, 0x5e, 0x5d, 0x6a, 0x2e, 0x58, 0x29, 0x19, 0x39,
  0x1f, 0x2a, 0x26, 0x26, 0x3b, 0x13, 0x14, 0x06, 0x01, 0xbc, 0x04, 0x10,
  0x0d, 0x14, 0x2a, 0x15, 0x56, 0x4c, 0x4c, 0x71, 0x20, 0x21, 0x21, 0x20,
  0x71, 0x4c, 0x4c, 0x56, 0x15, 0x2a, 0x14, 0x0d, 0x10, 0x04, 0xfe, 0x44,
  0x06, 0x14, 0x13, 0x3b, 0x26, 0x26, 0x2a, 0x1f, 0x39, 0x19, 0x29, 0x58,
  0x2e, 0x00, 0x00, 0x00, 0x00, 0x01, 0x00, 0x00, 0xff, 0xc0, 0x04, 0x00,
  0x03, 0xc0, 0x00, 0x36, 0x00, 0x00, 0x01, 0x33, 0x11, 0x14, 0x07, 0x0e,
  0x01, 0x07, 0x06, 0x23, 0x22, 0x27, 0x2e, 0x01, 0x27, 0x26, 0x35, 0x34,
  0x37, 0x3e, 0x01, 0x37, 0x36, 0x33, 0x32, 0x16, 0x17, 0x11, 0x05, 0x11,
  0x14, 0x07, 0x0e, 0x01, 0x07, 0x06, 0x23, 0x22, 0x27, 0x2e, 0x01, 0x27,
  0x26, 0x35, 0x34, 0x37, 0x3e, 0x01, 0x37, 0x36, 0x33, 0x32, 0x16, 0x17,
  0x11, 0x03, 0xc0, 0x40, 0x12, 0x11, 0x3d, 0x29, 0x29, 0x2e, 0x2e, 0x29,
  0x29, 0x3d, 0x11, 0x12, 0x12, 0x11, 0x3d, 0x29, 0x29, 0x2e, 0x2f, 0x53,
  0x1e, 0xfe, 0x00, 0x12, 0x11, 0x3d, 0x29, 0x29, 0x2e, 0x2e, 0x29, 0x29,
  0x3d, 0x11, 0x12, 0x12, 0x11, 0x3d, 0x29, 0x29, 0x2e, 0x2f, 0x53, 0x1e,
  0x03, 0xc0, 0xfd, 0x20, 0x21, 0x1d, 0x1d, 0x2c, 0x0c, 0x0d, 0x0d, 0x0c,
  0x2c, 0x1d, 0x1d, 0x21, 0x21, 0x1d, 0x1d, 0x2c, 0x0c, 0x0d, 0x1a, 0x16,
  0x01, 0x70, 0x72, 0xfe, 0x12, 0x21, 0x1d, 0x1d, 0x2c, 0x0c, 0x0d, 0x0d,
  0x0c, 0x2c, 0x1d, 0x1d, 0x21, 0x21, 0x1d, 0x1d, 0x2c, 0x0c, 0x0d, 0x1a,
  0x16, 0x02, 0x70, 0x00, 0x00, 0x02, 0x00, 0x00, 0xff, 0xc0, 0x04, 0x00,
  0x03, 0xc0, 0x00, 0x38, 0x00, 0x3c, 0x00, 0x00, 0x01, 0x26, 0x27, 0x2e,
  0x01, 0x27, 0x26, 0x23, 0x22, 0x07, 0x0e, 0x01, 0x07, 0x06, 0x07, 0x06,
  0x07, 0x0e, 0x01, 0x07, 0x06, 0x15, 0x14, 0x17, 0x1e, 0x01, 0x17, 0x16,
  0x17, 0x16, 0x17, 0x1e, 0x01, 0x17, 0x16, 0x33, 0x32, 0x37, 0x3e, 0x01,
  0x37, 0x36, 0x37, 0x36, 0x37, 0x3e, 0x01, 0x37, 0x36, 0x35, 0x34, 0x27,
  0x2e, 0x01, 0x27, 0x26, 0x27, 0x01, 0x11, 0x0d, 0x01, 0x03, 0xd5, 0x36,
  0x38, 0x39, 0x76, 0x3c, 0x3d, 0x3f, 0x3f, 0x3d, 0x3c, 0x76, 0x39, 0x38,
  0x36, 0x0b, 0x07, 0x08, 0x0b, 0x03, 0x03, 0x03, 0x03, 0x0b, 0x08, 0x07,
  0x0b, 0x36, 0x38, 0x39, 0x76, 0x3c, 0x3d, 0x3f, 0x3f, 0x3d, 0x3c, 0x76,
  0x39, 0x38, 0x36, 0x0b, 0x07, 0x08, 0x0b, 0x03, 0x03, 0x03, 0x03, 0x0b,
  0x08, 0x07, 0x0b, 0xfd, 0xab, 0x01, 0x40, 0xfe, 0xc0, 0x03, 0x20, 0x08,
  0x06, 0x06, 0x08, 0x02, 0x02, 0x02, 0x02, 0x08, 0x06, 0x06, 0x08, 0x29,
  0x2a, 0x2a, 0x59, 0x2d, 0x2e, 0x2f, 0x2f, 0x2e, 0x2d, 0x59, 0x2a, 0x2a,
  0x29, 0x08, 0x06, 0x06, 0x08, 0x02, 0x02, 0x02, 0x02, 0x08, 0x06, 0x06,
  0x08, 0x29, 0x2a, 0x2a, 0x59, 0x2d, 0x2e, 0x2f, 0x2f, 0x2e, 0x2d, 0x59,
  0x2a, 0x2a, 0x29, 0xfd, 0xe0, 0x01, 0x80, 0xc0, 0xc0, 0x00, 0x00, 0x00,
  0x00, 0x09, 0x00, 0x00, 0xff, 0xc0, 0x04, 0x00, 0x03, 0xc0, 0x00, 0x03,
  0x00, 0x07, 0x00, 0x0b, 0x00, 0x0f, 0x00, 0x13, 0x00, 0x17, 0x00, 0x1b,
  0x00, 0x1f, 0x00, 0x22, 0x00, 0x00, 0x13, 0x11, 0x21, 0x11, 0x01, 0x23,
  0x35, 0x33, 0x35, 0x23, 0x35, 0x33, 0x35, 0x23, 0x35, 0x33, 0x01, 0x21,
  0x11, 0x21, 0x13, 0x23, 0x35, 0x33, 0x35, 0x23, 0x35, 0x33, 0x35, 0x23,
  0x35, 0x33, 0x05, 0x11, 0x25, 0x00, 0x04, 0x00, 0xfc, 0xc0, 0x80, 0x80,
  0x80, 0x80, 0x80, 0x80, 0x02, 0x40, 0xfe, 0x00, 0x02, 0x00, 0xc0, 0x80,
  0x80, 0x80, 0x80, 0x80, 0x80, 0xfd, 0xc0, 0x01, 0x00, 0x03, 0x40, 0xfd,
  0x00, 0x03, 0x00, 0xfd, 0x40, 0x80, 0x80, 0x80, 0x80, 0x80, 0xfd, 0x80,
  0x02, 0x80, 0xfd, 0x80, 0x80, 0x80, 0x80, 0x80, 0x80, 0x80, 0xfe, 0x80,
  0xc0, 0x00, 0x00, 0x00, 0x00, 0x04, 0x00, 0x00, 0xff, 0xc0, 0x04, 0x00,
  0x03, 0xc0, 0x00, 0x0b, 0x00, 0x17, 0x00, 0x2b, 0x00, 0x2f, 0x00, 0x00,
  0x01, 0x34, 0x36, 0x33, 0x32, 0x16, 0x15, 0x14, 0x06, 0x23, 0x22, 0x26,
  0x25, 0x34, 0x36, 0x33, 0x32, 0x16, 0x15, 0x14, 0x06, 0x23, 0x22, 0x26,
  0x05, 0x35, 0x34, 0x26, 0x23, 0x21, 0x22, 0x06, 0x15, 0x11, 0x14, 0x16,
  0x33, 0x21, 0x32, 0x36, 0x3d, 0x01, 0x05, 0x11, 0x01, 0x21, 0x35, 0x21,
  0x01, 0x80, 0x5e, 0x42, 0x42, 0x5e, 0x5e, 0x42, 0x42, 0x5e, 0xfe, 0x80,
  0x5e, 0x42, 0x42, 0x5e, 0x5e, 0x42, 0x42, 0x5e, 0x03, 0x00, 0x26, 0x1a,
  0xfd, 0x80, 0x1a, 0x26, 0x26, 0x1a, 0x02, 0x80, 0x1a, 0x26, 0x01, 0x00,
  0xfe, 0x80, 0xfe, 0x00, 0x02, 0x00, 0x02, 0xa0, 0x42, 0x5e, 0x5e, 0x42,
  0x42, 0x5e, 0x5e, 0x42, 0x42, 0x5e, 0x5e, 0x42, 0x42, 0x5e, 0x5e, 0xfe,
  0x60, 0x1a, 0x26, 0x26, 0x1a, 0xfe, 0xc0, 0x1a, 0x26, 0x26, 0x1a, 0x60,
  0xa0, 0x01, 0xc0, 0xfe, 0xc0, 0xc0, 0x00, 0x00, 0x00, 0x07, 0x00, 0x00,
  0xff, 0xc0, 0x04, 0x00, 0x03, 0xc0, 0x00, 0x0f, 0x00, 0x1b, 0x00, 0x27,
  0x00, 0x33, 0x00, 0x3f, 0x00, 0x4b, 0x00, 0x5b, 0x00, 0x00, 0x01, 0x21,
  0x22, 0x06, 0x15, 0x11, 0x14, 0x16, 0x33, 0x21, 0x32, 0x36, 0x35, 0x11,
  0x34, 0x26, 0x01, 0x22, 0x26, 0x35, 0x34, 0x36, 0x33, 0x32, 0x16, 0x15,
  0x14, 0x06, 0x03, 0x22, 0x26, 0x35, 0x34, 0x36, 0x33, 0x32, 0x16, 0x15,
  0x14, 0x06, 0x17, 0x22, 0x26, 0x35, 0x34, 0x36, 0x33, 0x32, 0x16, 0x15,
  0x14, 0x06, 0x17, 0x22, 0x26, 0x35, 0x34, 0x36, 0x33, 0x32, 0x16, 0x15,
  0x14, 0x06, 0x03, 0x22, 0x26, 0x35, 0x34, 0x36, 0x33, 0x32, 0x16, 0x15,
  0x14, 0x06, 0x03, 0x2e, 0x01, 0x23, 0x21, 0x22, 0x06, 0x15, 0x11, 0x14,
  0x16, 0x17, 0x11, 0x34, 0x36, 0x33, 0x03, 0x60, 0xfe, 0x00, 0x42, 0x5e,
  0x5e, 0x42, 0x02, 0x00, 0x42, 0x5e, 0x5e, 0xfd, 0xfe, 0x28, 0x38, 0x38,
  0x28, 0x28, 0x38, 0x38, 0x28, 0x28, 0x38, 0x38, 0x28, 0x28, 0x38, 0x38,
  0x98, 0x28, 0x38, 0x38, 0x28, 0x28, 0x38, 0x38, 0x98, 0x28, 0x38, 0x38,
  0x28, 0x28, 0x38, 0x38, 0x28, 0x28, 0x38, 0x38, 0x28, 0x28, 0x38, 0x38,
  0x0b, 0x0b, 0x58, 0x3a, 0xfe, 0x00, 0x42, 0x5e, 0x49, 0x37, 0x26, 0x1a,
  0x03, 0x00, 0x5e, 0x42, 0xfe, 0x00, 0x42, 0x5e, 0x5e, 0x42, 0x02, 0x00,
  0x42, 0x5e, 0xfd, 0x40, 0x38, 0x28, 0x28, 0x38, 0x38, 0x28, 0x28, 0x38,
  0x01, 0x80, 0x38, 0x28, 0x28, 0x38, 0x38, 0x28, 0x28, 0x38, 0xc0, 0x38,
  0x28, 0x28, 0x38, 0x38, 0x28, 0x28, 0x38, 0xc0, 0x38, 0x28, 0x28, 0x38,
  0x38, 0x28, 0x28, 0x38, 0x01, 0x80, 0x38, 0x28, 0x28, 0x38, 0x38, 0x28,
  0x28, 0x38, 0x01, 0x80, 0x37, 0x49, 0x5e, 0x42, 0xfe, 0x00, 0x3a, 0x58,
  0x0b, 0x02, 0x7d, 0x1a, 0x26, 0x00, 0x00, 0x00, 0x00, 0x02, 0x00, 0x00,
  0xff, 0xc0, 0x03, 0xc5, 0x03, 0xc0, 0x00, 0x1d, 0x00, 0x2a, 0x00, 0x00,
  0x01, 0x26, 0x27, 0x2e, 0x01, 0x27, 0x26, 0x23, 0x22, 0x07, 0x0e, 0x01,
  0x07, 0x06, 0x15, 0x14, 0x17, 0x1e, 0x01, 0x17, 0x16, 0x33, 0x32, 0x37,
  0x3e, 0x01, 0x37, 0x36, 0x37, 0x01, 0x13, 0x32, 0x16, 0x15, 0x14, 0x06,
  0x23, 0x22, 0x26, 0x35, 0x34, 0x36, 0x33, 0x03, 0xc5, 0x23, 0x2c, 0x2b,
  0x63, 0x37, 0x37, 0x3a, 0x6a, 0x5d, 0x5e, 0x8b, 0x28, 0x28, 0x28, 0x28,
  0x8b, 0x5e, 0x5d, 0x6a, 0x3a, 0x37, 0x37, 0x63, 0x2b, 0x2c, 0x23, 0xfe,
  0xbb, 0x40, 0x1e, 0x29, 0x29, 0x1e, 0x1e, 0x29, 0x29, 0x1e, 0x03, 0x0d,
  0x29, 0x21, 0x21, 0x2f, 0x0c, 0x0d, 0x28, 0x28, 0x8b, 0x5e, 0x5d, 0x6a,
  0x6a, 0x5d, 0x5e, 0x8b, 0x28, 0x28, 0x0d, 0x0c, 0x2f, 0x21, 0x21, 0x29,
  0x01, 0x4d, 0x01, 0x87, 0x29, 0x1e, 0x1e, 0x29, 0x29, 0x1e, 0x1e, 0x29,
  0x00, 0x01, 0x00, 0x00, 0xff, 0xc0, 0x03, 0xbc, 0x03, 0xc0, 0x00, 0x29,
  0x00, 0x00, 0x01, 0x26, 0x27, 0x2e, 0x01, 0x27, 0x26, 0x27, 0x31, 0x38,
  0x01, 0x39, 0x01, 0x06, 0x07, 0x0e, 0x01, 0x07, 0x06, 0x07, 0x06, 0x07,
  0x06, 0x16, 0x17, 0x16, 0x37, 0x0e, 0x01, 0x07, 0x15, 0x21, 0x35, 0x2e,
  0x01, 0x27, 0x16, 0x37, 0x3e, 0x01, 0x27, 0x26, 0x03, 0x32, 0x49, 0x32,
  0x33, 0x46, 0x16, 0x17, 0x11, 0x11, 0x17, 0x16, 0x46, 0x33, 0x32, 0x49,
  0x7b, 0x0f, 0x0e, 0x6a, 0x63, 0x63, 0x66, 0x0d, 0x51, 0x2e, 0x01, 0x80,
  0x2e, 0x51, 0x0d, 0x66, 0x63, 0x63, 0x6a, 0x0e, 0x0f, 0x02, 0x64, 0x36,
  0x30, 0x31, 0x57, 0x26, 0x27, 0x21, 0x21, 0x27, 0x26, 0x57, 0x31, 0x30,
  0x36, 0x5c, 0x65, 0x64, 0x8b, 0x13, 0x13, 0x47, 0x58, 0x7c, 0x1b, 0x26,
  0x26, 0x1b, 0x7c, 0x58, 0x47, 0x13, 0x13, 0x8b, 0x64, 0x65, 0x00, 0x00,
  0x00, 0x01, 0x00, 0x00, 0xff, 0xc0, 0x03, 0xe2, 0x03, 0xc0, 0x00, 0x5f,
  0x00, 0x00, 0x01, 0x22, 0x06, 0x07, 0x0e, 0x01, 0x07, 0x3e, 0x01, 0x37,
  0x3e, 0x01, 0x35, 0x34, 0x27, 0x2e, 0x01, 0x27, 0x26, 0x23, 0x22, 0x07,
  0x0e, 0x01, 0x07, 0x06, 0x15, 0x14, 0x16, 0x17, 0x1e, 0x01, 0x17, 0x2e,
  0x01, 0x27, 0x2e, 0x01, 0x23, 0x22, 0x07, 0x0e, 0x01, 0x07, 0x06, 0x15,
  0x14, 0x17, 0x1e, 0x01, 0x17, 0x16, 0x33, 0x32, 0x36, 0x37, 0x3e, 0x01,
  0x37, 0x06, 0x07, 0x0e, 0x01, 0x07, 0x06, 0x07, 0x15, 0x21, 0x35, 0x26,
  0x27, 0x2e, 0x01, 0x27, 0x26, 0x27, 0x1e, 0x01, 0x17, 0x1e, 0x01, 0x33,
  0x32, 0x37, 0x3e, 0x01, 0x37, 0x36, 0x35, 0x34, 0x27, 0x2e, 0x01, 0x27,
  0x26, 0x23, 0x03, 0x13, 0x2c, 0x4e, 0x1c, 0x0c, 0x27, 0x17, 0x0b, 0x38,
  0x17, 0x1e, 0x22, 0x10, 0x10, 0x38, 0x25, 0x26, 0x2a, 0x2a, 0x26, 0x25,
  0x38, 0x10, 0x10, 0x22, 0x1e, 0x17, 0x38, 0x0b, 0x17, 0x27, 0x0c, 0x1c,
  0x4e, 0x2c, 0x2b, 0x25, 0x26, 0x38, 0x11, 0x10, 0x10, 0x11, 0x38, 0x26,
  0x25, 0x2b, 0x2c, 0x4e, 0x1c, 0x0d, 0x29, 0x18, 0x01, 0x0d, 0x0c, 0x29,
  0x19, 0x1a, 0x1b, 0x01, 0x80, 0x1b, 0x1a, 0x19, 0x29, 0x0c, 0x0d, 0x01,
  0x18, 0x29, 0x0d, 0x1c, 0x4e, 0x2c, 0x2b, 0x25, 0x26, 0x38, 0x11, 0x10,
  0x10, 0x11, 0x38, 0x26, 0x25, 0x2b, 0x02, 0x37, 0x22, 0x1e, 0x0d, 0x1d,
  0x0d, 0x28, 0x59, 0x16, 0x1d, 0x4e, 0x2d, 0x2b, 0x26, 0x26, 0x38, 0x11,
  0x11, 0x11, 0x11, 0x38, 0x26, 0x26, 0x2b, 0x2d, 0x4e, 0x1d, 0x16, 0x59,
  0x28, 0x0d, 0x1d, 0x0d, 0x1e, 0x22, 0x10, 0x11, 0x38, 0x27, 0x26, 0x2b,
  0x2b, 0x27, 0x26, 0x39, 0x10, 0x10, 0x23, 0x1e, 0x0d, 0x20, 0x0e, 0x38,
  0x2f, 0x30, 0x4c, 0x1c, 0x1c, 0x10, 0x26, 0x26, 0x10, 0x1c, 0x1c, 0x4c,
  0x30, 0x2f, 0x38, 0x0e, 0x20, 0x0d, 0x1e, 0x23, 0x10, 0x10, 0x39, 0x26,
  0x27, 0x2b, 0x2b, 0x26, 0x27, 0x38, 0x11, 0x10, 0x00, 0x01, 0x00, 0x00,
  0xff, 0xc0, 0x03, 0x40, 0x03, 0xc0, 0x00, 0x03, 0x00, 0x00, 0x09, 0x03,
  0x02, 0x00, 0xfe, 0xc0, 0x01, 0x40, 0x01, 0x40, 0x03, 0xc0, 0xfe, 0x00,
  0xfe, 0x00, 0x02, 0x00, 0x00, 0x05, 0x00, 0x00, 0xff, 0xc0, 0x04, 0x00,
  0x03, 0xc0, 0x00, 0x2a, 0x00, 0x4e, 0x00, 0x63, 0x00, 0x6d, 0x00, 0x91,
  0x00, 0x00, 0x01, 0x34, 0x27, 0x2e, 0x01, 0x27, 0x26, 0x27, 0x38, 0x01,
  0x31, 0x23, 0x30, 0x07, 0x0e, 0x01, 0x07, 0x06, 0x07, 0x0e, 0x01, 0x15,
  0x14, 0x16, 0x17, 0x16, 0x17, 0x1e, 0x01, 0x17, 0x16, 0x31, 0x33, 0x30,
  0x34, 0x31, 0x32, 0x37, 0x3e, 0x01, 0x37, 0x36, 0x35, 0x03, 0x22, 0x26,
  0x27, 0x2e, 0x01, 0x27, 0x2e, 0x01, 0x35, 0x34, 0x36, 0x37, 0x3e, 0x01,
  0x37, 0x3e, 0x01, 0x33, 0x32, 0x16, 0x17, 0x1e, 0x01, 0x17, 0x1e, 0x01,
  0x15, 0x14, 0x06, 0x07, 0x0e, 0x01, 0x07, 0x0e, 0x01, 0x01, 0x34, 0x36,
  0x37, 0x0e, 0x01, 0x23, 0x2a, 0x01, 0x31, 0x07, 0x15, 0x17, 0x30, 0x32,
  0x33, 0x32, 0x16, 0x17, 0x2e, 0x01, 0x17, 0x27, 0x13, 0x1e, 0x01, 0x3f,
  0x01, 0x3e, 0x01, 0x27, 0x01, 0x22, 0x26, 0x27, 0x2e, 0x01, 0x27, 0x2e,
  0x01, 0x35, 0x34, 0x36, 0x37, 0x3e, 0x01, 0x37, 0x3e, 0x01, 0x33, 0x32,
  0x16, 0x17, 0x1e, 0x01, 0x17, 0x1e, 0x01, 0x15, 0x14, 0x06, 0x07, 0x0e,
  0x01, 0x07, 0x0e, 0x01, 0x04, 0x00, 0x0a, 0x0b, 0x23, 0x18, 0x18, 0x1b,
  0x53, 0x22, 0x23, 0x7e, 0x57, 0x58, 0x69, 0x06, 0x08, 0x08, 0x06, 0x69,
  0x58, 0x57, 0x7e, 0x23, 0x22, 0x53, 0x1b, 0x18, 0x18, 0x23, 0x0b, 0x0a,
  0x9f, 0x07, 0x0e, 0x04, 0x09, 0x12, 0x08, 0x12, 0x12, 0x12, 0x12, 0x08,
  0x12, 0x09, 0x04, 0x0e, 0x07, 0x07, 0x0e, 0x04, 0x09, 0x12, 0x08, 0x11,
  0x13, 0x13, 0x11, 0x08, 0x12, 0x09, 0x04, 0x0e, 0xfd, 0x94, 0x05, 0x06,
  0x24, 0x42, 0x26, 0x33, 0x11, 0x37, 0x37, 0x11, 0x33, 0x26, 0x42, 0x24,
  0x06, 0x05, 0x74, 0x80, 0x52, 0x03, 0x16, 0x0c, 0x76, 0x0c, 0x09, 0x07,
  0x01, 0x76, 0x03, 0x05, 0x02, 0x03, 0x07, 0x03, 0x07, 0x07, 0x07, 0x07,
  0x03, 0x07, 0x03, 0x02, 0x05, 0x03, 0x03, 0x05, 0x01, 0x04, 0x07, 0x03,
  0x07, 0x07, 0x07, 0x07, 0x03, 0x07, 0x04, 0x01, 0x05, 0x02, 0x13, 0x4b,
  0x42, 0x43, 0x63, 0x1d, 0x1c, 0x01, 0x18, 0x18, 0x41, 0x23, 0x22, 0x16,
  0x22, 0x51, 0x2e, 0x2f, 0x51, 0x22, 0x15, 0x23, 0x22, 0x42, 0x18, 0x18,
  0x01, 0x1d, 0x1d, 0x63, 0x42, 0x42, 0x4c, 0xfe, 0xca, 0x0b, 0x04, 0x0b,
  0x20, 0x15, 0x2e, 0x77, 0x42, 0x42, 0x77, 0x2e, 0x14, 0x21, 0x0a, 0x05,
  0x0b, 0x0b, 0x05, 0x0a, 0x21, 0x14, 0x2e, 0x77, 0x42, 0x42, 0x77, 0x2e,
  0x15, 0x20, 0x0b, 0x04, 0x0b, 0x01, 0x36, 0x27, 0x4b, 0x23, 0x05, 0x05,
  0x5f, 0x58, 0x5f, 0x05, 0x05, 0x23, 0x4b, 0xae, 0x18, 0xfe, 0xbf, 0x0d,
  0x0b, 0x05, 0x30, 0x04, 0x17, 0x0c, 0x01, 0x42, 0x05, 0x01, 0x04, 0x0d,
  0x08, 0x11, 0x2e, 0x1a, 0x19, 0x2e, 0x12, 0x08, 0x0c, 0x04, 0x02, 0x04,
  0x04, 0x02, 0x04, 0x0c, 0x08, 0x12, 0x2e, 0x19, 0x1a, 0x2e, 0x11, 0x08,
  0x0d, 0x04, 0x01, 0x05, 0x00, 0x04, 0x00, 0x00, 0xff, 0xc0, 0x04, 0xfa,
  0x03, 0xc0, 0x00, 0x0e, 0x00, 0x2c, 0x00, 0x59, 0x00, 0x65, 0x00, 0x00,
  0x01, 0x32, 0x16, 0x17, 0x07, 0x2e, 0x01, 0x23, 0x22, 0x06, 0x07, 0x27,
  0x3e, 0x01, 0x33, 0x25, 0x36, 0x37, 0x3e, 0x01, 0x37, 0x36, 0x33, 0x32,
  0x17, 0x1e, 0x01, 0x17, 0x16, 0x17, 0x07, 0x26, 0x27, 0x2e, 0x01, 0x27,
  0x26, 0x23, 0x22, 0x07, 0x0e, 0x01, 0x07, 0x06, 0x07, 0x01, 0x16, 0x17,
  0x1e, 0x01, 0x17, 0x16, 0x17, 0x31, 0x07, 0x26, 0x27, 0x2e, 0x01, 0x27,
  0x26, 0x23, 0x22, 0x07, 0x0e, 0x01, 0x07, 0x06, 0x07, 0x27, 0x36, 0x37,
  0x3e, 0x01, 0x37, 0x36, 0x37, 0x36, 0x37, 0x3e, 0x01, 0x37, 0x36, 0x33,
  0x32, 0x17, 0x1e, 0x01, 0x17, 0x16, 0x01, 0x34, 0x36, 0x33, 0x32, 0x16,
  0x15, 0x14, 0x06, 0x23, 0x22, 0x26, 0x02, 0x80, 0x4f, 0x8c, 0x34, 0x5a,
  0x23, 0x5d, 0x35, 0x35, 0x5d, 0x23, 0x5a, 0x34, 0x8c, 0x4f, 0xfe, 0x3b,
  0x2e, 0x34, 0x34, 0x73, 0x3e, 0x3e, 0x40, 0x40, 0x3e, 0x3e, 0x73, 0x34,
  0x34, 0x2e, 0x5b, 0x24, 0x2a, 0x2a, 0x5c, 0x31, 0x32, 0x33, 0x33, 0x32,
  0x31, 0x5c, 0x2a, 0x2a, 0x24, 0x02, 0xc7, 0x28, 0x26, 0x26, 0x47, 0x21,
  0x22, 0x1f, 0x5b, 0x36, 0x3f, 0x3f, 0x8a, 0x4a, 0x4a, 0x4d, 0x4d, 0x4a,
  0x4a, 0x8a, 0x3f, 0x3f, 0x36, 0x5b, 0x1f, 0x22, 0x21, 0x47, 0x26, 0x26,
  0x28, 0x2a, 0x2a, 0x2b, 0x57, 0x2d, 0x2d, 0x2d, 0x2d, 0x2d, 0x2d, 0x57,
  0x2b, 0x2a, 0xfe, 0x8d, 0x25, 0x1b, 0x1b, 0x25, 0x25, 0x1b, 0x1b, 0x25,
  0x01, 0x80, 0x3c, 0x35, 0x5a, 0x23, 0x28, 0x28, 0x23, 0x5a, 0x35, 0x3c,
  0x45, 0x2d, 0x23, 0x23, 0x2f, 0x0d, 0x0c, 0x0c, 0x0d, 0x2f, 0x23, 0x23,
  0x2d, 0x5b, 0x24, 0x1c, 0x1c, 0x26, 0x0a, 0x0a, 0x0a, 0x0a, 0x26, 0x1c,
  0x1c, 0x24, 0x01, 0xd0, 0x11, 0x15, 0x14, 0x31, 0x1b, 0x1c, 0x1e, 0x5b,
  0x36, 0x2a, 0x2a, 0x3a, 0x0e, 0x0f, 0x0f, 0x0e, 0x3a, 0x2a, 0x2a, 0x36,
  0x5b, 0x1e, 0x1c, 0x1b, 0x31, 0x14, 0x15, 0x11, 0x11, 0x0d, 0x0d, 0x12,
  0x05, 0x04, 0x04, 0x05, 0x12, 0x0d, 0x0d, 0xfc, 0xf5, 0x1b, 0x25, 0x25,
  0x1b, 0x1b, 0x25, 0x25, 0x00, 0x04, 0x00, 0x00, 0xff, 0xc0, 0x04, 0x00,
  0x03, 0xc0, 0x00, 0x1e, 0x00, 0x2d, 0x00, 0x50, 0x00, 0x8b, 0x00, 0x00,
  0x01, 0x34, 0x27, 0x2e, 0x01, 0x27, 0x26, 0x23, 0x22, 0x07, 0x0e, 0x01,
  0x07, 0x06, 0x15, 0x14, 0x17, 0x1e, 0x01, 0x17, 0x16, 0x17, 0x07, 0x21,
  0x27, 0x36, 0x37, 0x3e, 0x01, 0x37, 0x36, 0x05, 0x2e, 0x01, 0x35, 0x34,
  0x36, 0x33, 0x32, 0x16, 0x15, 0x14, 0x06, 0x07, 0x27, 0x07, 0x17, 0x3e,
  0x01, 0x35, 0x34, 0x26, 0x23, 0x22, 0x06, 0x15, 0x14, 0x16, 0x17, 0x07,
  0x2e, 0x01, 0x35, 0x34, 0x37, 0x3e, 0x01, 0x37, 0x36, 0x33, 0x32, 0x17,
  0x1e, 0x01, 0x17, 0x16, 0x15, 0x14, 0x06, 0x07, 0x27, 0x13, 0x27, 0x36,
  0x37, 0x3e, 0x01, 0x37, 0x36, 0x35, 0x34, 0x27, 0x2e, 0x01, 0x27, 0x26,
  0x23, 0x22, 0x07, 0x0e, 0x01, 0x07, 0x06, 0x15, 0x14, 0x17, 0x1e, 0x01,
  0x17, 0x16, 0x17, 0x07, 0x26, 0x27, 0x2e, 0x01, 0x27, 0x26, 0x35, 0x34,
  0x37, 0x3e, 0x01, 0x37, 0x36, 0x33, 0x32, 0x17, 0x1e, 0x01, 0x17, 0x16,
  0x15, 0x14, 0x07, 0x0e, 0x01, 0x07, 0x06, 0x07, 0x04, 0x00, 0x28, 0x28,
  0x8b, 0x5e, 0x5d, 0x6a, 0x6a, 0x5d, 0x5e, 0x8b, 0x28, 0x28, 0x19, 0x18,
  0x59, 0x3d, 0x3e, 0x49, 0x0e, 0x01, 0x80, 0x0e, 0x49, 0x3e, 0x3d, 0x59,
  0x18, 0x19, 0xfd, 0xe7, 0x11, 0x16, 0x25, 0x1b, 0x1b, 0x25, 0x16, 0x11,
  0x19, 0x19, 0x33, 0x2c, 0x3a, 0x4b, 0x35, 0x35, 0x4b, 0x3a, 0x2c, 0x4b,
  0x44, 0x57, 0x14, 0x14, 0x46, 0x2e, 0x2f, 0x35, 0x35, 0x2f, 0x2e, 0x46,
  0x14, 0x14, 0x57, 0x44, 0x4b, 0x96, 0x49, 0x2f, 0x28, 0x28, 0x3a, 0x10,
  0x10, 0x19, 0x19, 0x57, 0x3a, 0x3b, 0x42, 0x42, 0x3b, 0x3a, 0x57, 0x19,
  0x19, 0x10, 0x10, 0x3a, 0x28, 0x28, 0x2f, 0x49, 0x3c, 0x32, 0x32, 0x48,
  0x14, 0x14, 0x23, 0x24, 0x79, 0x52, 0x51, 0x5d, 0x5d, 0x51, 0x52, 0x79,
  0x24, 0x23, 0x14, 0x14, 0x48, 0x32, 0x32, 0x3c, 0x01, 0xc0, 0x6a, 0x5d,
  0x5e, 0x8b, 0x28, 0x28, 0x28, 0x28, 0x8b, 0x5e, 0x5d, 0x6a, 0x53, 0x4b,
  0x4b, 0x7d, 0x2f, 0x30, 0x1b, 0x20, 0x20, 0x1b, 0x30, 0x2f, 0x7d, 0x4b,
  0x4b, 0x28, 0x08, 0x1f, 0x14, 0x1b, 0x25, 0x25, 0x1b, 0x14, 0x1f, 0x08,
  0x3b, 0x3b, 0x02, 0x09, 0x46, 0x2e, 0x35, 0x4b, 0x4b, 0x35, 0x2e, 0x46,
  0x09, 0xae, 0x1d, 0x7f, 0x4f, 0x35, 0x31, 0x30, 0x4a, 0x16, 0x16, 0x16,
  0x16, 0x4a, 0x30, 0x31, 0x35, 0x4f, 0x7f, 0x1d, 0xae, 0xfe, 0xa1, 0xad,
  0x10, 0x1d, 0x1e, 0x4f, 0x30, 0x30, 0x35, 0x42, 0x3b, 0x3a, 0x57, 0x19,
  0x19, 0x19, 0x19, 0x57, 0x3a, 0x3b, 0x42, 0x35, 0x30, 0x30, 0x4f, 0x1e,
  0x1d, 0x10, 0xad, 0x1a, 0x2a, 0x29, 0x6b, 0x3f, 0x40, 0x45, 0x5d, 0x53,
  0x54, 0x7e, 0x25, 0x25, 0x25, 0x25, 0x7e, 0x54, 0x53, 0x5d, 0x45, 0x40,
  0x3f, 0x6b, 0x29, 0x2a, 0x1a, 0x00, 0x00, 0x00, 0x00, 0x05, 0x00, 0x00,
  0xff, 0xc0, 0x04, 0x00, 0x03, 0xc0, 0x00, 0x0b, 0x00, 0x20, 0x00, 0x35,
  0x00, 0x51, 0x00, 0x6d, 0x00, 0x00, 0x01, 0x34, 0x36, 0x33, 0x32, 0x16,
  0x15, 0x14, 0x06, 0x23, 0x22, 0x26, 0x01, 0x16, 0x17, 0x1e, 0x01, 0x17,
  0x16, 0x15, 0x14, 0x07, 0x0e, 0x01, 0x07, 0x06, 0x07, 0x3e, 0x01, 0x35,
  0x34, 0x26, 0x27, 0x01, 0x14, 0x16, 0x17, 0x26, 0x27, 0x2e, 0x01, 0x27,
  0x26, 0x35, 0x34, 0x37, 0x3e, 0x01, 0x37, 0x36, 0x37, 0x0e, 0x01, 0x15,
  0x23, 0x14, 0x17, 0x1e, 0x01, 0x17, 0x16, 0x17, 0x26, 0x27, 0x2e, 0x01,
  0x27, 0x26, 0x35, 0x34, 0x37, 0x3e, 0x01, 0x37, 0x36, 0x37, 0x06, 0x07,
  0x0e, 0x01, 0x07, 0x06, 0x01, 0x16, 0x17, 0x1e, 0x01, 0x17, 0x16, 0x15,
  0x14, 0x07, 0x0e, 0x01, 0x07, 0x06, 0x07, 0x36, 0x37, 0x3e, 0x01, 0x37,
  0x36, 0x35, 0x34, 0x27, 0x2e, 0x01, 0x27, 0x26, 0x01, 0x80, 0x4b, 0x35,
  0x35, 0x4b, 0x4b, 0x35, 0x35, 0x4b, 0x01, 0x18, 0x26, 0x1f, 0x1f, 0x2c,
  0x0c, 0x0c, 0x0c, 0x0c, 0x2c, 0x1f, 0x1f, 0x26, 0x21, 0x27, 0x27, 0x21,
  0xfe, 0x88, 0x27, 0x21, 0x26, 0x1f, 0x1f, 0x2c, 0x0c, 0x0c, 0x0c, 0x0c,
  0x2c, 0x1f, 0x1f, 0x26, 0x21, 0x27, 0xc0, 0x0a, 0x0a, 0x24, 0x1a, 0x1a,
  0x21, 0x36, 0x2b, 0x2c, 0x3e, 0x11, 0x11, 0x11, 0x11, 0x3e, 0x2c, 0x2b,
  0x36, 0x21, 0x1a, 0x1a, 0x24, 0x0a, 0x0a, 0x02, 0xb3, 0x36, 0x2b, 0x2c,
  0x3e, 0x11, 0x11, 0x11, 0x11, 0x3e, 0x2c, 0x2b, 0x36, 0x21, 0x1a, 0x1a,
  0x24, 0x0a, 0x0a, 0x0a, 0x0a, 0x24, 0x1a, 0x1a, 0x01, 0xc0, 0x35, 0x4b,
  0x4b, 0x35, 0x35, 0x4b, 0x4b, 0x01, 0x4e, 0x14, 0x1d, 0x1e, 0x48, 0x2a,
  0x2a, 0x2e, 0x2e, 0x2a, 0x2a, 0x48, 0x1e, 0x1d, 0x14, 0x34, 0x92, 0x53,
  0x53, 0x92, 0x34, 0xfe, 0xe7, 0x53, 0x92, 0x34, 0x14, 0x1d, 0x1e, 0x48,
  0x2a, 0x2a, 0x2e, 0x2e, 0x2a, 0x2a, 0x48, 0x1e, 0x1d, 0x14, 0x34, 0x92,
  0x53, 0x40, 0x3d, 0x3d, 0x6e, 0x30, 0x30, 0x28, 0x22, 0x2f, 0x2e, 0x6f,
  0x3f, 0x3f, 0x44, 0x44, 0x3f, 0x3f, 0x6f, 0x2e, 0x2f, 0x22, 0x28, 0x30,
  0x30, 0x6e, 0x3d, 0x3d, 0x01, 0x70, 0x22, 0x2f, 0x2e, 0x6f, 0x3f, 0x3f,
  0x44, 0x44, 0x3f, 0x3f, 0x6f, 0x2e, 0x2f, 0x22, 0x28, 0x30, 0x30, 0x6e,
  0x3d, 0x3d, 0x40, 0x40, 0x3d, 0x3d, 0x6e, 0x30, 0x30, 0x00, 0x00, 0x00,
  0x00, 0x02, 0x00, 0x00, 0xff, 0xc0, 0x03, 0x00, 0x03, 0xc0, 0x00, 0x0d,
  0x00, 0x36, 0x00, 0x00, 0x01, 0x32, 0x36, 0x35, 0x11, 0x34, 0x26, 0x23,
  0x22, 0x06, 0x15, 0x11, 0x14, 0x16, 0x01, 0x15, 0x14, 0x07, 0x0e, 0x01,
  0x07, 0x06, 0x23, 0x22, 0x27, 0x2e, 0x01, 0x27, 0x26, 0x3d, 0x01, 0x23,
  0x15, 0x14, 0x17, 0x1e, 0x01, 0x17, 0x16, 0x17, 0x15, 0x23, 0x15, 0x21,
  0x35, 0x23, 0x35, 0x36, 0x37, 0x3e, 0x01, 0x37, 0x36, 0x3d, 0x01, 0x01,
  0xe0, 0x42, 0x5e, 0x5e, 0x42, 0x42, 0x5e, 0x5e, 0x01, 0x22, 0x12, 0x11,
  0x3d, 0x29, 0x29, 0x2e, 0x2e, 0x29, 0x29, 0x3d, 0x11, 0x12, 0x40, 0x14,
  0x14, 0x45, 0x2e, 0x2f, 0x36, 0x80, 0x01, 0x40, 0x80, 0x36, 0x2f, 0x2e,
  0x45, 0x14, 0x14, 0x01, 0x00, 0x5e, 0x42, 0x01, 0x80, 0x42, 0x5e, 0x5e,
  0x42, 0xfe, 0x80, 0x42, 0x5e, 0x01, 0x00, 0x60, 0x2e, 0x29, 0x29, 0x3d,
  0x11, 0x12, 0x12, 0x11, 0x3d, 0x29, 0x29, 0x2e, 0x60, 0x60, 0x38, 0x31,
  0x31, 0x4d, 0x19, 0x18, 0x06, 0x82, 0x40, 0x40, 0x82, 0x06, 0x18, 0x19,
  0x4d, 0x31, 0x31, 0x38, 0x60, 0x00, 0x00, 0x00, 0x00, 0x02, 0x00, 0x00,
  0xff, 0xc0, 0x03, 0xc0, 0x03, 0xc0, 0x00, 0x14, 0x00, 0x26, 0x00, 0x00,
  0x01, 0x11, 0x21, 0x22, 0x26, 0x35, 0x34, 0x36, 0x33, 0x21, 0x11, 0x21,
  0x22, 0x06, 0x15, 0x11, 0x14, 0x16, 0x33, 0x21, 0x11, 0x01, 0x31, 0x38,
  0x01, 0x31, 0x22, 0x06, 0x15, 0x14, 0x16, 0x33, 0x38, 0x01, 0x39, 0x01,
  0x21, 0x35, 0x21, 0x03, 0x80, 0xfd, 0x60, 0x28, 0x38, 0x38, 0x28, 0x02,
  0x60, 0xfd, 0x80, 0x35, 0x4b, 0x4b, 0x35, 0x03, 0x00, 0xfd, 0x20, 0x0d,
  0x13, 0x13, 0x0d, 0x02, 0x60, 0xfd, 0xa0, 0x03, 0x40, 0xfc, 0xc0, 0x38,
  0x28, 0x28, 0x38, 0x03, 0x00, 0x4b, 0x35, 0xfd, 0x00, 0x35, 0x4b, 0x03,
  0x80, 0xfd, 0x40, 0x13, 0x0d, 0x0d, 0x13, 0x40, 0x00, 0x05, 0x00, 0x00,
  0xff, 0xc0, 0x04, 0x48, 0x03, 0xc0, 0x00, 0x0f, 0x00, 0x13, 0x00, 0x23,
  0x00, 0x27, 0x00, 0x38, 0x00, 0x00, 0x13, 0x23, 0x22, 0x06, 0x15, 0x11,
  0x14, 0x16, 0x3b, 0x01, 0x32, 0x36, 0x35, 0x11, 0x34, 0x26, 0x07, 0x23,
  0x35, 0x33, 0x25, 0x23, 0x22, 0x06, 0x15, 0x11, 0x14, 0x16, 0x3b, 0x01,
  0x32, 0x36, 0x35, 0x11, 0x34, 0x26, 0x07, 0x23, 0x35, 0x33, 0x37, 0x07,
  0x0e, 0x01, 0x17, 0x01, 0x1e, 0x01, 0x3f, 0x01, 0x3e, 0x01, 0x27, 0x01,
  0x2e, 0x01, 0x07, 0xe0, 0xc0, 0x0d, 0x13, 0x13, 0x0d, 0xc0, 0x0d, 0x13,
  0x13, 0x2d, 0x80, 0x80, 0x01, 0x60, 0xc0, 0x0d, 0x13, 0x13, 0x0d, 0xc0,
  0x0d, 0x13, 0x13, 0x2d, 0x80, 0x80, 0xfd, 0xab, 0x0c, 0x08, 0x05, 0x01,
  0x20, 0x06, 0x1a, 0x0b, 0xac, 0x0c, 0x08, 0x06, 0xfe, 0xe0, 0x06, 0x19,
  0x0c, 0x03, 0x40, 0x13, 0x0d, 0xfd, 0x40, 0x0d, 0x13, 0x13, 0x0d, 0x02,
  0xc0, 0x0d, 0x13, 0xc0, 0x40, 0x80, 0x13, 0x0d, 0xfd, 0x40, 0x0d, 0x13,
  0x13, 0x0d, 0x02, 0xc0, 0x0d, 0x13, 0xc0, 0x40, 0x4f, 0x57, 0x06, 0x19,
  0x0c, 0xfd, 0xc5, 0x0c, 0x09, 0x06, 0x57, 0x06, 0x19, 0x0c, 0x02, 0x3b,
  0x0c, 0x08, 0x05, 0x00, 0x00, 0x02, 0x00, 0x00, 0xff, 0xc0, 0x04, 0x40,
  0x03, 0xc0, 0x00, 0x27, 0x00, 0x2d, 0x00, 0x00, 0x25, 0x35, 0x23, 0x11,
  0x33, 0x35, 0x23, 0x15, 0x33, 0x11, 0x23, 0x11, 0x33, 0x35, 0x23, 0x15,
  0x33, 0x11, 0x23, 0x11, 0x33, 0x35, 0x23, 0x15, 0x33, 0x11, 0x23, 0x11,
  0x33, 0x35, 0x23, 0x15, 0x33, 0x11, 0x23, 0x15, 0x23, 0x15, 0x21, 0x35,
  0x01, 0x33, 0x01, 0x15, 0x21, 0x35, 0x04, 0x00, 0x40, 0x40, 0xc0, 0x40,
  0xc0, 0x40, 0xc0, 0x40, 0xc0, 0x40, 0xc0, 0x40, 0xc0, 0x40, 0xc0, 0x40,
  0x40, 0x40, 0x04, 0x40, 0xfd, 0xc0, 0x40, 0x02, 0x00, 0xfb, 0xc0, 0x00,
  0x40, 0x01, 0x80, 0x40, 0x40, 0xfe, 0x80, 0x01, 0x80, 0x40, 0x40, 0xfe,
  0x80, 0x01, 0x80, 0x40, 0x40, 0xfe, 0x80, 0x01, 0x80, 0x40, 0x40, 0xfe,
  0x80, 0x40, 0x40, 0x40, 0x03, 0xc0, 0xfe, 0xc0, 0x40, 0x40, 0x00, 0x00,
  0x00, 0x06, 0x00, 0x00, 0xff, 0xc0, 0x03, 0xc0, 0x03, 0xc0, 0x00, 0x0f,
  0x00, 0x13, 0x00, 0x17, 0x00, 0x1b, 0x00, 0x1f, 0x00, 0x23, 0x00, 0x00,
  0x01, 0x21, 0x22, 0x06, 0x15, 0x11, 0x14, 0x16, 0x33, 0x21, 0x32, 0x36,
  0x35, 0x11, 0x34, 0x26, 0x03, 0x21, 0x11, 0x21, 0x01, 0x21, 0x15, 0x21,
  0x15, 0x21, 0x15, 0x21, 0x15, 0x21, 0x15, 0x21, 0x11, 0x21, 0x15, 0x21,
  0x03, 0x60, 0xfd, 0x00, 0x28, 0x38, 0x38, 0x28, 0x03, 0x00, 0x28, 0x38,
  0x38, 0x48, 0xfd, 0x40, 0x02, 0xc0, 0xfd, 0xc0, 0x01, 0xc0, 0xfe, 0x40,
  0x01, 0xc0, 0xfe, 0x40, 0x01, 0xc0, 0xfe, 0x40, 0x01, 0xc0, 0xfe, 0x40,
  0x03, 0xc0, 0x38, 0x28, 0xfc, 0xc0, 0x28, 0x38, 0x38, 0x28, 0x03, 0x40,
  0x28, 0x38, 0xfc, 0x80, 0x03, 0x00, 0xfe, 0xc0, 0x40, 0x40, 0x40, 0x40,
  0x40, 0x01, 0xc0, 0x40, 0x00, 0x06, 0x00, 0x00, 0xff, 0xc0, 0x03, 0xc0,
  0x03, 0xc0, 0x00, 0x0f, 0x00, 0x13, 0x00, 0x17, 0x00, 0x1b, 0x00, 0x27,
  0x00, 0x31, 0x00, 0x00, 0x01, 0x21, 0x22, 0x06, 0x15, 0x11, 0x14, 0x16,
  0x33, 0x21, 0x32, 0x36, 0x35, 0x11, 0x34, 0x26, 0x03, 0x21, 0x11, 0x21,
  0x01, 0x21, 0x15, 0x21, 0x15, 0x21, 0x15, 0x21, 0x13, 0x34, 0x36, 0x33,
  0x32, 0x16, 0x15, 0x14, 0x06, 0x23, 0x22, 0x26, 0x17, 0x23, 0x22, 0x06,
  0x1d, 0x01, 0x21, 0x35, 0x34, 0x26, 0x03, 0x60, 0xfd, 0x00, 0x28, 0x38,
  0x38, 0x28, 0x03, 0x00, 0x28, 0x38, 0x38, 0x48, 0xfd, 0x40, 0x02, 0xc0,
  0xfd, 0xc0, 0x01, 0xc0, 0xfe, 0x40, 0x01, 0xc0, 0xfe, 0x40, 0x40, 0x38,
  0x28, 0x28, 0x38, 0x38, 0x28, 0x28, 0x38, 0xa0, 0x80, 0x28, 0x38, 0x01,
  0x40, 0x38, 0x03, 0xc0, 0x38, 0x28, 0xfc, 0xc0, 0x28, 0x38, 0x38, 0x28,
  0x03, 0x40, 0x28, 0x38, 0xfc, 0x80, 0x03, 0x00, 0xfe, 0x40, 0x40, 0x40,
  0x40, 0x01, 0xe0, 0x28, 0x38, 0x38, 0x28, 0x28, 0x38, 0x38, 0x38, 0x26,
  0x1a, 0x40, 0x40, 0x1a, 0x26, 0x00, 0x00, 0x00, 0x00, 0x03, 0x00, 0x00,
  0xff, 0xc0, 0x03, 0xc0, 0x03, 0xc0, 0x00, 0x19, 0x00, 0x21, 0x00, 0x39,
  0x00, 0x00, 0x01, 0x2e, 0x01, 0x27, 0x2e, 0x01, 0x27, 0x2e, 0x01, 0x23,
  0x21, 0x22, 0x06, 0x15, 0x11, 0x14, 0x16, 0x33, 0x21, 0x32, 0x36, 0x35,
  0x11, 0x34, 0x26, 0x27, 0x27, 0x1e, 0x01, 0x17, 0x23, 0x35, 0x1e, 0x01,
  0x13, 0x14, 0x06, 0x23, 0x21, 0x22, 0x26, 0x35, 0x11, 0x34, 0x36, 0x33,
  0x30, 0x33, 0x3a, 0x01, 0x33, 0x32, 0x31, 0x15, 0x14, 0x16, 0x3b, 0x01,
  0x03, 0x96, 0x11, 0x2d, 0x19, 0x1a, 0x33, 0x17, 0x27, 0x29, 0x0b, 0xfe,
  0x10, 0x21, 0x2f, 0x2f, 0x21, 0x02, 0xe0, 0x21, 0x2f, 0x0e, 0x1c, 0x85,
  0x17, 0x25, 0x0d, 0x9a, 0x11, 0x29, 0x86, 0x09, 0x07, 0xfd, 0x20, 0x07,
  0x09, 0x09, 0x07, 0x4d, 0x4e, 0xba, 0x4d, 0x4e, 0x13, 0x0d, 0xe0, 0x02,
  0xdb, 0x17, 0x33, 0x1a, 0x19, 0x2d, 0x11, 0x1c, 0x0e, 0x2f, 0x21, 0xfc,
  0xa0, 0x21, 0x2f, 0x2f, 0x21, 0x02, 0x70, 0x0b, 0x29, 0x27, 0x36, 0x17,
  0x29, 0x11, 0x9a, 0x0d, 0x25, 0xfc, 0xe8, 0x07, 0x09, 0x09, 0x07, 0x03,
  0x60, 0x07, 0x09, 0xe0, 0x0d, 0x13, 0x00, 0x00, 0x00, 0x04, 0x00, 0x00,
  0xff, 0xc0, 0x03, 0xc0, 0x03, 0xc0, 0x00, 0x19, 0x00, 0x22, 0x00, 0x3a,
  0x00, 0x4d, 0x00, 0x00, 0x01, 0x2e, 0x01, 0x27, 0x2e, 0x01, 0x27, 0x2e,
  0x01, 0x23, 0x21, 0x22, 0x06, 0x15, 0x11, 0x14, 0x16, 0x33, 0x21, 0x32,
  0x36, 0x35, 0x11, 0x34, 0x26, 0x27, 0x27, 0x1e, 0x01, 0x17, 0x23, 0x35,
  0x1e, 0x01, 0x17, 0x13, 0x14, 0x06, 0x23, 0x21, 0x22, 0x26, 0x35, 0x11,
  0x34, 0x36, 0x33, 0x30, 0x33, 0x3a, 0x01, 0x33, 0x32, 0x31, 0x15, 0x14,
  0x16, 0x3b, 0x01, 0x01, 0x2e, 0x01, 0x23, 0x21, 0x22, 0x06, 0x15, 0x11,
  0x14, 0x16, 0x17, 0x11, 0x34, 0x36, 0x33, 0x21, 0x2e, 0x01, 0x03, 0x96,
  0x11, 0x2d, 0x19, 0x1a, 0x33, 0x17, 0x27, 0x29, 0x0b, 0xfe, 0x90, 0x21,
  0x2f, 0x2f, 0x21, 0x02, 0x60, 0x21, 0x2f, 0x0e, 0x1c, 0x85, 0x17, 0x25,
  0x0d, 0x9a, 0x11, 0x29, 0x17, 0x6f, 0x09, 0x07, 0xfd, 0xa0, 0x07, 0x09,
  0x09, 0x07, 0x39, 0x3a, 0x8a, 0x39, 0x3a, 0x13, 0x0d, 0xe0, 0xfe, 0xdb,
  0x27, 0x29, 0x0b, 0xfe, 0x90, 0x21, 0x2f, 0x25, 0x1b, 0x09, 0x07, 0x01,
  0xe7, 0x07, 0x0e, 0x02, 0x5b, 0x17, 0x33, 0x1a, 0x19, 0x2d, 0x11, 0x1c,
  0x0e, 0x2f, 0x21, 0xfd, 0x20, 0x21, 0x2f, 0x2f, 0x21, 0x01, 0xf0, 0x0b,
  0x29, 0x27, 0x36, 0x17, 0x29, 0x11, 0x9a, 0x0d, 0x25, 0x17, 0xfd, 0x7f,
  0x07, 0x09, 0x09, 0x07, 0x02, 0xe0, 0x07, 0x09, 0xe0, 0x0d, 0x13, 0x01,
  0x96, 0x1c, 0x0e, 0x2f, 0x21, 0xfd, 0x20, 0x1d, 0x2c, 0x05, 0x03, 0x2e,
  0x07, 0x09, 0x06, 0x0b, 0x00, 0x06, 0x00, 0x00, 0xff, 0xc0, 0x03, 0xc0,
  0x03, 0xc0, 0x00, 0x19, 0x00, 0x21, 0x00, 0x39, 0x00, 0x47, 0x00, 0x55,
  0x00, 0x63, 0x00, 0x00, 0x01, 0x2e, 0x01, 0x27, 0x2e, 0x01, 0x27, 0x2e,
  0x01, 0x23, 0x21, 0x22, 0x06, 0x15, 0x11, 0x14, 0x16, 0x33, 0x21, 0x32,
  0x36, 0x35, 0x11, 0x34, 0x26, 0x27, 0x27, 0x1e, 0x01, 0x17, 0x23, 0x35,
  0x1e, 0x01, 0x13, 0x14, 0x06, 0x23, 0x21, 0x22, 0x26, 0x35, 0x11, 0x34,
  0x36, 0x33, 0x30, 0x33, 0x3a, 0x01, 0x33, 0x32, 0x31, 0x15, 0x14, 0x16,
  0x3b, 0x01, 0x03, 0x21, 0x22, 0x26, 0x35, 0x34, 0x36, 0x33, 0x21, 0x32,
  0x16, 0x15, 0x14, 0x06, 0x27, 0x21, 0x22, 0x26, 0x35, 0x34, 0x36, 0x33,
  0x21, 0x32, 0x16, 0x15, 0x14, 0x06, 0x27, 0x21, 0x22, 0x26, 0x35, 0x34,
  0x36, 0x33, 0x21, 0x32, 0x16, 0x15, 0x14, 0x06, 0x03, 0x96, 0x11, 0x2d,
  0x19, 0x1a, 0x33, 0x17, 0x27, 0x29, 0x0b, 0xfe, 0x10, 0x21, 0x2f, 0x2f,
  0x21, 0x02, 0xe0, 0x21, 0x2f, 0x0e, 0x1c, 0x85, 0x17, 0x25, 0x0d, 0x9a,
  0x11, 0x29, 0x86, 0x09, 0x07, 0xfd, 0x20, 0x07, 0x09, 0x09, 0x07, 0x4d,
  0x4e, 0xba, 0x4d, 0x4e, 0x13, 0x0d, 0xe0, 0xa0, 0xfe, 0x40, 0x0d, 0x13,
  0x13, 0x0d, 0x01, 0xc0, 0x0d, 0x13, 0x13, 0x0d, 0xfe, 0x40, 0x0d, 0x13,
  0x13, 0x0d, 0x01, 0xc0, 0x0d, 0x13, 0x13, 0x0d, 0xfe, 0x40, 0x0d, 0x13,
  0x13, 0x0d, 0x01, 0xc0, 0x0d, 0x13, 0x13, 0x02, 0xdb, 0x17, 0x33, 0x1a,
  0x19, 0x2d, 0x11, 0x1c, 0x0e, 0x2f, 0x21, 0xfc, 0xa0, 0x21, 0x2f, 0x2f,
  0x21, 0x02, 0x70, 0x0b, 0x29, 0x27, 0x36, 0x17, 0x29, 0x11, 0x9a, 0x0d,
  0x25, 0xfc, 0xe8, 0x07, 0x09, 0x09, 0x07, 0x03, 0x60, 0x07, 0x09, 0xe0,
  0x0d, 0x13, 0xfe, 0x00, 0x13, 0x0d, 0x0d, 0x13, 0x13, 0x0d, 0x0d, 0x13,
  0x80, 0x13, 0x0d, 0x0d, 0x13, 0x13, 0x0d, 0x0d, 0x13, 0x80, 0x13, 0x0d,
  0x0d, 0x13, 0x13, 0x0d, 0x0d, 0x13, 0x00, 0x00, 0x00, 0x05, 0x00, 0x00,
  0xff, 0xc0, 0x03, 0xc0, 0x03, 0xc0, 0x00, 0x05, 0x00, 0x11, 0x00, 0x2b,
  0x00, 0x33, 0x00, 0x4b, 0x00, 0x00, 0x25, 0x21, 0x35, 0x13, 0x01, 0x37,
  0x35, 0x14, 0x06, 0x23, 0x22, 0x26, 0x35, 0x34, 0x36, 0x33, 0x32, 0x16,
  0x37, 0x2e, 0x01, 0x27, 0x2e, 0x01, 0x27, 0x2e, 0x01, 0x23, 0x21, 0x22,
  0x06, 0x15, 0x11, 0x14, 0x16, 0x33, 0x21, 0x32, 0x36, 0x35, 0x11, 0x34,
  0x26, 0x27, 0x27, 0x1e, 0x01, 0x17, 0x23, 0x35, 0x1e, 0x01, 0x13, 0x14,
  0x06, 0x23, 0x21, 0x22, 0x26, 0x35, 0x11, 0x34, 0x36, 0x33, 0x30, 0x33,
  0x3a, 0x01, 0x33, 0x32, 0x31, 0x15, 0x14, 0x16, 0x3b, 0x01, 0x03, 0x40,
  0xfd, 0x80, 0xc0, 0x01, 0x07, 0xb9, 0x38, 0x28, 0x28, 0x38, 0x38, 0x28,
  0x28, 0x38, 0x56, 0x11, 0x2d, 0x19, 0x1a, 0x33, 0x17, 0x27, 0x29, 0x0b,
  0xfe, 0x10, 0x21, 0x2f, 0x2f, 0x21, 0x02, 0xe0, 0x21, 0x2f, 0x0e, 0x1c,
  0x85, 0x17, 0x25, 0x0d, 0x9a, 0x11, 0x29, 0x86, 0x09, 0x07, 0xfd, 0x20,
  0x07, 0x09, 0x09, 0x07, 0x4d, 0x4e, 0xba, 0x4d, 0x4e, 0x13, 0x0d, 0xe0,
  0x40, 0x80, 0x01, 0x40, 0xfe, 0xc0, 0x80, 0xa0, 0x28, 0x38, 0x38, 0x28,
  0x28, 0x38, 0x38, 0xd3, 0x17, 0x33, 0x1a, 0x19, 0x2d, 0x11, 0x1c, 0x0e,
  0x2f, 0x21, 0xfc, 0xa0, 0x21, 0x2f, 0x2f, 0x21, 0x02, 0x70, 0x0b, 0x29,
  0x27, 0x36, 0x17, 0x29, 0x11, 0x9a, 0x0d, 0x25, 0xfc, 0xe8, 0x07, 0x09,
  0x09, 0x07, 0x03, 0x60, 0x07, 0x09, 0xe0, 0x0d, 0x13, 0x00, 0x00, 0x00,
  0x00, 0x04, 0x00, 0x00, 0xff, 0xc0, 0x03, 0xc0, 0x03, 0xc0, 0x00, 0x1a,
  0x00, 0x23, 0x00, 0x3b, 0x00, 0x63, 0x00, 0x00, 0x01, 0x2e, 0x01, 0x27,
  0x2e, 0x01, 0x27, 0x2e, 0x01, 0x23, 0x21, 0x22, 0x06, 0x15, 0x11, 0x14,
  0x16, 0x33, 0x21, 0x32, 0x36, 0x35, 0x11, 0x34, 0x26, 0x27, 0x31, 0x27,
  0x1e, 0x01, 0x17, 0x23, 0x35, 0x1e, 0x01, 0x17, 0x13, 0x14, 0x06, 0x23,
  0x21, 0x22, 0x26, 0x35, 0x11, 0x34, 0x36, 0x33, 0x30, 0x33, 0x3a, 0x01,
  0x33, 0x32, 0x31, 0x15, 0x14, 0x16, 0x3b, 0x01, 0x07, 0x2e, 0x01, 0x07,
  0x05, 0x0e, 0x01, 0x1d, 0x01, 0x2e, 0x01, 0x23, 0x22, 0x06, 0x15, 0x14,
  0x16, 0x33, 0x32, 0x36, 0x3d, 0x01, 0x25, 0x15, 0x2e, 0x01, 0x23, 0x22,
  0x06, 0x15, 0x14, 0x16, 0x33, 0x32, 0x36, 0x35, 0x11, 0x34, 0x26, 0x27,
  0x03, 0x96, 0x11, 0x2d, 0x19, 0x1a, 0x33, 0x17, 0x27, 0x29, 0x0b, 0xfe,
  0x10, 0x21, 0x2f, 0x2f, 0x21, 0x02, 0xe0, 0x21, 0x2f, 0x0e, 0x1c, 0x85,
  0x17, 0x25, 0x0d, 0x9a, 0x11, 0x29, 0x17, 0x6f, 0x09, 0x07, 0xfd, 0x20,
  0x07, 0x09, 0x09, 0x07, 0x4d, 0x4e, 0xba, 0x4d, 0x4e, 0x13, 0x0d, 0xe0,
  0x8c, 0x05, 0x0e, 0x07, 0xfe, 0xc0, 0x0b, 0x0f, 0x0e, 0x21, 0x11, 0x35,
  0x4b, 0x4b, 0x35, 0x35, 0x4b, 0x01, 0x00, 0x0e, 0x21, 0x11, 0x35, 0x4b,
  0x4b, 0x35, 0x35, 0x4b, 0x06, 0x06, 0x02, 0xdb, 0x17, 0x33, 0x1a, 0x19,
  0x2d, 0x11, 0x1c, 0x0e, 0x2f, 0x21, 0xfc, 0xa0, 0x21, 0x2f, 0x2f, 0x21,
  0x02, 0x70, 0x0b, 0x29, 0x27, 0x36, 0x17, 0x29, 0x11, 0x9a, 0x0d, 0x25,
  0x17, 0xfc, 0xff, 0x07, 0x09, 0x09, 0x07, 0x03, 0x60, 0x07, 0x09, 0xe0,
  0x0d, 0x13, 0x47, 0x04, 0x04, 0x02, 0x40, 0x02, 0x12, 0x0b, 0xed, 0x06,
  0x07, 0x38, 0x28, 0x28, 0x38, 0x38, 0x28, 0xe6, 0x33, 0x86, 0x06, 0x07,
  0x38, 0x28, 0x28, 0x38, 0x38, 0x28, 0x01, 0x40, 0x07, 0x0d, 0x05, 0x00,
  0x00, 0x04, 0x00, 0x00, 0xff, 0xc0, 0x03, 0xc0, 0x03, 0xc0, 0x00, 0x02,
  0x00, 0x1c, 0x00, 0x24, 0x00, 0x3c, 0x00, 0x00, 0x01, 0x0d, 0x01, 0x01,
  0x2e, 0x01, 0x27, 0x2e, 0x01, 0x27, 0x2e, 0x01, 0x23, 0x21, 0x22, 0x06,
  0x15, 0x11, 0x14, 0x16, 0x33, 0x21, 0x32, 0x36, 0x35, 0x11, 0x34, 0x26,
  0x27, 0x27, 0x1e, 0x01, 0x17, 0x23, 0x35, 0x1e, 0x01, 0x13, 0x14, 0x06,
  0x23, 0x21, 0x22, 0x26, 0x35, 0x11, 0x34, 0x36, 0x33, 0x30, 0x33, 0x3a,
  0x01, 0x33, 0x32, 0x31, 0x15, 0x14, 0x16, 0x3b, 0x01, 0x01, 0x80, 0x01,
  0x40, 0xfe, 0xc0, 0x02, 0x16, 0x11, 0x2d, 0x19, 0x1a, 0x33, 0x17, 0x27,
  0x29, 0x0b, 0xfe, 0x10, 0x21, 0x2f, 0x2f, 0x21, 0x02, 0xe0, 0x21, 0x2f,
  0x0e, 0x1c, 0x85, 0x17, 0x25, 0x0d, 0x9a, 0x11, 0x29, 0x86, 0x09, 0x07,
  0xfd, 0x20, 0x07, 0x09, 0x09, 0x07, 0x4d, 0x4e, 0xba, 0x4d, 0x4e, 0x13,
  0x0d, 0xe0, 0x02, 0x40, 0xe0, 0xe0, 0x02, 0x5b, 0x17, 0x33, 0x1a, 0x19,
  0x2d, 0x11, 0x1c, 0x0e, 0x2f, 0x21, 0xfc, 0xa0, 0x21, 0x2f, 0x2f, 0x21,
  0x02, 0x70, 0x0b, 0x29, 0x27, 0x36, 0x17, 0x29, 0x11, 0x9a, 0x0d, 0x25,
  0xfc, 0xe8, 0x07, 0x09, 0x09, 0x07, 0x03, 0x60, 0x07, 0x09, 0xe0, 0x0d,
  0x13, 0x00, 0x00, 0x00, 0x00, 0x05, 0x00, 0x00, 0xff, 0xc0, 0x03, 0xc0,
  0x03, 0xc0, 0x00, 0x1b, 0x00, 0x25, 0x00, 0x3d, 0x00, 0x41, 0x00, 0x45,
  0x00, 0x00, 0x01, 0x2e, 0x01, 0x27, 0x2e, 0x01, 0x27, 0x2e, 0x01, 0x23,
  0x21, 0x22, 0x06, 0x15, 0x11, 0x14, 0x16, 0x33, 0x21, 0x32, 0x36, 0x35,
  0x11, 0x34, 0x26, 0x27, 0x39, 0x01, 0x27, 0x1e, 0x01, 0x17, 0x23, 0x35,
  0x1e, 0x01, 0x17, 0x31, 0x13, 0x14, 0x06, 0x23, 0x21, 0x22, 0x26, 0x35,
  0x11, 0x34, 0x36, 0x33, 0x30, 0x33, 0x3a, 0x01, 0x33, 0x32, 0x31, 0x15,
  0x14, 0x16, 0x3b, 0x01, 0x05, 0x21, 0x11, 0x21, 0x25, 0x37, 0x11, 0x27,
  0x03, 0x96, 0x11, 0x2d, 0x19, 0x1a, 0x33, 0x17, 0x27, 0x29, 0x0b, 0xfe,
  0x10, 0x21, 0x2f, 0x2f, 0x21, 0x02, 0xe0, 0x21, 0x2f, 0x0e, 0x1c, 0x85,
  0x17, 0x25, 0x0d, 0x9a, 0x11, 0x29, 0x17, 0x6f, 0x09, 0x07, 0xfd, 0x20,
  0x07, 0x09, 0x09, 0x07, 0x4d, 0x4e, 0xba, 0x4d, 0x4e, 0x13, 0x0d, 0xe0,
  0xfd, 0x80, 0x01, 0x40, 0xfe, 0xc0, 0x01, 0x40, 0xc0, 0xc0, 0x02, 0xdb,
  0x17, 0x33, 0x1a, 0x19, 0x2d, 0x11, 0x1c, 0x0e, 0x2f, 0x21, 0xfc, 0xa0,
  0x21, 0x2f, 0x2f, 0x21, 0x02, 0x70, 0x0b, 0x29, 0x27, 0x36, 0x17, 0x29,
  0x11, 0x9a, 0x0d, 0x25, 0x17, 0xfc, 0xff, 0x07, 0x09, 0x09, 0x07, 0x03,
  0x60, 0x07, 0x09, 0xe0, 0x0d, 0x13, 0xc0, 0xfe, 0xc0, 0xc0, 0x80, 0xfe,
  0xc0, 0x80, 0x00, 0x00, 0x00, 0x0d, 0x00, 0x00, 0xff, 0xc0, 0x03, 0xc0,
  0x03, 0xc0, 0x00, 0x1b, 0x00, 0x25, 0x00, 0x3d, 0x00, 0x41, 0x00, 0x45,
  0x00, 0x49, 0x00, 0x4d, 0x00, 0x51, 0x00, 0x55, 0x00, 0x59, 0x00, 0x5d,
  0x00, 0x6c, 0x00, 0x70, 0x00, 0x00, 0x01, 0x2e, 0x01, 0x27, 0x2e, 0x01,
  0x27, 0x2e, 0x01, 0x23, 0x21, 0x22, 0x06, 0x15, 0x11, 0x14, 0x16, 0x33,
  0x21, 0x32, 0x36, 0x35, 0x11, 0x34, 0x26, 0x27, 0x39, 0x01, 0x27, 0x1e,
  0x01, 0x17, 0x23, 0x35, 0x1e, 0x01, 0x17, 0x31, 0x13, 0x14, 0x06, 0x23,
  0x21, 0x22, 0x26, 0x35, 0x11, 0x34, 0x36, 0x33, 0x30, 0x33, 0x3a, 0x01,
  0x33, 0x32, 0x31, 0x15, 0x14, 0x16, 0x3b, 0x01, 0x01, 0x33, 0x15, 0x23,
  0x3b, 0x01, 0x15, 0x23, 0x23, 0x33, 0x15, 0x23, 0x3b, 0x01, 0x15, 0x23,
  0x23, 0x33, 0x15, 0x23, 0x3b, 0x01, 0x15, 0x23, 0x23, 0x33, 0x15, 0x23,
  0x3b, 0x01, 0x15, 0x23, 0x03, 0x14, 0x16, 0x3b, 0x01, 0x32, 0x36, 0x3d,
  0x01, 0x34, 0x26, 0x2b, 0x01, 0x35, 0x23, 0x17, 0x15, 0x23, 0x35, 0x03,
  0x96, 0x11, 0x2d, 0x19, 0x1a, 0x33, 0x17, 0x27, 0x29, 0x0b, 0xfe, 0x10,
  0x21, 0x2f, 0x2f, 0x21, 0x02, 0xe0, 0x21, 0x2f, 0x0e, 0x1c, 0x85, 0x17,
  0x25, 0x0d, 0x9a, 0x11, 0x29, 0x17, 0x6f, 0x09, 0x07, 0xfd, 0x20, 0x07,
  0x09, 0x09, 0x07, 0x4d, 0x4e, 0xba, 0x4d, 0x4e, 0x13, 0x0d, 0xe0, 0xfd,
  0x80, 0x80, 0x80, 0x80, 0x80, 0x80, 0x80, 0x80, 0x80, 0x80, 0x80, 0x80,
  0x80, 0x80, 0x80, 0x80, 0x80, 0x80, 0x80, 0x80, 0x80, 0x80, 0x80, 0x80,
  0x80, 0x1c, 0x14, 0xa0, 0x14, 0x1c, 0x1c, 0x14, 0x50, 0x80, 0xc0, 0x80,
  0x02, 0xdb, 0x17, 0x33, 0x1a, 0x19, 0x2d, 0x11, 0x1c, 0x0e, 0x2f, 0x21,
  0xfc, 0xa0, 0x21, 0x2f, 0x2f, 0x21, 0x02, 0x70, 0x0b, 0x29, 0x27, 0x36,
  0x17, 0x29, 0x11, 0x9a, 0x0d, 0x25, 0x17, 0xfc, 0xff, 0x07, 0x09, 0x09,
  0x07, 0x03, 0x60, 0x07, 0x09, 0xe0, 0x0d, 0x13, 0x01, 0x00, 0x40, 0x40,
  0x40, 0x40, 0x40, 0x40, 0x40, 0x40, 0xfe, 0xf0, 0x14, 0x1c, 0x1c, 0x14,
  0xa0, 0x14, 0x1c, 0x40, 0xc0, 0x40, 0x40, 0x00, 0x00, 0x05, 0x00, 0x00,
  0xff, 0xc0, 0x04, 0x00, 0x03, 0xc0, 0x00, 0x08, 0x00, 0x0b, 0x00, 0x13,
  0x00, 0x16, 0x00, 0x1c, 0x00, 0x00, 0x01, 0x11, 0x21, 0x07, 0x11, 0x21,
  0x11, 0x21, 0x11, 0x25, 0x15, 0x23, 0x03, 0x11, 0x33, 0x35, 0x21, 0x15,
  0x07, 0x11, 0x13, 0x15, 0x23, 0x01, 0x21, 0x11, 0x33, 0x35, 0x21, 0x02,
  0x80, 0xfe, 0x40, 0xc0, 0x01, 0x80, 0x02, 0x80, 0xfc, 0xc0, 0x65, 0x1b,
  0xc0, 0x01, 0x40, 0xc0, 0xc0, 0x65, 0x01, 0xe5, 0xfe, 0x00, 0xc0, 0x01,
  0x40, 0x02, 0xc0, 0x01, 0x00, 0xc0, 0xfd, 0xc0, 0xff, 0x00, 0x03, 0x00,
  0xa5, 0x65, 0xfe, 0x00, 0x01, 0xc0, 0xc0, 0xc0, 0xc0, 0xff, 0x00, 0x01,
  0x65, 0x65, 0xfe, 0x00, 0x01, 0xc0, 0xc0, 0x00, 0x00, 0x05, 0x00, 0x00,
  0xff, 0xc0, 0x04, 0x00, 0x03, 0xc0, 0x00, 0x0d, 0x00, 0x18, 0x00, 0x34,
  0x00, 0x37, 0x00, 0x3d, 0x00, 0x00, 0x01, 0x23, 0x35, 0x34, 0x26, 0x2b,
  0x01, 0x22, 0x06, 0x1d, 0x01, 0x23, 0x15, 0x21, 0x27, 0x23, 0x35, 0x38,
  0x01, 0x31, 0x33, 0x38, 0x01, 0x31, 0x15, 0x05, 0x35, 0x34, 0x26, 0x2b,
  0x01, 0x15, 0x33, 0x15, 0x23, 0x07, 0x11, 0x21, 0x11, 0x33, 0x35, 0x23,
  0x22, 0x06, 0x15, 0x11, 0x14, 0x16, 0x33, 0x21, 0x15, 0x21, 0x11, 0x05,
  0x15, 0x23, 0x01, 0x21, 0x11, 0x33, 0x35, 0x21, 0x02, 0xc0, 0x80, 0x26,
  0x1a, 0x80, 0x1a, 0x26, 0x80, 0x02, 0x00, 0xc0, 0x80, 0x80, 0x01, 0x40,
  0x13, 0x0d, 0x40, 0x20, 0xc0, 0xc0, 0xff, 0x00, 0x20, 0x40, 0x0d, 0x13,
  0x13, 0x0d, 0x01, 0x20, 0x02, 0x80, 0xfe, 0x40, 0x65, 0x01, 0xe5, 0xfe,
  0x00, 0xc0, 0x01, 0x40, 0x03, 0x40, 0x40, 0x1a, 0x26, 0x26, 0x1a, 0x40,
  0x80, 0x80, 0x40, 0x40, 0xc0, 0xa0, 0x0d, 0x13, 0x40, 0x80, 0xc0, 0xff,
  0x00, 0x02, 0x40, 0x40, 0x13, 0x0d, 0xfd, 0x80, 0x0d, 0x13, 0xc0, 0x02,
  0xc0, 0x5b, 0x65, 0xfe, 0x40, 0x01, 0x80, 0xc0, 0x00, 0x04, 0x00, 0x00,
  0xff, 0xc0, 0x04, 0x00, 0x03, 0xc0, 0x00, 0x03, 0x00, 0x07, 0x00, 0x0d,
  0x00, 0x13, 0x00, 0x00, 0x09, 0x03, 0x11, 0x0d, 0x01, 0x25, 0x05, 0x17,
  0x09, 0x01, 0x37, 0x05, 0x25, 0x17, 0x09, 0x01, 0x37, 0x05, 0x04, 0x00,
  0xfe, 0x00, 0xfe, 0x00, 0x02, 0x00, 0x01, 0x56, 0xfe, 0xaa, 0xfe, 0xaa,
  0x02, 0xef, 0x67, 0xfe, 0x00, 0xfe, 0x00, 0x67, 0x01, 0x99, 0x01, 0x99,
  0x67, 0xfe, 0x00, 0xfe, 0x00, 0x67, 0x01, 0x99, 0x02, 0x80, 0x01, 0x00,
  0xff, 0x00, 0xff, 0x00, 0x01, 0xab, 0xab, 0xab, 0xab, 0x8d, 0x33, 0xff,
  0x00, 0x01, 0x00, 0x33, 0xcc, 0x0c, 0x33, 0xff, 0x00, 0x01, 0x00, 0x33,
  0xcc, 0x00, 0x00, 0x00, 0x00, 0x01, 0x00, 0x00, 0xff, 0xc0, 0x04, 0x00,
  0x03, 0xc0, 0x00, 0x05, 0x00, 0x00, 0x01, 0x17, 0x21, 0x11, 0x21, 0x11,
  0x01, 0xc0, 0x80, 0x01, 0xc0, 0xfc, 0x00, 0x03, 0x40, 0x80, 0xfd, 0x40,
  0x03, 0x40, 0x00, 0x00, 0x00, 0x02, 0x00, 0x00, 0xff, 0xc0, 0x04, 0x00,
  0x03, 0xc0, 0x00, 0x03, 0x00, 0x0a, 0x00, 0x00, 0x25, 0x13, 0x21, 0x03,
  0x13, 0x03, 0x11, 0x21, 0x17, 0x21, 0x15, 0x03, 0x40, 0xc0, 0xfc, 0xc0,
  0xc0, 0x80, 0x80, 0x01, 0x20, 0x80, 0x01, 0xa0, 0x00, 0x02, 0x00, 0xfe,
  0x00, 0x02, 0x40, 0xfd, 0xc0, 0x03, 0x40, 0x80, 0x80, 0x00, 0x00, 0x00,
  0x00, 0x02, 0x00, 0x00, 0xff, 0xc0, 0x04, 0x00, 0x03, 0xc0, 0x00, 0x05,
  0x00, 0x11, 0x00, 0x00, 0x01, 0x27, 0x21, 0x11, 0x21, 0x11, 0x01, 0x23,
  0x15, 0x23, 0x35, 0x23, 0x35, 0x33, 0x35, 0x33, 0x15, 0x33, 0x02, 0x40,
  0x80, 0xfe, 0x40, 0x04, 0x00, 0xfe, 0xc0, 0x80, 0x80, 0x80, 0x80, 0x80,
  0x80, 0x02, 0xc0, 0x80, 0xfc, 0xc0, 0x02, 0xc0, 0xfe, 0x40, 0x80, 0x80,
  0x80, 0x80, 0x80, 0x00, 0x00, 0x02, 0x00, 0x00, 0xff, 0xc0, 0x04, 0x00,
  0x03, 0xc0, 0x00, 0x05, 0x00, 0x09, 0x00, 0x00, 0x01, 0x27, 0x21, 0x11,
  0x21, 0x11, 0x01, 0x21, 0x35, 0x21, 0x02, 0x40, 0x80, 0xfe, 0x40, 0x04,
  0x00, 0xfe, 0xc0, 0xfe, 0x80, 0x01, 0x80, 0x02, 0xc0, 0x80, 0xfc, 0xc0,
  0x02, 0xc0, 0xfe, 0x40, 0x80, 0x00, 0x00, 0x00, 0x00, 0x02, 0x00, 0x00,
  0xff, 0xc0, 0x04, 0x00, 0x03, 0xc0, 0x00, 0x05, 0x00, 0x0c, 0x00, 0x00,
  0x01, 0x27, 0x21, 0x11, 0x21, 0x11, 0x01, 0x27, 0x33, 0x11, 0x33, 0x11,
  0x33, 0x02, 0x40, 0x80, 0xfe, 0x40, 0x04, 0x00, 0xfe, 0x00, 0xe0, 0xa0,
  0x80, 0xa0, 0x02, 0xc0, 0x80, 0xfc, 0xc0, 0x02, 0xc0, 0xfd, 0xa0, 0xe0,
  0x01, 0x00, 0xff, 0x00, 0x00, 0x02, 0x00, 0x00, 0xff, 0xc0, 0x04, 0x00,
  0x03, 0xc0, 0x00, 0x05, 0x00, 0x0c, 0x00, 0x00, 0x01, 0x27, 0x21, 0x11,
  0x21, 0x11, 0x05, 0x17, 0x23, 0x11, 0x23, 0x11, 0x23, 0x02, 0x40, 0x80,
  0xfe, 0x40, 0x04, 0x00, 0xfe, 0x00, 0xe0, 0xa0, 0x80, 0xa0, 0x02, 0xc0,
  0x80, 0xfc, 0xc0, 0x02, 0xc0, 0xe0, 0xe0, 0xff, 0x00, 0x01, 0x00, 0x00,
  0x00, 0x02, 0x00, 0x00, 0xff, 0xc0, 0x04, 0x00, 0x03, 0xc0, 0x00, 0x13,
  0x00, 0x1f, 0x00, 0x00, 0x01, 0x21, 0x22, 0x06, 0x07, 0x01, 0x06, 0x14,
  0x17, 0x01, 0x16, 0x32, 0x37, 0x01, 0x3e, 0x01, 0x35, 0x11, 0x34, 0x26,
  0x01, 0x22, 0x26, 0x35, 0x34, 0x36, 0x33, 0x32, 0x16, 0x15, 0x14, 0x06,
  0x03, 0xd0, 0xfe, 0x80, 0x14, 0x30, 0x0e, 0xfe, 0x24, 0x0e, 0x0e, 0x01,
  0x9c, 0x0e, 0x28, 0x0e, 0x01, 0xdc, 0x0e, 0x14, 0x1c, 0xfe, 0xfc, 0x28,
  0x38, 0x38, 0x28, 0x28, 0x38, 0x38, 0x03, 0xc0, 0x14, 0x0e, 0xfe, 0x24,
  0x0e, 0x28, 0x0e, 0xfe, 0x64, 0x0e, 0x0e, 0x01, 0xdc, 0x0e, 0x30, 0x14,
  0x01, 0x80, 0x14, 0x1c, 0xfe, 0x80, 0x38, 0x28, 0x28, 0x38, 0x38, 0x28,
  0x28, 0x38, 0x00, 0x00, 0x00, 0x03, 0x00, 0x00, 0xff, 0xc0, 0x05, 0x00,
  0x03, 0xc0, 0x00, 0x13, 0x00, 0x1f, 0x00, 0x2e, 0x00, 0x00, 0x01, 0x21,
  0x22, 0x06, 0x07, 0x01, 0x06, 0x14, 0x17, 0x01, 0x16, 0x32, 0x37, 0x01,
  0x3e, 0x01, 0x35, 0x11, 0x34, 0x26, 0x01, 0x22, 0x26, 0x35, 0x34, 0x36,
  0x33, 0x32, 0x16, 0x15, 0x14, 0x06, 0x05, 0x01, 0x23, 0x22, 0x06, 0x07,
  0x01, 0x06, 0x14, 0x17, 0x01, 0x16, 0x32, 0x3f, 0x01, 0x04, 0xd0, 0xfe,
  0x80, 0x14, 0x30, 0x0e, 0xfe, 0x24, 0x0e, 0x0e, 0x01, 0x9c, 0x0e, 0x28,
  0x0e, 0x01, 0xdc, 0x0e, 0x14, 0x1c, 0xfe, 0xfc, 0x28, 0x38, 0x38, 0x28,
  0x28, 0x38, 0x38, 0xfc, 0x78, 0x02, 0x20, 0x50, 0x14, 0x30, 0x0e, 0xfe,
  0x24, 0x0e, 0x0e, 0x01, 0x9c, 0x0e, 0x28, 0x0e, 0x1e, 0x03, 0xc0, 0x14,
  0x0e, 0xfe, 0x24, 0x0e, 0x28, 0x0e, 0xfe, 0x64, 0x0e, 0x0e, 0x01, 0xdc,
  0x0e, 0x30, 0x14, 0x01, 0x80, 0x14, 0x1c, 0xfe, 0x80, 0x38, 0x28, 0x28,
  0x38, 0x38, 0x28, 0x28, 0x38, 0xa0, 0x02, 0x20, 0x14, 0x0e, 0xfe, 0x24,
  0x0e, 0x28, 0x0e, 0xfe, 0x64, 0x0e, 0x0e, 0x1e, 0x00, 0x10, 0x00, 0x00,
  0xff, 0xc0, 0x04, 0x00, 0x03, 0xc0, 0x00, 0x03, 0x00, 0x07, 0x00, 0x0b,
  0x00, 0x0f, 0x00, 0x13, 0x00, 0x17, 0x00, 0x1b, 0x00, 0x1f, 0x00, 0x23,
  0x00, 0x27, 0x00, 0x2b, 0x00, 0x2f, 0x00, 0x33, 0x00, 0x37, 0x00, 0x3b,
  0x00, 0x3f, 0x00, 0x00, 0x13, 0x33, 0x11, 0x23, 0x13, 0x33, 0x11, 0x23,
  0x13, 0x33, 0x11, 0x23, 0x13, 0x33, 0x11, 0x23, 0x01, 0x33, 0x11, 0x23,
  0x13, 0x33, 0x11, 0x23, 0x01, 0x33, 0x11, 0x23, 0x03, 0x33, 0x11, 0x23,
  0x01, 0x33, 0x11, 0x23, 0x05, 0x33, 0x15, 0x23, 0x37, 0x33, 0x15, 0x23,
  0x37, 0x33, 0x15, 0x23, 0x25, 0x33, 0x15, 0x23, 0x25, 0x33, 0x15, 0x23,
  0x27, 0x33, 0x15, 0x23, 0x25, 0x33, 0x15, 0x23, 0x00, 0x80, 0x80, 0xc0,
  0x40, 0x40, 0x80, 0x40, 0x40, 0xc0, 0x40, 0x40, 0x01, 0x00, 0x40, 0x40,
  0xc0, 0x40, 0x40, 0xfe, 0xc0, 0x20, 0x20, 0xc0, 0x20, 0x20, 0x01, 0xa0,
  0x20, 0x20, 0xfc, 0xa0, 0x40, 0x40, 0xc0, 0x40, 0x40, 0x80, 0x40, 0x40,
  0x01, 0x40, 0x40, 0x40, 0x01, 0x40, 0x40, 0x40, 0xc0, 0x80, 0x80, 0xfe,
  0xc0, 0x80, 0x80, 0x03, 0x40, 0xfd, 0x80, 0x02, 0x80, 0xfd, 0x80, 0x02,
  0x80, 0xfd, 0x80, 0x02, 0x80, 0xfd, 0x80, 0x02, 0x80, 0xfd, 0x80, 0x02,
  0x80, 0xfd, 0x80, 0x02, 0x80, 0xfd, 0x80, 0x02, 0x80, 0xfd, 0x80, 0x02,
  0x80, 0xfd, 0x80, 0x40, 0x40, 0x40, 0x40, 0x40, 0x40, 0x40, 0x40, 0x40,
  0x40, 0x40, 0x40, 0x40, 0x40, 0x00, 0x00, 0x00, 0x00, 0x39, 0x00, 0x00,
  0xff, 0xc0, 0x04, 0x00, 0x03, 0xc0, 0x00, 0x03, 0x00, 0x08, 0x00, 0x0c,
  0x00, 0x10, 0x00, 0x15, 0x00, 0x19, 0x00, 0x1d, 0x00, 0x22, 0x00, 0x26,
  0x00, 0x2a, 0x00, 0x2e, 0x00, 0x32, 0x00, 0x36, 0x00, 0x3a, 0x00, 0x3e,
  0x00, 0x42, 0x00, 0x46, 0x00, 0x4a, 0x00, 0x4e, 0x00, 0x52, 0x00, 0x56,
  0x00, 0x5a, 0x00, 0x5e, 0x00, 0x62, 0x00, 0x66, 0x00, 0x6a, 0x00, 0x6e,
  0x00, 0x72, 0x00, 0x76, 0x00, 0x7a, 0x00, 0x7e, 0x00, 0x82, 0x00, 0x86,
  0x00, 0x8a, 0x00, 0x8e, 0x00, 0x92, 0x00, 0x96, 0x00, 0x9a, 0x00, 0x9e,
  0x00, 0xa2, 0x00, 0xa6, 0x00, 0xaa, 0x00, 0xae, 0x00, 0xb2, 0x00, 0xb6,
  0x00, 0xba, 0x00, 0xbe, 0x00, 0xc2, 0x00, 0xc6, 0x00, 0xca, 0x00, 0xce,
  0x00, 0xd2, 0x00, 0xd6, 0x00, 0xda, 0x00, 0xde, 0x00, 0xe2, 0x00, 0xe6,
  0x00, 0x00, 0x01, 0x21, 0x11, 0x21, 0x13, 0x31, 0x11, 0x21, 0x11, 0x17,
  0x33, 0x15, 0x23, 0x25, 0x21, 0x11, 0x21, 0x13, 0x31, 0x11, 0x21, 0x11,
  0x17, 0x33, 0x15, 0x23, 0x01, 0x21, 0x11, 0x21, 0x13, 0x31, 0x11, 0x21,
  0x11, 0x17, 0x33, 0x15, 0x23, 0x01, 0x33, 0x15, 0x23, 0x3b, 0x01, 0x15,
  0x23, 0x23, 0x33, 0x15, 0x23, 0x3b, 0x01, 0x15, 0x23, 0x23, 0x33, 0x15,
  0x23, 0x3b, 0x01, 0x15, 0x23, 0x23, 0x33, 0x15, 0x23, 0x15, 0x33, 0x15,
  0x23, 0x3b, 0x01, 0x15, 0x23, 0x23, 0x33, 0x15, 0x23, 0x3b, 0x01, 0x15,
  0x23, 0x23, 0x33, 0x15, 0x23, 0x3b, 0x01, 0x15, 0x23, 0x23, 0x33, 0x15,
  0x23, 0x3b, 0x01, 0x15, 0x23, 0x01, 0x33, 0x15, 0x23, 0x25, 0x33, 0x15,
  0x23, 0x37, 0x33, 0x15, 0x23, 0x27, 0x33, 0x15, 0x23, 0x25, 0x33, 0x15,
  0x23, 0x3b, 0x01, 0x15, 0x23, 0x37, 0x33, 0x15, 0x23, 0x3b, 0x01, 0x15,
  0x23, 0x37, 0x33, 0x15, 0x23, 0x3b, 0x01, 0x15, 0x23, 0x37, 0x33, 0x15,
  0x23, 0x3b, 0x01, 0x15, 0x23, 0x37, 0x33, 0x15, 0x23, 0x17, 0x33, 0x15,
  0x23, 0x25, 0x33, 0x15, 0x23, 0x37, 0x33, 0x15, 0x23, 0x3b, 0x01, 0x15,
  0x23, 0x37, 0x33, 0x15, 0x23, 0x37, 0x33, 0x15, 0x23, 0x17, 0x33, 0x15,
  0x23, 0x25, 0x33, 0x15, 0x23, 0x37, 0x33, 0x15, 0x23, 0x37, 0x33, 0x15,
  0x23, 0x3b, 0x01, 0x15, 0x23, 0x37, 0x33, 0x15, 0x23, 0x17, 0x33, 0x15,
  0x23, 0x25, 0x33, 0x15, 0x23, 0x3b, 0x01, 0x15, 0x23, 0x37, 0x33, 0x15,
  0x23, 0x3b, 0x01, 0x15, 0x23, 0x23, 0x33, 0x15, 0x23, 0x37, 0x33, 0x15,
  0x23, 0x37, 0x33, 0x15, 0x23, 0x01, 0x40, 0xff, 0x00, 0x01, 0x00, 0x40,
  0xfe, 0x80, 0x80, 0x80, 0x80, 0x03, 0x40, 0xff, 0x00, 0x01, 0x00, 0x40,
  0xfe, 0x80, 0x80, 0x80, 0x80, 0xfe, 0x40, 0xff, 0x00, 0x01, 0x00, 0x40,
  0xfe, 0x80, 0x80, 0x80, 0x80, 0x01, 0x40, 0x40, 0x40, 0x40, 0x40, 0x40,
  0x40, 0x40, 0x40, 0x40, 0x40, 0x40, 0x40, 0x40, 0x40, 0x40, 0x40, 0x40,
  0x40, 0x40, 0x40, 0x40, 0x40, 0x40, 0x40, 0x40, 0x40, 0x40, 0x40, 0x40,
  0x40, 0x40, 0x40, 0x40, 0x40, 0x40, 0x40, 0x40, 0x40, 0x40, 0x40, 0x40,
  0x40, 0x40, 0x01, 0xc0, 0x40, 0x40, 0xfc, 0x80, 0x40, 0x40, 0x40, 0x40,
  0x40, 0x80, 0x40, 0x40, 0x01, 0x00, 0x40, 0x40, 0x40, 0x40, 0x40, 0x40,
  0x40, 0x40, 0xc0, 0x40, 0x40, 0x40, 0x40, 0x40, 0x40, 0x40, 0x40, 0x40,
  0x40, 0x40, 0x40, 0x40, 0x40, 0x40, 0x40, 0x40, 0x40, 0x40, 0x40, 0xfe,
  0x80, 0x40, 0x40, 0x40, 0x40, 0x40, 0x40, 0x40, 0x40, 0x80, 0x40, 0x40,
  0x40, 0x40, 0x40, 0x40, 0x40, 0x40, 0xfe, 0x80, 0x40, 0x40, 0x40, 0x40,
  0x40, 0x80, 0x40, 0x40, 0x40, 0x40, 0x40, 0x40, 0x40, 0x40, 0x40, 0x40,
  0x40, 0xfe, 0xc0, 0x40, 0x40, 0x40, 0x40, 0x40, 0x40, 0x40, 0x40, 0x40,
  0x40, 0x40, 0xc0, 0x40, 0x40, 0x80, 0x40, 0x40, 0x80, 0x40, 0x40, 0x03,
  0x80, 0xff, 0x00, 0x01, 0x40, 0xfe, 0x80, 0x01, 0x80, 0x80, 0x80, 0xc0,
  0xff, 0x00, 0x01, 0x40, 0xfe, 0x80, 0x01, 0x80, 0x80, 0x80, 0xfe, 0x40,
  0xff, 0x00, 0x01, 0x40, 0xfe, 0x80, 0x01, 0x80, 0x80, 0x80, 0x03, 0x80,
  0x40, 0x40, 0x40, 0x40, 0x40, 0x40, 0x40, 0x40, 0x40, 0x40, 0x40, 0x40,
  0x40, 0x40, 0x40, 0x40, 0x02, 0x00, 0x40, 0x40, 0x40, 0x80, 0x40, 0x40,
  0x40, 0x40, 0x40, 0x40, 0x80, 0x40, 0x40, 0x80, 0x40, 0x40, 0x80, 0x40,
  0x40, 0x80, 0x40, 0x80, 0x40, 0x40, 0x40, 0x80, 0x40, 0x40, 0x40, 0x40,
  0x80, 0x40, 0x80, 0x40, 0x40, 0x40, 0x80, 0x40, 0x40, 0x40, 0x40, 0x80,
  0x40, 0x80, 0x40, 0x80, 0x40, 0x40, 0x80, 0x40, 0x40, 0x40, 0x40, 0x40,
  0x40, 0x40, 0x00, 0x00, 0x00, 0x03, 0x00, 0x00, 0xff, 0xc0, 0x03, 0xea,
  0x03, 0xc0, 0x00, 0x03, 0x00, 0x2c, 0x00, 0x31, 0x00, 0x00, 0x01, 0x17,
  0x01, 0x27, 0x01, 0x27, 0x07, 0x0e, 0x01, 0x23, 0x22, 0x26, 0x35, 0x34,
  0x36, 0x3f, 0x01, 0x27, 0x26, 0x22, 0x07, 0x01, 0x06, 0x14, 0x1f, 0x01,
  0x37, 0x3e, 0x01, 0x33, 0x32, 0x16, 0x15, 0x14, 0x06, 0x0f, 0x01, 0x17,
  0x16, 0x32, 0x37, 0x01, 0x36, 0x34, 0x27, 0x09, 0x04, 0x02, 0x40, 0x80,
  0xff, 0x00, 0x80, 0x02, 0xaa, 0x4a, 0x20, 0x0c, 0x21, 0x13, 0x25, 0x36,
  0x0f, 0x0c, 0x20, 0x4a, 0x16, 0x40, 0x16, 0xfd, 0xac, 0x16, 0x16, 0x4a,
  0x20, 0x0c, 0x21, 0x13, 0x25, 0x36, 0x0f, 0x0c, 0x20, 0x4a, 0x16, 0x40,
  0x16, 0x02, 0x54, 0x16, 0x16, 0xfd, 0xd6, 0xff, 0x00, 0x01, 0x80, 0x01,
  0x00, 0xfe, 0x80, 0x02, 0x80, 0x80, 0xff, 0x00, 0x80, 0x01, 0x16, 0x4a,
  0x20, 0x0c, 0x0f, 0x36, 0x25, 0x13, 0x21, 0x0c, 0x20, 0x4a, 0x16, 0x16,
  0xfd, 0xac, 0x16, 0x40, 0x16, 0x4a, 0x20, 0x0c, 0x0f, 0x36, 0x25, 0x13,
  0x21, 0x0c, 0x20, 0x4a, 0x16, 0x16, 0x02, 0x54, 0x16, 0x40, 0x16, 0xfd,
  0xea, 0x01, 0x00, 0x01, 0x80, 0xff, 0x00, 0xfe, 0x80, 0x00, 0x00, 0x00,
  0x00, 0x03, 0x00, 0x00, 0xff, 0xc0, 0x04, 0x00, 0x03, 0xc0, 0x00, 0x0b,
  0x00, 0x17, 0x00, 0x30, 0x00, 0x00, 0x25, 0x14, 0x06, 0x23, 0x22, 0x26,
  0x35, 0x34, 0x36, 0x33, 0x32, 0x16, 0x05, 0x14, 0x06, 0x23, 0x22, 0x26,
  0x35, 0x34, 0x36, 0x33, 0x32, 0x16, 0x19, 0x01, 0x21, 0x34, 0x26, 0x2b,
  0x01, 0x15, 0x33, 0x13, 0x0e, 0x01, 0x15, 0x14, 0x16, 0x33, 0x21, 0x35,
  0x21, 0x22, 0x26, 0x35, 0x38, 0x01, 0x35, 0x01, 0x80, 0x38, 0x28, 0x28,
  0x38, 0x38, 0x28, 0x28, 0x38, 0x02, 0x80, 0x38, 0x28, 0x28, 0x38, 0x38,
  0x28, 0x28, 0x38, 0xfd, 0x00, 0x25, 0x1b, 0xc0, 0x80, 0x30, 0x16, 0x1a,
  0x4b, 0x35, 0x03, 0x00, 0xfd, 0x00, 0x1b, 0x25, 0x20, 0x28, 0x38, 0x38,
  0x28, 0x28, 0x38, 0x38, 0x28, 0x28, 0x38, 0x38, 0x28, 0x28, 0x38, 0x38,
  0x01, 0x78, 0x01, 0x80, 0x1b, 0x25, 0x40, 0xfe, 0x64, 0x12, 0x34, 0x1e,
  0x35, 0x4b, 0x40, 0x25, 0x1b, 0x01, 0x00, 0x00, 0x00, 0x05, 0x00, 0x00,
  0xff, 0xc0, 0x03, 0xc0, 0x03, 0xc0, 0x00, 0x1b, 0x00, 0x37, 0x00, 0x4b,
  0x00, 0x4f, 0x00, 0x53, 0x00, 0x00, 0x01, 0x22, 0x07, 0x0e, 0x01, 0x07,
  0x06, 0x15, 0x14, 0x17, 0x1e, 0x01, 0x17, 0x16, 0x33, 0x32, 0x37, 0x3e,
  0x01, 0x37, 0x36, 0x35, 0x34, 0x27, 0x2e, 0x01, 0x27, 0x26, 0x03, 0x22,
  0x27, 0x2e, 0x01, 0x27, 0x26, 0x35, 0x34, 0x37, 0x3e, 0x01, 0x37, 0x36,
  0x33, 0x32, 0x17, 0x1e, 0x01, 0x17, 0x16, 0x15, 0x14, 0x07, 0x0e, 0x01,
  0x07, 0x06, 0x03, 0x35, 0x33, 0x35, 0x23, 0x35, 0x23, 0x15, 0x23, 0x11,
  0x33, 0x15, 0x23, 0x15, 0x33, 0x15, 0x33, 0x35, 0x33, 0x11, 0x2b, 0x01,
  0x35, 0x33, 0x13, 0x23, 0x35, 0x33, 0x01, 0xe0, 0x63, 0x58, 0x57, 0x83,
  0x25, 0x26, 0x26, 0x25, 0x83, 0x57, 0x58, 0x63, 0x63, 0x58, 0x57, 0x83,
  0x25, 0x26, 0x26, 0x25, 0x83, 0x57, 0x58, 0x63, 0x50, 0x45, 0x46, 0x69,
  0x1e, 0x1e, 0x1e, 0x1e, 0x69, 0x46, 0x45, 0x50, 0x50, 0x45, 0x46, 0x69,
  0x1e, 0x1e, 0x1e, 0x1e, 0x69, 0x46, 0x45, 0x30, 0x80, 0x80, 0x40, 0x80,
  0x80, 0x80, 0x80, 0x40, 0x80, 0xc0, 0x40, 0x40, 0x80, 0x40, 0x40, 0x03,
  0x80, 0x26, 0x25, 0x83, 0x57, 0x58, 0x63, 0x63, 0x58, 0x57, 0x83, 0x25,
  0x26, 0x26, 0x25, 0x83, 0x57, 0x58, 0x63, 0x63, 0x58, 0x57, 0x83, 0x25,
  0x26, 0xfc, 0xa0, 0x1e, 0x1e, 0x69, 0x46, 0x45, 0x50, 0x50, 0x45, 0x46,
  0x69, 0x1e, 0x1e, 0x1e, 0x1e, 0x69, 0x46, 0x45, 0x50, 0x50, 0x45, 0x46,
  0x69, 0x1e, 0x1e, 0x01, 0xa0, 0x80, 0x40, 0x40, 0x40, 0xff, 0x00, 0x80,
  0x40, 0x40, 0x40, 0x01, 0x00, 0x80, 0xfe, 0xc0, 0x80, 0x00, 0x00, 0x00,
  0x00, 0x03, 0x00, 0x00, 0xff, 0xc0, 0x03, 0xc0, 0x03, 0xc0, 0x00, 0x1b,
  0x00, 0x37, 0x00, 0x82, 0x00, 0x00, 0x01, 0x22, 0x07, 0x0e, 0x01, 0x07,
  0x06, 0x15, 0x14, 0x17, 0x1e, 0x01, 0x17, 0x16, 0x33, 0x32, 0x37, 0x3e,
  0x01, 0x37, 0x36, 0x35, 0x34, 0x27, 0x2e, 0x01, 0x27, 0x26, 0x03, 0x22,
  0x27, 0x2e, 0x01, 0x27, 0x26, 0x35, 0x34, 0x37, 0x3e, 0x01, 0x37, 0x36,
  0x33, 0x32, 0x17, 0x1e, 0x01, 0x17, 0x16, 0x15, 0x14, 0x07, 0x0e, 0x01,
  0x07, 0x06, 0x13, 0x26, 0x06, 0x07, 0x0e, 0x01, 0x2b, 0x01, 0x22, 0x26,
  0x27, 0x33, 0x32, 0x36, 0x35, 0x34, 0x26, 0x2b, 0x01, 0x35, 0x33, 0x32,
  0x36, 0x35, 0x34, 0x26, 0x2b, 0x01, 0x3e, 0x01, 0x3b, 0x01, 0x32, 0x16,
  0x17, 0x1e, 0x01, 0x37, 0x3e, 0x01, 0x27, 0x2e, 0x01, 0x2b, 0x01, 0x22,
  0x06, 0x07, 0x23, 0x22, 0x06, 0x15, 0x14, 0x16, 0x3b, 0x01, 0x15, 0x23,
  0x22, 0x06, 0x15, 0x14, 0x16, 0x3b, 0x01, 0x1e, 0x01, 0x3b, 0x01, 0x32,
  0x36, 0x37, 0x36, 0x26, 0x27, 0x01, 0xe0, 0x63, 0x58, 0x57, 0x83, 0x25,
  0x26, 0x26, 0x25, 0x83, 0x57, 0x58, 0x63, 0x63, 0x58, 0x57, 0x83, 0x25,
  0x26, 0x26, 0x25, 0x83, 0x57, 0x58, 0x63, 0x50, 0x45, 0x46, 0x69, 0x1e,
  0x1e, 0x1e, 0x1e, 0x69, 0x46, 0x45, 0x50, 0x50, 0x45, 0x46, 0x69, 0x1e,
  0x1e, 0x1e, 0x1e, 0x69, 0x46, 0x45, 0x6f, 0x0c, 0x19, 0x07, 0x0d, 0x2d,
  0x19, 0x80, 0x1f, 0x32, 0x09, 0x9a, 0x0d, 0x13, 0x13, 0x0d, 0xa0, 0xa0,
  0x0d, 0x13, 0x13, 0x0d, 0x9a, 0x09, 0x32, 0x1f, 0x80, 0x19, 0x2d, 0x0d,
  0x07, 0x19, 0x0c, 0x0b, 0x07, 0x07, 0x15, 0x4a, 0x2b, 0x80, 0x3a, 0x58,
  0x0b, 0x23, 0x0d, 0x13, 0x13, 0x0d, 0x20, 0x20, 0x0d, 0x13, 0x13, 0x0d,
  0x23, 0x0b, 0x58, 0x3a, 0x80, 0x2b, 0x4a, 0x15, 0x07, 0x07, 0x0b, 0x03,
  0x80, 0x26, 0x25, 0x83, 0x57, 0x58, 0x63, 0x63, 0x58, 0x57, 0x83, 0x25,
  0x26, 0x26, 0x25, 0x83, 0x57, 0x58, 0x63, 0x63, 0x58, 0x57, 0x83, 0x25,
  0x26, 0xfc, 0xa0, 0x1e, 0x1e, 0x69, 0x46, 0x45, 0x50, 0x50, 0x45, 0x46,
  0x69, 0x1e, 0x1e, 0x1e, 0x1e, 0x69, 0x46, 0x45, 0x50, 0x50, 0x45, 0x46,
  0x69, 0x1e, 0x1e, 0x01, 0x1c, 0x06, 0x06, 0x0c, 0x16, 0x1a, 0x24, 0x1c,
  0x13, 0x0d, 0x0d, 0x13, 0x40, 0x13, 0x0d, 0x0d, 0x13, 0x1c, 0x24, 0x1a,
  0x16, 0x0c, 0x06, 0x06, 0x07, 0x1a, 0x0b, 0x25, 0x2b, 0x49, 0x37, 0x13,
  0x0d, 0x0d, 0x13, 0x40, 0x13, 0x0d, 0x0d, 0x13, 0x37, 0x49, 0x2b, 0x25,
  0x0b, 0x1a, 0x07, 0x00, 0x00, 0x03, 0x00, 0x00, 0xff, 0xc0, 0x03, 0xc0,
  0x03, 0xc0, 0x00, 0x1b, 0x00, 0x37, 0x00, 0x66, 0x00, 0x00, 0x01, 0x22,
  0x07, 0x0e, 0x01, 0x07, 0x06, 0x15, 0x14, 0x17, 0x1e, 0x01, 0x17, 0x16,
  0x33, 0x32, 0x37, 0x3e, 0x01, 0x37, 0x36, 0x35, 0x34, 0x27, 0x2e, 0x01,
  0x27, 0x26, 0x03, 0x22, 0x27, 0x2e, 0x01, 0x27, 0x26, 0x35, 0x34, 0x37,
  0x3e, 0x01, 0x37, 0x36, 0x33, 0x32, 0x17, 0x1e, 0x01, 0x17, 0x16, 0x15,
  0x14, 0x07, 0x0e, 0x01, 0x07, 0x06, 0x37, 0x23, 0x35, 0x33, 0x32, 0x36,
  0x35, 0x34, 0x26, 0x2b, 0x01, 0x35, 0x34, 0x36, 0x33, 0x32, 0x16, 0x17,
  0x1e, 0x01, 0x37, 0x3e, 0x01, 0x27, 0x2e, 0x01, 0x23, 0x22, 0x06, 0x1d,
  0x01, 0x23, 0x22, 0x06, 0x15, 0x14, 0x16, 0x3b, 0x01, 0x15, 0x21, 0x32,
  0x36, 0x35, 0x34, 0x26, 0x23, 0x01, 0xe0, 0x63, 0x58, 0x57, 0x83, 0x25,
  0x26, 0x26, 0x25, 0x83, 0x57, 0x58, 0x63, 0x63, 0x58, 0x57, 0x83, 0x25,
  0x26, 0x26, 0x25, 0x83, 0x57, 0x58, 0x63, 0x50, 0x45, 0x46, 0x69, 0x1e,
  0x1e, 0x1e, 0x1e, 0x69, 0x46, 0x45, 0x50, 0x50, 0x45, 0x46, 0x69, 0x1e,
  0x1e, 0x1e, 0x1e, 0x69, 0x46, 0x45, 0x30, 0xe0, 0x60, 0x0d, 0x13, 0x13,
  0x0d, 0x60, 0x38, 0x28, 0x1a, 0x2c, 0x0d, 0x07, 0x19, 0x0c, 0x0b, 0x07,
  0x06, 0x16, 0x4a, 0x2b, 0x42, 0x5e, 0x20, 0x0d, 0x13, 0x13, 0x0d, 0x20,
  0x01, 0x20, 0x0d, 0x13, 0x13, 0x0d, 0x03, 0x80, 0x26, 0x25, 0x83, 0x57,
  0x58, 0x63, 0x63, 0x58, 0x57, 0x83, 0x25, 0x26, 0x26, 0x25, 0x83, 0x57,
  0x58, 0x63, 0x63, 0x58, 0x57, 0x83, 0x25, 0x26, 0xfc, 0xa0, 0x1e, 0x1e,
  0x69, 0x46, 0x45, 0x50, 0x50, 0x45, 0x46, 0x69, 0x1e, 0x1e, 0x1e, 0x1e,
  0x69, 0x46, 0x45, 0x50, 0x50, 0x45, 0x46, 0x69, 0x1e, 0x1e, 0xe0, 0x80,
  0x13, 0x0d, 0x0d, 0x13, 0x20, 0x28, 0x38, 0x1a, 0x16, 0x0c, 0x06, 0x06,
  0x07, 0x1a, 0x0b, 0x25, 0x2b, 0x5e, 0x42, 0x20, 0x13, 0x0d, 0x0d, 0x13,
  0xc0, 0x13, 0x0d, 0x0d, 0x13, 0x00, 0x00, 0x00, 0x00, 0x03, 0x00, 0x00,
  0xff, 0xc0, 0x03, 0xc0, 0x03, 0xc0, 0x00, 0x1b, 0x00, 0x37, 0x00, 0x72,
  0x00, 0x00, 0x01, 0x22, 0x07, 0x0e, 0x01, 0x07, 0x06, 0x15, 0x14, 0x17,
  0x1e, 0x01, 0x17, 0x16, 0x33, 0x32, 0x37, 0x3e, 0x01, 0x37, 0x36, 0x35,
  0x34, 0x27, 0x2e, 0x01, 0x27, 0x26, 0x03, 0x22, 0x27, 0x2e, 0x01, 0x27,
  0x26, 0x35, 0x34, 0x37, 0x3e, 0x01, 0x37, 0x36, 0x33, 0x32, 0x17, 0x1e,
  0x01, 0x17, 0x16, 0x15, 0x14, 0x07, 0x0e, 0x01, 0x07, 0x06, 0x13, 0x32,
  0x36, 0x35, 0x34, 0x26, 0x2b, 0x01, 0x37, 0x36, 0x26, 0x27, 0x26, 0x06,
  0x0f, 0x01, 0x27, 0x2e, 0x01, 0x07, 0x0e, 0x01, 0x1f, 0x01, 0x23, 0x22,
  0x06, 0x15, 0x14, 0x16, 0x3b, 0x01, 0x15, 0x23, 0x22, 0x06, 0x15, 0x14,
  0x16, 0x3b, 0x01, 0x15, 0x14, 0x16, 0x33, 0x32, 0x36, 0x3d, 0x01, 0x33,
  0x32, 0x36, 0x35, 0x34, 0x26, 0x2b, 0x01, 0x35, 0x33, 0x01, 0xe0, 0x63,
  0x58, 0x57, 0x83, 0x25, 0x26, 0x26, 0x25, 0x83, 0x57, 0x58, 0x63, 0x63,
  0x58, 0x57, 0x83, 0x25, 0x26, 0x26, 0x25, 0x83, 0x57, 0x58, 0x63, 0x50,
  0x45, 0x46, 0x69, 0x1e, 0x1e, 0x1e, 0x1e, 0x69, 0x46, 0x45, 0x50, 0x50,
  0x45, 0x46, 0x69, 0x1e, 0x1e, 0x1e, 0x1e, 0x69, 0x46, 0x45, 0x30, 0x0d,
  0x13, 0x13, 0x0d, 0x44, 0x5f, 0x07, 0x05, 0x0b, 0x0b, 0x1a, 0x08, 0x65,
  0x65, 0x08, 0x1a, 0x0b, 0x0b, 0x05, 0x07, 0x5f, 0x44, 0x0d, 0x13, 0x13,
  0x0d, 0x60, 0x60, 0x0d, 0x13, 0x13, 0x0d, 0x60, 0x13, 0x0d, 0x0d, 0x13,
  0x60, 0x0d, 0x13, 0x13, 0x0d, 0x60, 0x60, 0x03, 0x80, 0x26, 0x25, 0x83,
  0x57, 0x58, 0x63, 0x63, 0x58, 0x57, 0x83, 0x25, 0x26, 0x26, 0x25, 0x83,
  0x57, 0x58, 0x63, 0x63, 0x58, 0x57, 0x83, 0x25, 0x26, 0xfc, 0xa0, 0x1e,
  0x1e, 0x69, 0x46, 0x45, 0x50, 0x50, 0x45, 0x46, 0x69, 0x1e, 0x1e, 0x1e,
  0x1e, 0x69, 0x46, 0x45, 0x50, 0x50, 0x45, 0x46, 0x69, 0x1e, 0x1e, 0x01,
  0x60, 0x13, 0x0d, 0x0d, 0x13, 0x8e, 0x0b, 0x1a, 0x08, 0x07, 0x05, 0x0b,
  0x98, 0x98, 0x0b, 0x05, 0x07, 0x08, 0x1a, 0x0b, 0x8e, 0x13, 0x0d, 0x0d,
  0x13, 0x40, 0x13, 0x0d, 0x0d, 0x13, 0x60, 0x0d, 0x13, 0x13, 0x0d, 0x60,
  0x13, 0x0d, 0x0d, 0x13, 0x40, 0x00, 0x00, 0x00, 0x00, 0x06, 0x00, 0x00,
  0xff, 0xc0, 0x04, 0x00, 0x03, 0xc0, 0x00, 0x0f, 0x00, 0x19, 0x00, 0x23,
  0x00, 0x27, 0x00, 0x2b, 0x00, 0x2f, 0x00, 0x00, 0x01, 0x21, 0x22, 0x06,
  0x15, 0x11, 0x14, 0x16, 0x33, 0x21, 0x32, 0x36, 0x35, 0x11, 0x34, 0x26,
  0x05, 0x21, 0x32, 0x16, 0x1d, 0x01, 0x21, 0x35, 0x34, 0x36, 0x01, 0x21,
  0x22, 0x26, 0x35, 0x11, 0x21, 0x11, 0x14, 0x06, 0x25, 0x33, 0x15, 0x23,
  0x37, 0x33, 0x15, 0x23, 0x37, 0x33, 0x15, 0x23, 0x03, 0xa0, 0xfc, 0xc0,
  0x28, 0x38, 0x38, 0x28, 0x03, 0x40, 0x28, 0x38, 0x38, 0xfc, 0x98, 0x03,
  0x40, 0x0d, 0x13, 0xfc, 0x80, 0x13, 0x03, 0x4d, 0xfc, 0xc0, 0x0d, 0x13,
  0x03, 0x80, 0x13, 0xfc, 0xd3, 0x40, 0x40, 0x80, 0x40, 0x40, 0x80, 0x40,
  0x40, 0x03, 0x40, 0x38, 0x28, 0xfd, 0xc0, 0x28, 0x38, 0x38, 0x28, 0x02,
  0x40, 0x28, 0x38, 0x40, 0x13, 0x0d, 0x60, 0x60, 0x0d, 0x13, 0xfd, 0x80,
  0x13, 0x0d, 0x01, 0x20, 0xfe, 0xe0, 0x0d, 0x13, 0xc0, 0x80, 0x80, 0x80,
  0x80, 0x80, 0x00, 0x00, 0x00, 0x07, 0x00, 0x00, 0xff, 0xc0, 0x03, 0xc0,
  0x03, 0xc0, 0x00, 0x0f, 0x00, 0x13, 0x00, 0x23, 0x00, 0x27, 0x00, 0x2b,
  0x00, 0x3b, 0x00, 0x47, 0x00, 0x00, 0x01, 0x21, 0x22, 0x06, 0x15, 0x11,
  0x14, 0x16, 0x33, 0x21, 0x32, 0x36, 0x35, 0x11, 0x34, 0x26, 0x03, 0x21,
  0x35, 0x21, 0x25, 0x21, 0x22, 0x06, 0x15, 0x11, 0x14, 0x16, 0x33, 0x21,
  0x32, 0x36, 0x35, 0x11, 0x34, 0x26, 0x03, 0x21, 0x35, 0x21, 0x35, 0x21,
  0x35, 0x21, 0x05, 0x21, 0x22, 0x06, 0x15, 0x11, 0x14, 0x16, 0x33, 0x21,
  0x32, 0x36, 0x35, 0x11, 0x34, 0x26, 0x03, 0x23, 0x15, 0x23, 0x35, 0x23,
  0x35, 0x33, 0x35, 0x33, 0x15, 0x33, 0x01, 0x80, 0xfe, 0xc0, 0x1a, 0x26,
  0x26, 0x1a, 0x01, 0x40, 0x1a, 0x26, 0x26, 0x1a, 0xfe, 0xc0, 0x01, 0x40,
  0x02, 0x00, 0xfe, 0xc0, 0x1a, 0x26, 0x26, 0x1a, 0x01, 0x40, 0x1a, 0x26,
  0x26, 0x1a, 0xfe, 0xc0, 0x01, 0x40, 0xfe, 0xc0, 0x01, 0x40, 0xfe, 0x00,
  0xfe, 0xc0, 0x1a, 0x26, 0x26, 0x1a, 0x01, 0x40, 0x1a, 0x26, 0x26, 0x1a,
  0x80, 0x40, 0x80, 0x80, 0x40, 0x80, 0x03, 0x80, 0x26, 0x1a, 0xfe, 0xc0,
  0x1a, 0x26, 0x26, 0x1a, 0x01, 0x40, 0x1a, 0x26, 0xff, 0x00, 0x40, 0xc0,
  0x26, 0x1a, 0xfc, 0xc0, 0x1a, 0x26, 0x26, 0x1a, 0x03, 0x40, 0x1a, 0x26,
  0xfd, 0xc0, 0x40, 0x80, 0x40, 0xc0, 0x26, 0x1a, 0xfe, 0xc0, 0x1a, 0x26,
  0x26, 0x1a, 0x01, 0x40, 0x1a, 0x26, 0xff, 0x00, 0x80, 0x80, 0x40, 0x80,
  0x80, 0x00, 0x00, 0x00, 0x00, 0x06, 0x00, 0x00, 0xff, 0xc0, 0x04, 0x00,
  0x03, 0xc0, 0x00, 0x1b, 0x00, 0x27, 0x00, 0x37, 0x00, 0x47, 0x00, 0x56,
  0x00, 0x64, 0x00, 0x00, 0x01, 0x22, 0x07, 0x0e, 0x01, 0x07, 0x06, 0x15,
  0x14, 0x17, 0x1e, 0x01, 0x17, 0x16, 0x33, 0x32, 0x37, 0x3e, 0x01, 0x37,
  0x36, 0x35, 0x34, 0x27, 0x2e, 0x01, 0x27, 0x26, 0x01, 0x34, 0x36, 0x33,
  0x32, 0x16, 0x15, 0x14, 0x06, 0x23, 0x22, 0x26, 0x05, 0x31, 0x27, 0x3e,
  0x01, 0x35, 0x34, 0x26, 0x27, 0x37, 0x1e, 0x01, 0x15, 0x14, 0x06, 0x07,
  0x03, 0x39, 0x01, 0x07, 0x2e, 0x01, 0x23, 0x22, 0x06, 0x07, 0x27, 0x3e,
  0x01, 0x33, 0x32, 0x16, 0x01, 0x17, 0x0e, 0x01, 0x15, 0x14, 0x16, 0x17,
  0x07, 0x2e, 0x01, 0x35, 0x34, 0x36, 0x37, 0x13, 0x37, 0x1e, 0x01, 0x33,
  0x32, 0x36, 0x37, 0x17, 0x0e, 0x01, 0x23, 0x22, 0x26, 0x02, 0x00, 0x6a,
  0x5d, 0x5e, 0x8b, 0x28, 0x28, 0x28, 0x28, 0x8b, 0x5e, 0x5d, 0x6a, 0x6a,
  0x5d, 0x5e, 0x8b, 0x28, 0x28, 0x28, 0x28, 0x8b, 0x5e, 0x5d, 0xfe, 0xd6,
  0x70, 0x50, 0x50, 0x70, 0x70, 0x50, 0x50, 0x70, 0x02, 0x5e, 0xb1, 0x09,
  0x0a, 0x0a, 0x09, 0xb1, 0x10, 0x12, 0x12, 0x10, 0xf3, 0x49, 0x17, 0x31,
  0x1a, 0x1a, 0x31, 0x17, 0x49, 0x27, 0x56, 0x2e, 0x2e, 0x56, 0xfd, 0xde,
  0xb1, 0x09, 0x0a, 0x0a, 0x09, 0xb1, 0x10, 0x12, 0x12, 0x10, 0xf3, 0x49,
  0x17, 0x31, 0x1a, 0x1a, 0x31, 0x17, 0x49, 0x27, 0x56, 0x2e, 0x2e, 0x56,
  0x03, 0xc0, 0x28, 0x28, 0x8b, 0x5e, 0x5d, 0x6a, 0x6a, 0x5d, 0x5e, 0x8b,
  0x28, 0x28, 0x28, 0x28, 0x8b, 0x5e, 0x5d, 0x6a, 0x6a, 0x5d, 0x5e, 0x8b,
  0x28, 0x28, 0xfe, 0x00, 0x50, 0x70, 0x70, 0x50, 0x50, 0x70, 0x70, 0x5b,
  0x49, 0x17, 0x31, 0x1a, 0x1a, 0x31, 0x17, 0x49, 0x27, 0x56, 0x2e, 0x2e,
  0x56, 0x27, 0x02, 0x49, 0xb1, 0x09, 0x0a, 0x0a, 0x09, 0xb1, 0x10, 0x12,
  0x12, 0xfe, 0xfd, 0x49, 0x17, 0x31, 0x1a, 0x1a, 0x31, 0x17, 0x49, 0x27,
  0x56, 0x2e, 0x2e, 0x56, 0x27, 0xfd, 0xb7, 0xb1, 0x09, 0x0a, 0x0a, 0x09,
  0xb1, 0x10, 0x12, 0x12, 0x00, 0x01, 0x00, 0x00, 0xff, 0xc0, 0x03, 0xc0,
  0x03, 0xc0, 0x00, 0x35, 0x00, 0x00, 0x01, 0x0e, 0x01, 0x23, 0x22, 0x26,
  0x27, 0x2e, 0x01, 0x35, 0x34, 0x36, 0x37, 0x36, 0x27, 0x2e, 0x01, 0x27,
  0x26, 0x23, 0x22, 0x07, 0x0e, 0x01, 0x07, 0x06, 0x31, 0x14, 0x17, 0x1e,
  0x01, 0x17, 0x16, 0x17, 0x16, 0x17, 0x1e, 0x01, 0x17, 0x16, 0x33, 0x30,
  0x37, 0x3e, 0x01, 0x37, 0x36, 0x35, 0x34, 0x27, 0x2e, 0x01, 0x27, 0x26,
  0x02, 0xc0, 0x30, 0x20, 0x30, 0x30, 0x60, 0x30, 0x30, 0x50, 0x50, 0x30,
  0x18, 0x12, 0x12, 0x48, 0x2a, 0x2a, 0x18, 0x18, 0x21, 0x21, 0x3c, 0x15,
  0x15, 0x16, 0x17, 0x49, 0x2d, 0x2e, 0x2f, 0x2f, 0x44, 0x43, 0x91, 0x45,
  0x44, 0x30, 0x1e, 0x1e, 0x48, 0x1e, 0x1e, 0x1f, 0x1f, 0x54, 0x2b, 0x2b,
  0x01, 0x40, 0x30, 0x50, 0x50, 0x30, 0x30, 0x60, 0x30, 0x30, 0x20, 0x30,
  0x18, 0x2b, 0x2b, 0x54, 0x1f, 0x1f, 0x1e, 0x1e, 0x48, 0x1e, 0x1e, 0x30,
  0x44, 0x45, 0x91, 0x43, 0x44, 0x2f, 0x2f, 0x2e, 0x2d, 0x49, 0x17, 0x16,
  0x15, 0x15, 0x3c, 0x21, 0x21, 0x18, 0x18, 0x2a, 0x2a, 0x48, 0x12, 0x12,
  0x00, 0x01, 0x00, 0x00, 0xff, 0xc0, 0x03, 0xf9, 0x03, 0xc0, 0x00, 0x42,
  0x00, 0x00, 0x01, 0x1e, 0x01, 0x07, 0x06, 0x07, 0x06, 0x26, 0x27, 0x26,
  0x35, 0x34, 0x36, 0x27, 0x2e, 0x01, 0x23, 0x22, 0x06, 0x07, 0x06, 0x16,
  0x15, 0x14, 0x07, 0x0e, 0x01, 0x27, 0x26, 0x27, 0x26, 0x36, 0x37, 0x3e,
  0x01, 0x37, 0x38, 0x01, 0x31, 0x36, 0x37, 0x3e, 0x01, 0x37, 0x36, 0x33,
  0x31, 0x3a, 0x01, 0x33, 0x3a, 0x01, 0x33, 0x31, 0x32, 0x17, 0x1e, 0x01,
  0x17, 0x16, 0x17, 0x38, 0x01, 0x31, 0x1e, 0x01, 0x17, 0x03, 0xf9, 0x06,
  0x01, 0x12, 0x10, 0x31, 0x31, 0x69, 0x2a, 0x29, 0x21, 0x1f, 0x1f, 0x66,
  0x3d, 0x3d, 0x66, 0x1f, 0x1f, 0x21, 0x29, 0x2a, 0x69, 0x31, 0x31, 0x10,
  0x12, 0x01, 0x06, 0x04, 0x1e, 0x25, 0x1c, 0x25, 0x24, 0x66, 0x44, 0x44,
  0x5b, 0x01, 0x02, 0x01, 0x01, 0x02, 0x01, 0x5b, 0x44, 0x44, 0x66, 0x24,
  0x25, 0x1c, 0x25, 0x1e, 0x04, 0x01, 0x80, 0x2a, 0x61, 0x15, 0x12, 0x09,
  0x08, 0x09, 0x13, 0x13, 0x24, 0x24, 0x38, 0x24, 0x23, 0x0d, 0x0d, 0x23,
  0x24, 0x38, 0x24, 0x24, 0x13, 0x13, 0x09, 0x08, 0x09, 0x12, 0x15, 0x61,
  0x2a, 0x1c, 0x3e, 0x26, 0x1a, 0x17, 0x17, 0x23, 0x0a, 0x0b, 0x0b, 0x0a,
  0x23, 0x17, 0x17, 0x1a, 0x26, 0x3e, 0x1c, 0x00, 0x00, 0x07, 0x00, 0x00,
  0xff, 0xc0, 0x03, 0xc0, 0x03, 0xc0, 0x00, 0x03, 0x00, 0x10, 0x00, 0x1b,
  0x00, 0x1f, 0x00, 0x23, 0x00, 0x27, 0x00, 0x2b, 0x00, 0x00, 0x13, 0x11,
  0x21, 0x11, 0x01, 0x32, 0x16, 0x15, 0x14, 0x06, 0x23, 0x22, 0x26, 0x35,
  0x34, 0x36, 0x33, 0x13, 0x21, 0x35, 0x34, 0x36, 0x33, 0x31, 0x33, 0x32,
  0x16, 0x15, 0x01, 0x33, 0x15, 0x23, 0x15, 0x33, 0x15, 0x23, 0x15, 0x33,
  0x15, 0x23, 0x15, 0x33, 0x15, 0x23, 0xc0, 0x03, 0x00, 0xfe, 0x80, 0x35,
  0x4b, 0x4b, 0x35, 0x35, 0x4b, 0x4b, 0x35, 0xc0, 0xfe, 0x80, 0x4b, 0x35,
  0x80, 0x35, 0x4b, 0xfd, 0x40, 0x60, 0x60, 0x60, 0x60, 0x60, 0x60, 0x60,
  0x60, 0x03, 0xc0, 0xfc, 0x00, 0x04, 0x00, 0xff, 0x00, 0x4b, 0x35, 0x35,
  0x4b, 0x4b, 0x35, 0x35, 0x4b, 0xfe, 0x00, 0x40, 0x35, 0x4b, 0x4b, 0x35,
  0x02, 0x80, 0xc0, 0x40, 0xc0, 0x40, 0xc0, 0x40, 0xc0, 0x00, 0x00, 0x00,
  0x00, 0x05, 0x00, 0x00, 0xff, 0xc0, 0x04, 0x00, 0x03, 0xc0, 0x00, 0x0f,
  0x00, 0x13, 0x00, 0x16, 0x00, 0x1b, 0x00, 0x1f, 0x00, 0x00, 0x01, 0x21,
  0x22, 0x06, 0x15, 0x11, 0x14, 0x16, 0x33, 0x21, 0x32, 0x36, 0x35, 0x11,
  0x34, 0x26, 0x01, 0x05, 0x11, 0x01, 0x03, 0x21, 0x05, 0x07, 0x17, 0x37,
  0x13, 0x21, 0x09, 0x01, 0x11, 0x25, 0x03, 0xa0, 0xfc, 0xc0, 0x28, 0x38,
  0x38, 0x28, 0x03, 0x40, 0x28, 0x38, 0x38, 0xfd, 0xc7, 0xfe, 0xf1, 0x01,
  0x0f, 0xdf, 0x02, 0xa0, 0xfe, 0xb0, 0x67, 0x67, 0x67, 0xd2, 0xfd, 0x8e,
  0x01, 0xaa, 0x01, 0x0f, 0xfe, 0xf1, 0x03, 0x40, 0x38, 0x28, 0xfd, 0x80,
  0x28, 0x38, 0x38, 0x28, 0x02, 0x80, 0x28, 0x38, 0xfe, 0x5a, 0xd3, 0x01,
  0xf5, 0xfe, 0xde, 0x01, 0x26, 0xfc, 0x36, 0x6e, 0x6e, 0xfe, 0xf2, 0x01,
  0x1a, 0x01, 0x22, 0xfe, 0x0b, 0xd3, 0x00, 0x00, 0x00, 0x02, 0x00, 0x00,
  0xff, 0xc0, 0x04, 0x00, 0x03, 0xc0, 0x00, 0x0e, 0x00, 0x12, 0x00, 0x00,
  0x01, 0x07, 0x17, 0x03, 0x23, 0x17, 0x01, 0x15, 0x33, 0x01, 0x17, 0x35,
  0x25, 0x17, 0x37, 0x05, 0x27, 0x37, 0x17, 0x02, 0x20, 0x60, 0x60, 0xe0,
  0xe0, 0xb0, 0xfe, 0xf0, 0x27, 0x01, 0x69, 0xb0, 0x01, 0x00, 0x60, 0x60,
  0xfd, 0xc0, 0x40, 0xe0, 0x40, 0x03, 0xc0, 0x60, 0x60, 0xff, 0x00, 0xb0,
  0xfe, 0x97, 0x27, 0x01, 0x10, 0xb0, 0xe0, 0xe0, 0x60, 0x60, 0x40, 0x40,
  0xe0, 0x40, 0x00, 0x00, 0x00, 0x02, 0x00, 0x00, 0xff, 0xc0, 0x03, 0x40,
  0x03, 0xc0, 0x00, 0x1b, 0x00, 0x27, 0x00, 0x00, 0x01, 0x22, 0x07, 0x0e,
  0x01, 0x07, 0x06, 0x15, 0x14, 0x17, 0x1e, 0x01, 0x17, 0x16, 0x31, 0x30,
  0x37, 0x3e, 0x01, 0x37, 0x36, 0x35, 0x34, 0x27, 0x2e, 0x01, 0x27, 0x26,
  0x03, 0x22, 0x26, 0x35, 0x34, 0x36, 0x33, 0x32, 0x16, 0x15, 0x14, 0x06,
  0x02, 0x00, 0x42, 0x3b, 0x3a, 0x57, 0x19, 0x19, 0x32, 0x32, 0x78, 0x32,
  0x32, 0x32, 0x32, 0x78, 0x32, 0x32, 0x19, 0x19, 0x57, 0x3a, 0x3b, 0x42,
  0x50, 0x70, 0x70, 0x50, 0x50, 0x70, 0x70, 0x03, 0xc0, 0x19, 0x19, 0x57,
  0x3a, 0x3b, 0x42, 0x78, 0x7d, 0x7d, 0xcc, 0x41, 0x41, 0x41, 0x41, 0xcc,
  0x7d, 0x7d, 0x78, 0x42, 0x3b, 0x3a, 0x57, 0x19, 0x19, 0xfe, 0x00, 0x70,
  0x50, 0x50, 0x70, 0x70, 0x50, 0x50, 0x70, 0x00, 0x00, 0x03, 0x00, 0x00,
  0xff, 0xc0, 0x03, 0x40, 0x03, 0xc0, 0x00, 0x1b, 0x00, 0x37, 0x00, 0x43,
  0x00, 0x00, 0x01, 0x22, 0x07, 0x0e, 0x01, 0x07, 0x06, 0x15, 0x14, 0x17,
  0x1e, 0x01, 0x17, 0x16, 0x31, 0x30, 0x37, 0x3e, 0x01, 0x37, 0x36, 0x35,
  0x34, 0x27, 0x2e, 0x01, 0x27, 0x26, 0x03, 0x22, 0x27, 0x2e, 0x01, 0x27,
  0x26, 0x35, 0x34, 0x37, 0x3e, 0x01, 0x37, 0x36, 0x33, 0x32, 0x17, 0x1e,
  0x01, 0x17, 0x16, 0x15, 0x14, 0x07, 0x0e, 0x01, 0x07, 0x06, 0x27, 0x34,
  0x36, 0x33, 0x32, 0x16, 0x15, 0x14, 0x06, 0x23, 0x22, 0x26, 0x02, 0x00,
  0x42, 0x3b, 0x3a, 0x57, 0x19, 0x19, 0x32, 0x32, 0x78, 0x32, 0x32, 0x32,
  0x32, 0x78, 0x32, 0x32, 0x19, 0x19, 0x57, 0x3a, 0x3b, 0x42, 0x29, 0x23,
  0x24, 0x35, 0x10, 0x0f, 0x0f, 0x10, 0x35, 0x24, 0x23, 0x29, 0x29, 0x23,
  0x24, 0x35, 0x10, 0x0f, 0x0f, 0x10, 0x35, 0x24, 0x23, 0xa5, 0x49, 0x33,
  0x33, 0x49, 0x49, 0x33, 0x33, 0x49, 0x03, 0xc0, 0x19, 0x19, 0x57, 0x3a,
  0x3b, 0x42, 0x78, 0x7d, 0x7d, 0xcc, 0x41, 0x41, 0x41, 0x41, 0xcc, 0x7d,
  0x7d, 0x78, 0x42, 0x3b, 0x3a, 0x57, 0x19, 0x19, 0xfd, 0xfc, 0x0f, 0x10,
  0x35, 0x24, 0x23, 0x29, 0x29, 0x23, 0x24, 0x35, 0x10, 0x0f, 0x0f, 0x10,
  0x35, 0x24, 0x23, 0x29, 0x29, 0x23, 0x24, 0x35, 0x10, 0x0f, 0xc4, 0x33,
  0x49, 0x49, 0x33, 0x33, 0x49, 0x49, 0x00, 0x00, 0x00, 0x02, 0x00, 0x00,
  0xff, 0xc0, 0x03, 0xfd, 0x03, 0xc0, 0x00, 0x19, 0x00, 0x21, 0x00, 0x00,
  0x05, 0x2a, 0x01, 0x27, 0x2e, 0x01, 0x35, 0x11, 0x21, 0x22, 0x26, 0x27,
  0x26, 0x36, 0x37, 0x01, 0x36, 0x16, 0x17, 0x1e, 0x01, 0x07, 0x01, 0x0e,
  0x01, 0x23, 0x01, 0x21, 0x32, 0x16, 0x15, 0x11, 0x09, 0x01, 0x02, 0x20,
  0x02, 0x03, 0x02, 0x0b, 0x0e, 0xfe, 0x20, 0x0b, 0x12, 0x02, 0x03, 0x0a,
  0x0a, 0x03, 0xc0, 0x0a, 0x13, 0x08, 0x07, 0x03, 0x04, 0xfe, 0x40, 0x04,
  0x10, 0x09, 0xfe, 0x90, 0x01, 0x70, 0x0d, 0x13, 0x01, 0x5e, 0xfd, 0x12,
  0x40, 0x01, 0x02, 0x12, 0x0b, 0x01, 0xe0, 0x0e, 0x0b, 0x0b, 0x14, 0x05,
  0x01, 0xc0, 0x04, 0x03, 0x07, 0x08, 0x13, 0x0a, 0xfc, 0x40, 0x08, 0x0a,
  0x02, 0x40, 0x13, 0x0d, 0xfe, 0x90, 0x02, 0xee, 0xfe, 0xa2, 0x00, 0x00,
  0x00, 0x04, 0x00, 0x00, 0xff, 0xc0, 0x04, 0x00, 0x03, 0xc0, 0x00, 0x1b,
  0x00, 0x2b, 0x00, 0x2e, 0x00, 0x3e, 0x00, 0x00, 0x01, 0x22, 0x07, 0x0e,
  0x01, 0x07, 0x06, 0x15, 0x14, 0x17, 0x1e, 0x01, 0x17, 0x16, 0x33, 0x32,
  0x37, 0x3e, 0x01, 0x37, 0x36, 0x35, 0x34, 0x27, 0x2e, 0x01, 0x27, 0x26,
  0x01, 0x34, 0x37, 0x3e, 0x01, 0x37, 0x36, 0x33, 0x32, 0x16, 0x17, 0x05,
  0x03, 0x2e, 0x01, 0x35, 0x0d, 0x01, 0x13, 0x13, 0x22, 0x26, 0x27, 0x25,
  0x13, 0x1e, 0x01, 0x15, 0x14, 0x07, 0x0e, 0x01, 0x07, 0x06, 0x23, 0x02,
  0x00, 0x6a, 0x5d, 0x5e, 0x8b, 0x28, 0x28, 0x28, 0x28, 0x8b, 0x5e, 0x5d,
  0x6a, 0x6a, 0x5d, 0x5e, 0x8b, 0x28, 0x28, 0x28, 0x28, 0x8b, 0x5e, 0x5d,
  0xfd, 0xf6, 0x21, 0x20, 0x71, 0x4c, 0x4c, 0x56, 0x52, 0x92, 0x38, 0xfe,
  0x64, 0xb0, 0x34, 0x3c, 0x01, 0xe9, 0xff, 0x00, 0x6e, 0x49, 0x52, 0x92,
  0x38, 0x01, 0x9c, 0xb0, 0x34, 0x3c, 0x21, 0x20, 0x71, 0x4c, 0x4c, 0x56,
  0x03, 0xc0, 0x28, 0x28, 0x8b, 0x5e, 0x5d, 0x6a, 0x6a, 0x5d, 0x5e, 0x8b,
  0x28, 0x28, 0x28, 0x28, 0x8b, 0x5e, 0x5d, 0x6a, 0x6a, 0x5d, 0x5e, 0x8b,
  0x28, 0x28, 0xfe, 0x00, 0x56, 0x4c, 0x4c, 0x71, 0x20, 0x21, 0x3c, 0x34,
  0xb0, 0xfe, 0x64, 0x38, 0x92, 0x52, 0x49, 0x6e, 0x01, 0x00, 0xfe, 0x17,
  0x3c, 0x34, 0xb0, 0x01, 0x9c, 0x38, 0x92, 0x52, 0x56, 0x4c, 0x4c, 0x71,
  0x20, 0x21, 0x00, 0x00, 0x00, 0x03, 0x00, 0x00, 0xff, 0xc0, 0x04, 0x00,
  0x03, 0xc0, 0x00, 0x03, 0x00, 0x07, 0x00, 0x0b, 0x00, 0x00, 0x13, 0x25,
  0x11, 0x05, 0x01, 0x05, 0x11, 0x25, 0x01, 0x25, 0x11, 0x05, 0x00, 0x01,
  0x40, 0xfe, 0xc0, 0x01, 0x80, 0x01, 0x40, 0xfe, 0xc0, 0x01, 0x80, 0x01,
  0x00, 0xff, 0x00, 0x03, 0x00, 0x80, 0xfd, 0x00, 0x80, 0x03, 0xa0, 0xc0,
  0xfd, 0x20, 0xa0, 0x02, 0x40, 0xc0, 0xfd, 0x00, 0xc0, 0x00, 0x00, 0x00,
  0x00, 0x04, 0x00, 0x00, 0xff, 0xc0, 0x04, 0x00, 0x03, 0xc0, 0x00, 0x07,
  0x00, 0x0b, 0x00, 0x0f, 0x00, 0x13, 0x00, 0x00, 0x01, 0x25, 0x05, 0x11,
  0x25, 0x05, 0x25, 0x11, 0x0d, 0x01, 0x11, 0x25, 0x01, 0x25, 0x11, 0x05,
  0x25, 0x05, 0x11, 0x25, 0x02, 0xa0, 0xfe, 0xc0, 0xfe, 0xa0, 0x01, 0x60,
  0x01, 0x40, 0x01, 0x60, 0xfd, 0x80, 0x01, 0x00, 0xff, 0x00, 0xfe, 0xc0,
  0x01, 0x00, 0xff, 0x00, 0x03, 0x80, 0xff, 0x00, 0x01, 0x00, 0x03, 0x00,
  0x80, 0x80, 0xfd, 0x00, 0x80, 0x80, 0x80, 0x03, 0x00, 0x52, 0x66, 0xfd,
  0x8a, 0x66, 0x02, 0x1b, 0x5d, 0xfd, 0x88, 0x5d, 0x52, 0x5d, 0x02, 0x78,
  0x5d, 0x00, 0x00, 0x00, 0x00, 0x02, 0x00, 0x00, 0xff, 0xc0, 0x04, 0x40,
  0x03, 0xc0, 0x00, 0x2b, 0x00, 0x31, 0x00, 0x00, 0x01, 0x32, 0x17, 0x1e,
  0x01, 0x17, 0x16, 0x15, 0x14, 0x07, 0x0e, 0x01, 0x07, 0x06, 0x23, 0x35,
  0x32, 0x36, 0x37, 0x3e, 0x01, 0x35, 0x34, 0x26, 0x27, 0x2e, 0x01, 0x23,
  0x22, 0x06, 0x07, 0x0e, 0x01, 0x07, 0x33, 0x0b, 0x01, 0x33, 0x36, 0x37,
  0x3e, 0x01, 0x37, 0x36, 0x01, 0x15, 0x21, 0x11, 0x33, 0x15, 0x02, 0x80,
  0x5d, 0x51, 0x52, 0x7a, 0x23, 0x23, 0x23, 0x23, 0x7a, 0x52, 0x51, 0x5d,
  0x47, 0x80, 0x32, 0x32, 0x35, 0x35, 0x32, 0x32, 0x80, 0x47, 0x47, 0x80,
  0x32, 0x26, 0x32, 0x09, 0xba, 0xe0, 0xe0, 0xa5, 0x0b, 0x27, 0x27, 0x76,
  0x4c, 0x4b, 0x01, 0x15, 0xff, 0x00, 0x80, 0x03, 0x80, 0x23, 0x23, 0x7a,
  0x52, 0x51, 0x5d, 0x5d, 0x51, 0x52, 0x7a, 0x23, 0x23, 0x60, 0x35, 0x32,
  0x32, 0x80, 0x47, 0x47, 0x80, 0x32, 0x32, 0x35, 0x35, 0x32, 0x26, 0x5f,
  0x34, 0xff, 0x00, 0x01, 0x00, 0x51, 0x47, 0x46, 0x67, 0x1e, 0x1d, 0xfe,
  0x80, 0x80, 0x01, 0x40, 0xc0, 0x00, 0x00, 0x00, 0x00, 0x03, 0x00, 0x00,
  0xff, 0xc0, 0x04, 0x00, 0x03, 0xc0, 0x00, 0x05, 0x00, 0x21, 0x00, 0x3d,
  0x00, 0x00, 0x25, 0x27, 0x11, 0x33, 0x15, 0x17, 0x03, 0x22, 0x07, 0x0e,
  0x01, 0x07, 0x06, 0x15, 0x14, 0x17, 0x1e, 0x01, 0x17, 0x16, 0x33, 0x32,
  0x37, 0x3e, 0x01, 0x37, 0x36, 0x35, 0x34, 0x27, 0x2e, 0x01, 0x27, 0x26,
  0x03, 0x22, 0x27, 0x2e, 0x01, 0x27, 0x26, 0x35, 0x34, 0x37, 0x3e, 0x01,
  0x37, 0x36, 0x33, 0x32, 0x17, 0x1e, 0x01, 0x17, 0x16, 0x15, 0x14, 0x07,
  0x0e, 0x01, 0x07, 0x06, 0x02, 0x93, 0xd3, 0x80, 0xad, 0xed, 0x6a, 0x5d,
  0x5e, 0x8b, 0x28, 0x28, 0x28, 0x28, 0x8b, 0x5e, 0x5d, 0x6a, 0x6a, 0x5d,
  0x5e, 0x8b, 0x28, 0x28, 0x28, 0x28, 0x8b, 0x5e, 0x5d, 0x6a, 0x50, 0x45,
  0x46, 0x69, 0x1e, 0x1e, 0x1e, 0x1e, 0x69, 0x46, 0x45, 0x50, 0x50, 0x45,
  0x46, 0x69, 0x1e, 0x1e, 0x1e, 0x1e, 0x69, 0x46, 0x45, 0xd3, 0xd2, 0x01,
  0x1b, 0xe5, 0xae, 0x02, 0x93, 0x28, 0x28, 0x8b, 0x5e, 0x5d, 0x6a, 0x6a,
  0x5d, 0x5e, 0x8b, 0x28, 0x28, 0x28, 0x28, 0x8b, 0x5e, 0x5d, 0x6a, 0x6a,
  0x5d, 0x5e, 0x8b, 0x28, 0x28, 0xfc, 0x80, 0x1e, 0x1e, 0x69, 0x46, 0x45,
  0x50, 0x50, 0x45, 0x46, 0x69, 0x1e, 0x1e, 0x1e, 0x1e, 0x69, 0x46, 0x45,
  0x50, 0x50, 0x45, 0x46, 0x69, 0x1e, 0x1e, 0x00, 0x00, 0x02, 0x00, 0x00,
  0xff, 0xc0, 0x04, 0x00, 0x03, 0xc0, 0x00, 0x1b, 0x00, 0x22, 0x00, 0x00,
  0x01, 0x22, 0x07, 0x0e, 0x01, 0x07, 0x06, 0x15, 0x14, 0x17, 0x1e, 0x01,
  0x17, 0x16, 0x33, 0x32, 0x37, 0x3e, 0x01, 0x37, 0x36, 0x35, 0x34, 0x27,
  0x2e, 0x01, 0x27, 0x26, 0x13, 0x27, 0x11, 0x33, 0x15, 0x17, 0x07, 0x02,
  0x00, 0x6a, 0x5d, 0x5e, 0x8b, 0x28, 0x28, 0x28, 0x28, 0x8b, 0x5e, 0x5d,
  0x6a, 0x6a, 0x5d, 0x5e, 0x8b, 0x28, 0x28, 0x28, 0x28, 0x8b, 0x5e, 0x5d,
  0x29, 0xd3, 0x80, 0xad, 0x5a, 0x03, 0xc0, 0x28, 0x28, 0x8b, 0x5e, 0x5d,
  0x6a, 0x6a, 0x5d, 0x5e, 0x8b, 0x28, 0x28, 0x28, 0x28, 0x8b, 0x5e, 0x5d,
  0x6a, 0x6a, 0x5d, 0x5e, 0x8b, 0x28, 0x28, 0xfd, 0x13, 0xd2, 0x01, 0x1b,
  0xe5, 0xae, 0x5a, 0x00, 0x00, 0x05, 0x00, 0x00, 0xff, 0xc0, 0x03, 0xc0,
  0x03, 0xc0, 0x00, 0x1b, 0x00, 0x37, 0x00, 0x49, 0x00, 0x59, 0x00, 0x5f,
  0x00, 0x00, 0x01, 0x22, 0x07, 0x0e, 0x01, 0x07, 0x06, 0x15, 0x14, 0x17,
  0x1e, 0x01, 0x17, 0x16, 0x33, 0x32, 0x37, 0x3e, 0x01, 0x37, 0x36, 0x35,
  0x34, 0x27, 0x2e, 0x01, 0x27, 0x26, 0x03, 0x22, 0x27, 0x2e, 0x01, 0x27,
  0x26, 0x35, 0x34, 0x37, 0x3e, 0x01, 0x37, 0x36, 0x33, 0x32, 0x17, 0x1e,
  0x01, 0x17, 0x16, 0x15, 0x14, 0x07, 0x0e, 0x01, 0x07, 0x06, 0x01, 0x3e,
  0x01, 0x35, 0x34, 0x26, 0x23, 0x22, 0x06, 0x07, 0x16, 0x17, 0x1e, 0x01,
  0x17, 0x16, 0x17, 0x31, 0x25, 0x2e, 0x01, 0x23, 0x22, 0x06, 0x15, 0x14,
  0x16, 0x17, 0x36, 0x37, 0x3e, 0x01, 0x37, 0x36, 0x13, 0x11, 0x23, 0x11,
  0x21, 0x35, 0x02, 0x00, 0x5d, 0x51, 0x52, 0x7a, 0x23, 0x23, 0x23, 0x23,
  0x7a, 0x52, 0x51, 0x5d, 0x5d, 0x51, 0x52, 0x7a, 0x23, 0x23, 0x23, 0x23,
  0x7a, 0x52, 0x51, 0x5d, 0x4b, 0x41, 0x42, 0x61, 0x1d, 0x1c, 0x1c, 0x1d,
  0x61, 0x42, 0x41, 0x4b, 0x4b, 0x41, 0x42, 0x61, 0x1d, 0x1c, 0x1c, 0x1d,
  0x61, 0x42, 0x41, 0x01, 0x5c, 0x0c, 0x0d, 0x70, 0x50, 0x2e, 0x50, 0x1a,
  0x32, 0x2d, 0x2e, 0x51, 0x23, 0x22, 0x1c, 0xfd, 0xf1, 0x1a, 0x50, 0x2e,
  0x50, 0x70, 0x0d, 0x0c, 0x1c, 0x22, 0x23, 0x51, 0x2e, 0x2d, 0x9a, 0x40,
  0x01, 0x00, 0x03, 0x40, 0x23, 0x23, 0x7a, 0x52, 0x51, 0x5d, 0x5d, 0x51,
  0x52, 0x7a, 0x23, 0x23, 0x23, 0x23, 0x7a, 0x52, 0x51, 0x5d, 0x5d, 0x51,
  0x52, 0x7a, 0x23, 0x23, 0xfc, 0xd8, 0x1c, 0x1d, 0x61, 0x42, 0x41, 0x4b,
  0x4b, 0x41, 0x42, 0x61, 0x1d, 0x1c, 0x1c, 0x1d, 0x61, 0x42, 0x41, 0x4b,
  0x4b, 0x41, 0x42, 0x61, 0x1d, 0x1c, 0x02, 0x89, 0x15, 0x30, 0x1a, 0x50,
  0x70, 0x29, 0x22, 0x0a, 0x13, 0x14, 0x36, 0x22, 0x23, 0x28, 0xd4, 0x22,
  0x29, 0x70, 0x50, 0x1a, 0x30, 0x15, 0x28, 0x23, 0x22, 0x36, 0x14, 0x13,
  0xfe, 0x15, 0x01, 0x00, 0xfe, 0xc0, 0x40, 0x00, 0x00, 0x02, 0x00, 0x00,
  0xff, 0xc0, 0x04, 0x02, 0x03, 0xc0, 0x00, 0x46, 0x00, 0x6d, 0x00, 0x00,
  0x25, 0x34, 0x27, 0x2e, 0x01, 0x27, 0x26, 0x35, 0x34, 0x26, 0x27, 0x26,
  0x27, 0x2e, 0x01, 0x27, 0x26, 0x27, 0x34, 0x36, 0x35, 0x34, 0x26, 0x23,
  0x22, 0x06, 0x15, 0x14, 0x16, 0x15, 0x06, 0x07, 0x0e, 0x01, 0x07, 0x06,
  0x07, 0x1c, 0x01, 0x15, 0x14, 0x07, 0x0e, 0x01, 0x07, 0x06, 0x15, 0x14,
  0x17, 0x1e, 0x01, 0x17, 0x16, 0x17, 0x1e, 0x01, 0x33, 0x32, 0x36, 0x37,
  0x36, 0x37, 0x3e, 0x01, 0x37, 0x36, 0x35, 0x30, 0x34, 0x31, 0x17, 0x07,
  0x0e, 0x01, 0x07, 0x2e, 0x01, 0x23, 0x22, 0x06, 0x07, 0x2e, 0x01, 0x27,
  0x2e, 0x01, 0x27, 0x3e, 0x01, 0x37, 0x36, 0x37, 0x3e, 0x01, 0x37, 0x36,
  0x33, 0x32, 0x17, 0x1e, 0x01, 0x17, 0x16, 0x17, 0x1e, 0x01, 0x17, 0x0e,
  0x01, 0x07, 0x04, 0x01, 0x27, 0x28, 0x60, 0x28, 0x28, 0x03, 0x03, 0x06,
  0x11, 0x10, 0x32, 0x20, 0x20, 0x24, 0x01, 0x26, 0x1a, 0x1a, 0x26, 0x01,
  0x29, 0x23, 0x23, 0x33, 0x0f, 0x0f, 0x01, 0x28, 0x28, 0x60, 0x28, 0x28,
  0x1e, 0x1e, 0x6b, 0x49, 0x49, 0x56, 0x10, 0x3c, 0x25, 0x25, 0x3c, 0x10,
  0x56, 0x49, 0x49, 0x6b, 0x1e, 0x1e, 0x02, 0xc8, 0x28, 0x5f, 0x34, 0x04,
  0x49, 0x32, 0x32, 0x49, 0x04, 0x34, 0x5f, 0x28, 0x38, 0x3a, 0x0a, 0x0a,
  0x3a, 0x38, 0x20, 0x25, 0x25, 0x50, 0x2a, 0x2b, 0x2b, 0x2b, 0x2b, 0x2a,
  0x50, 0x25, 0x25, 0x20, 0x38, 0x3a, 0x0a, 0x0a, 0x3a, 0x38, 0xa0, 0x6c,
  0x34, 0x34, 0x48, 0x28, 0x28, 0x54, 0x0e, 0x18, 0x0a, 0x2a, 0x26, 0x25,
  0x3d, 0x15, 0x16, 0x0a, 0x03, 0x06, 0x03, 0x19, 0x24, 0x24, 0x18, 0x04,
  0x06, 0x03, 0x0b, 0x1a, 0x1a, 0x47, 0x2d, 0x2d, 0x31, 0x02, 0x03, 0x01,
  0x54, 0x28, 0x28, 0x48, 0x34, 0x34, 0x6c, 0x1d, 0x19, 0x1a, 0x29, 0x0f,
  0x0e, 0x06, 0x1e, 0x26, 0x26, 0x1e, 0x06, 0x0e, 0x0f, 0x29, 0x1a, 0x19,
  0x1d, 0x01, 0x01, 0x36, 0x0b, 0x0f, 0x05, 0x31, 0x44, 0x44, 0x31, 0x05,
  0x0f, 0x0b, 0x0f, 0x1e, 0x09, 0x09, 0x1e, 0x0f, 0x09, 0x06, 0x07, 0x09,
  0x03, 0x02, 0x02, 0x03, 0x09, 0x07, 0x06, 0x09, 0x0f, 0x1e, 0x09, 0x09,
  0x1e, 0x0f, 0x00, 0x00, 0x00, 0x02, 0x00, 0x00, 0xff, 0xc0, 0x03, 0x80,
  0x03, 0xc0, 0x00, 0x28, 0x00, 0x49, 0x00, 0x00, 0x01, 0x35, 0x33, 0x35,
  0x34, 0x26, 0x2b, 0x01, 0x22, 0x06, 0x1d, 0x01, 0x33, 0x15, 0x06, 0x07,
  0x0e, 0x01, 0x07, 0x06, 0x15, 0x14, 0x17, 0x1e, 0x01, 0x17, 0x16, 0x33,
  0x32, 0x37, 0x3e, 0x01, 0x37, 0x36, 0x35, 0x34, 0x27, 0x2e, 0x01, 0x27,
  0x26, 0x13, 0x0e, 0x01, 0x23, 0x22, 0x26, 0x27, 0x2e, 0x01, 0x35, 0x34,
  0x36, 0x37, 0x3e, 0x01, 0x37, 0x03, 0x06, 0x16, 0x33, 0x32, 0x36, 0x27,
  0x03, 0x1e, 0x01, 0x17, 0x1e, 0x01, 0x15, 0x14, 0x06, 0x07, 0x02, 0x00,
  0x80, 0x25, 0x1b, 0xc0, 0x1b, 0x25, 0x80, 0x51, 0x46, 0x46, 0x67, 0x1e,
  0x1e, 0x21, 0x20, 0x71, 0x4c, 0x4c, 0x56, 0x56, 0x4c, 0x4c, 0x71, 0x20,
  0x21, 0x1e, 0x1e, 0x67, 0x46, 0x46, 0x71, 0x2d, 0x75, 0x40, 0x40, 0x75,
  0x2d, 0x2e, 0x30, 0x30, 0x2e, 0x2b, 0x70, 0x3d, 0x16, 0x01, 0x12, 0x0f,
  0x0f, 0x12, 0x01, 0x16, 0x3d, 0x70, 0x2b, 0x2e, 0x30, 0x30, 0x2e, 0x02,
  0xff, 0x41, 0x40, 0x1b, 0x25, 0x25, 0x1b, 0x40, 0x41, 0x06, 0x23, 0x23,
  0x6f, 0x49, 0x49, 0x52, 0x56, 0x4c, 0x4c, 0x71, 0x20, 0x21, 0x21, 0x20,
  0x71, 0x4c, 0x4c, 0x56, 0x52, 0x49, 0x49, 0x6f, 0x23, 0x23, 0xfd, 0x85,
  0x2e, 0x30, 0x30, 0x2e, 0x2d, 0x75, 0x40, 0x40, 0x75, 0x2d, 0x2c, 0x30,
  0x02, 0xfe, 0xc6, 0x14, 0x12, 0x12, 0x14, 0x01, 0x3a, 0x02, 0x30, 0x2c,
  0x2d, 0x75, 0x40, 0x40, 0x75, 0x2d, 0x00, 0x00, 0x00, 0x0c, 0x00, 0x00,
  0xff, 0xc0, 0x03, 0xc0, 0x03, 0xc0, 0x00, 0x03, 0x00, 0x07, 0x00, 0x0b,
  0x00, 0x0f, 0x00, 0x13, 0x00, 0x17, 0x00, 0x1b, 0x00, 0x1f, 0x00, 0x23,
  0x00, 0x27, 0x00, 0x33, 0x00, 0x37, 0x00, 0x00, 0x01, 0x33, 0x15, 0x23,
  0x37, 0x33, 0x15, 0x23, 0x37, 0x33, 0x15, 0x23, 0x01, 0x33, 0x15, 0x23,
  0x37, 0x33, 0x15, 0x23, 0x37, 0x33, 0x15, 0x23, 0x03, 0x33, 0x15, 0x23,
  0x37, 0x33, 0x15, 0x23, 0x37, 0x33, 0x15, 0x23, 0x25, 0x33, 0x15, 0x23,
  0x01, 0x15, 0x23, 0x35, 0x21, 0x15, 0x23, 0x35, 0x23, 0x11, 0x21, 0x11,
  0x03, 0x21, 0x11, 0x21, 0x01, 0x40, 0x80, 0x80, 0xc0, 0x80, 0x80, 0xc0,
  0x80, 0x80, 0xfd, 0xc0, 0x80, 0x80, 0xc0, 0x80, 0x80, 0xc0, 0x80, 0x80,
  0xc0, 0x80, 0x80, 0xc0, 0x80, 0x80, 0xc0, 0x80, 0x80, 0xfd, 0xc0, 0x80,
  0x80, 0x02, 0xc0, 0x80, 0xfe, 0x40, 0x80, 0x80, 0x03, 0xc0, 0x40, 0xfc,
  0xc0, 0x03, 0x40, 0x02, 0x40, 0x80, 0x80, 0x80, 0x80, 0x80, 0xff, 0x00,
  0x80, 0x80, 0x80, 0x80, 0x80, 0x01, 0x40, 0x80, 0x80, 0x80, 0x80, 0x80,
  0x80, 0x80, 0x02, 0xc0, 0x40, 0x40, 0x40, 0x40, 0xfc, 0x00, 0x04, 0x00,
  0xfc, 0x40, 0x02, 0xc0, 0x00, 0x04, 0x00, 0x00, 0xff, 0xc0, 0x04, 0x00,
  0x03, 0xc0, 0x00, 0x03, 0x00, 0x17, 0x00, 0x23, 0x00, 0x27, 0x00, 0x00,
  0x01, 0x21, 0x15, 0x21, 0x05, 0x21, 0x22, 0x06, 0x15, 0x11, 0x14, 0x16,
  0x3b, 0x01, 0x11, 0x21, 0x11, 0x33, 0x32, 0x36, 0x35, 0x11, 0x34, 0x26,
  0x05, 0x22, 0x26, 0x35, 0x34, 0x36, 0x33, 0x32, 0x16, 0x15, 0x14, 0x06,
  0x01, 0x21, 0x11, 0x21, 0x01, 0x00, 0x02, 0x00, 0xfe, 0x00, 0x02, 0xc0,
  0xfc, 0x80, 0x1a, 0x26, 0x26, 0x1a, 0xc0, 0x02, 0x00, 0xc0, 0x1a, 0x26,
  0x26, 0xfc, 0xa6, 0x1b, 0x25, 0x25, 0x1b, 0x1b, 0x25, 0x25, 0x02, 0x25,
  0xfe, 0x80, 0x01, 0x80, 0x03, 0x80, 0x80, 0x40, 0x26, 0x1a, 0xfe, 0xc0,
  0x1a, 0x26, 0xff, 0x00, 0x01, 0x00, 0x26, 0x1a, 0x01, 0x40, 0x1a, 0x26,
  0xc0, 0x25, 0x1b, 0x1b, 0x25, 0x25, 0x1b, 0x1b, 0x25, 0xfe, 0x40, 0x01,
  0x40, 0x00, 0x00, 0x00, 0x00, 0x0e, 0x00, 0x00, 0xff, 0xc0, 0x04, 0x80,
  0x03, 0xc0, 0x00, 0x0f, 0x00, 0x13, 0x00, 0x17, 0x00, 0x1b, 0x00, 0x1f,
  0x00, 0x23, 0x00, 0x27, 0x00, 0x2b, 0x00, 0x2f, 0x00, 0x33, 0x00, 0x37,
  0x00, 0x3b, 0x00, 0x3f, 0x00, 0x43, 0x00, 0x00, 0x01, 0x21, 0x22, 0x06,
  0x15, 0x11, 0x14, 0x16, 0x33, 0x21, 0x32, 0x36, 0x35, 0x11, 0x34, 0x26,
  0x05, 0x33, 0x15, 0x23, 0x17, 0x15, 0x23, 0x35, 0x25, 0x33, 0x15, 0x23,
  0x17, 0x15, 0x23, 0x35, 0x25, 0x33, 0x15, 0x23, 0x17, 0x15, 0x23, 0x35,
  0x27, 0x33, 0x15, 0x23, 0x15, 0x33, 0x15, 0x23, 0x17, 0x23, 0x35, 0x33,
  0x05, 0x21, 0x35, 0x21, 0x05, 0x23, 0x35, 0x33, 0x35, 0x23, 0x35, 0x33,
  0x35, 0x23, 0x35, 0x33, 0x04, 0x40, 0xfc, 0x00, 0x1a, 0x26, 0x26, 0x1a,
  0x04, 0x00, 0x1a, 0x26, 0x26, 0xfe, 0x26, 0x80, 0x80, 0xc0, 0x80, 0xff,
  0x00, 0x80, 0x80, 0xc0, 0x80, 0xff, 0x00, 0x80, 0x80, 0xc0, 0x80, 0xc0,
  0x40, 0x40, 0x80, 0x80, 0x40, 0x40, 0x40, 0x02, 0x40, 0xfe, 0x00, 0x02,
  0x00, 0x01, 0x00, 0xc0, 0xc0, 0x80, 0x80, 0xc0, 0xc0, 0x03, 0x40, 0x26,
  0x1a, 0xfd, 0x80, 0x1a, 0x26, 0x26, 0x1a, 0x02, 0x80, 0x1a, 0x26, 0x80,
  0x80, 0x40, 0x80, 0x80, 0xc0, 0x80, 0x40, 0x80, 0x80, 0xc0, 0x80, 0x40,
  0x80, 0x80, 0xc0, 0x80, 0x40, 0x80, 0xc0, 0x80, 0x80, 0x80, 0x80, 0x80,
  0x40, 0x80, 0x40, 0x80, 0x00, 0x03, 0x00, 0x00, 0xff, 0xc0, 0x04, 0x00,
  0x03, 0xc0, 0x00, 0x03, 0x00, 0x07, 0x00, 0x0d, 0x00, 0x00, 0x13, 0x11,
  0x21, 0x11, 0x03, 0x21, 0x11, 0x21, 0x01, 0x21, 0x0f, 0x01, 0x21, 0x27,
  0x00, 0x04, 0x00, 0x40, 0xfc, 0x80, 0x03, 0x80, 0xfe, 0xe0, 0xfe, 0xc0,
  0x20, 0x40, 0x02, 0x00, 0x40, 0x03, 0x80, 0xfd, 0x80, 0x02, 0x80, 0xfd,
  0xc0, 0x02, 0x00, 0xfd, 0x80, 0x80, 0x40, 0x40, 0x00, 0x03, 0x00, 0x00,
  0xff, 0xc0, 0x04, 0x00, 0x03, 0xc0, 0x00, 0x0d, 0x00, 0x11, 0x00, 0x1b,
  0x00, 0x00, 0x01, 0x11, 0x34, 0x26, 0x23, 0x21, 0x22, 0x06, 0x15, 0x11,
  0x23, 0x15, 0x21, 0x35, 0x05, 0x21, 0x35, 0x21, 0x37, 0x21, 0x11, 0x38,
  0x01, 0x31, 0x21, 0x38, 0x01, 0x31, 0x03, 0x80, 0x26, 0x1a, 0xfd, 0x80,
  0x1a, 0x26, 0x80, 0x04, 0x00, 0xfe, 0x80, 0xff, 0x00, 0x01, 0x00, 0xc0,
  0xfd, 0x80, 0x02, 0x80, 0x01, 0x00, 0x02, 0x00, 0x1a, 0x26, 0x26, 0x1a,
  0xfe, 0x00, 0xc0, 0xc0, 0x80, 0x40, 0x40, 0x02, 0x00, 0x00, 0x00, 0x00,
  0x00, 0x04, 0x00, 0x00, 0xff, 0xc0, 0x03, 0x40, 0x03, 0xc0, 0x00, 0x0f,
  0x00, 0x13, 0x00, 0x1f, 0x00, 0x23, 0x00, 0x00, 0x01, 0x21, 0x22, 0x06,
  0x15, 0x11, 0x14, 0x16, 0x33, 0x21, 0x32, 0x36, 0x35, 0x11, 0x34, 0x26,
  0x05, 0x21, 0x15, 0x21, 0x13, 0x22, 0x26, 0x35, 0x34, 0x36, 0x33, 0x32,
  0x16, 0x15, 0x14, 0x06, 0x37, 0x21, 0x11, 0x21, 0x02, 0xe0, 0xfe, 0x40,
  0x28, 0x38, 0x38, 0x28, 0x01, 0xc0, 0x28, 0x38, 0x38, 0xfe, 0x78, 0x01,
  0x00, 0xff, 0x00, 0x80, 0x1b, 0x25, 0x25, 0x1b, 0x1b, 0x25, 0x25, 0xe5,
  0xfe, 0x00, 0x02, 0x00, 0x03, 0xc0, 0x38, 0x28, 0xfc, 0xc0, 0x28, 0x38,
  0x38, 0x28, 0x03, 0x40, 0x28, 0x38, 0x30, 0x20, 0xfc, 0x90, 0x25, 0x1b,
  0x1b, 0x25, 0x25, 0x1b, 0x1b, 0x25, 0xc0, 0x02, 0x80, 0x00, 0x00, 0x00,
  0x00, 0x03, 0x00, 0x00, 0xff, 0xc0, 0x03, 0x40, 0x03, 0xc0, 0x00, 0x0f,
  0x00, 0x1c, 0x00, 0x20, 0x00, 0x00, 0x01, 0x21, 0x22, 0x06, 0x15, 0x11,
  0x14, 0x16, 0x33, 0x21, 0x32, 0x36, 0x35, 0x11, 0x34, 0x26, 0x01, 0x22,
  0x26, 0x35, 0x34, 0x36, 0x33, 0x32, 0x16, 0x15, 0x14, 0x06, 0x23, 0x25,
  0x21, 0x11, 0x21, 0x03, 0x00, 0xfd, 0xc0, 0x1a, 0x26, 0x26, 0x1a, 0x02,
  0x40, 0x1a, 0x26, 0x26, 0xfe, 0xc6, 0x15, 0x1d, 0x1d, 0x15, 0x15, 0x1d,
  0x1d, 0x15, 0x01, 0x20, 0xfd, 0xc0, 0x02, 0x40, 0x03, 0xc0, 0x26, 0x1a,
  0xfc, 0x80, 0x1a, 0x26, 0x26, 0x1a, 0x03, 0x80, 0x1a, 0x26, 0xfc, 0x2e,
  0x1d, 0x15, 0x15, 0x1d, 0x1d, 0x15, 0x15, 0x1d, 0x92, 0x02, 0xc0, 0x00,
  0x00, 0x03, 0x00, 0x00, 0xff, 0xc0, 0x03, 0x80, 0x03, 0xc0, 0x00, 0x0f,
  0x00, 0x1b, 0x00, 0x1f, 0x00, 0x00, 0x01, 0x21, 0x22, 0x06, 0x15, 0x11,
  0x14, 0x16, 0x33, 0x21, 0x32, 0x36, 0x35, 0x11, 0x34, 0x26, 0x01, 0x22,
  0x26, 0x35, 0x34, 0x36, 0x33, 0x32, 0x16, 0x15, 0x14, 0x06, 0x25, 0x21,
  0x11, 0x21, 0x03, 0x20, 0xfd, 0x80, 0x28, 0x38, 0x38, 0x28, 0x02, 0x80,
  0x28, 0x38, 0x38, 0xfe, 0x98, 0x0d, 0x13, 0x13, 0x0d, 0x0d, 0x13, 0x13,
  0x01, 0x13, 0xfd, 0xc0, 0x02, 0x40, 0x03, 0xc0, 0x38, 0x28, 0xfc, 0xc0,
  0x28, 0x38, 0x38, 0x28, 0x03, 0x40, 0x28, 0x38, 0xfc, 0x20, 0x13, 0x0d,
  0x0d, 0x13, 0x13, 0x0d, 0x0d, 0x13, 0x60, 0x03, 0x00, 0x00, 0x00, 0x00,
  0x00, 0x02, 0x00, 0x00, 0xff, 0xc0, 0x04, 0x00, 0x03, 0xc0, 0x00, 0x3d,
  0x00, 0x65, 0x00, 0x00, 0x01, 0x2e, 0x01, 0x27, 0x37, 0x27, 0x07, 0x26,
  0x22, 0x23, 0x31, 0x01, 0x07, 0x17, 0x06, 0x07, 0x0e, 0x01, 0x07, 0x06,
  0x07, 0x06, 0x07, 0x0e, 0x01, 0x07, 0x06, 0x15, 0x14, 0x17, 0x1e, 0x01,
  0x17, 0x16, 0x17, 0x16, 0x17, 0x1e, 0x01, 0x17, 0x16, 0x33, 0x32, 0x37,
  0x3e, 0x01, 0x37, 0x36, 0x37, 0x36, 0x37, 0x3e, 0x01, 0x37, 0x36, 0x35,
  0x34, 0x27, 0x2e, 0x01, 0x27, 0x26, 0x03, 0x06, 0x07, 0x0e, 0x01, 0x07,
  0x06, 0x23, 0x22, 0x27, 0x2e, 0x01, 0x27, 0x26, 0x27, 0x2e, 0x01, 0x35,
  0x34, 0x36, 0x37, 0x36, 0x37, 0x3e, 0x01, 0x37, 0x36, 0x33, 0x32, 0x17,
  0x1e, 0x01, 0x17, 0x16, 0x17, 0x1e, 0x01, 0x15, 0x14, 0x06, 0x03, 0xd5,
  0x42, 0x8e, 0x4a, 0xa5, 0x40, 0xe1, 0x0f, 0x20, 0x10, 0xff, 0x00, 0x40,
  0xc2, 0x2d, 0x2c, 0x2d, 0x56, 0x29, 0x2a, 0x28, 0x0b, 0x07, 0x08, 0x0b,
  0x03, 0x03, 0x03, 0x03, 0x0b, 0x08, 0x07, 0x0b, 0x36, 0x38, 0x39, 0x76,
  0x3c, 0x3d, 0x3f, 0x3f, 0x3d, 0x3c, 0x76, 0x39, 0x38, 0x36, 0x0b, 0x07,
  0x08, 0x0b, 0x03, 0x03, 0x03, 0x03, 0x0b, 0x08, 0x07, 0x80, 0x29, 0x2a,
  0x2a, 0x59, 0x2d, 0x2e, 0x2f, 0x2f, 0x2e, 0x2d, 0x59, 0x2a, 0x2a, 0x29,
  0x0f, 0x11, 0x11, 0x0f, 0x29, 0x2a, 0x2a, 0x59, 0x2d, 0x2e, 0x2f, 0x2f,
  0x2e, 0x2d, 0x59, 0x2a, 0x2a, 0x29, 0x0f, 0x11, 0x11, 0x02, 0xa0, 0x09,
  0x0e, 0x04, 0xa5, 0x40, 0xe1, 0x01, 0x01, 0x00, 0x40, 0xc2, 0x02, 0x02,
  0x03, 0x08, 0x05, 0x04, 0x06, 0x29, 0x2a, 0x2a, 0x59, 0x2d, 0x2e, 0x2f,
  0x2f, 0x2e, 0x2d, 0x59, 0x2a, 0x2a, 0x29, 0x08, 0x06, 0x06, 0x08, 0x02,
  0x02, 0x02, 0x02, 0x08, 0x06, 0x06, 0x08, 0x29, 0x2a, 0x2a, 0x59, 0x2d,
  0x2e, 0x2f, 0x2f, 0x2e, 0x2d, 0x59, 0x2a, 0x2a, 0xfd, 0xde, 0x05, 0x04,
  0x04, 0x05, 0x02, 0x01, 0x01, 0x02, 0x05, 0x04, 0x04, 0x05, 0x36, 0x76,
  0x3f, 0x3f, 0x76, 0x36, 0x05, 0x04, 0x04, 0x05, 0x02, 0x01, 0x01, 0x02,
  0x05, 0x04, 0x04, 0x05, 0x36, 0x76, 0x3f, 0x3f, 0x76, 0x00, 0x00, 0x00,
  0x00, 0x04, 0x00, 0x00, 0xff, 0xc0, 0x04, 0x00, 0x03, 0xc0, 0x00, 0x17,
  0x00, 0x21, 0x00, 0x2f, 0x00, 0x3d, 0x00, 0x00, 0x09, 0x01, 0x2e, 0x01,
  0x23, 0x21, 0x22, 0x06, 0x07, 0x01, 0x0e, 0x01, 0x15, 0x11, 0x14, 0x16,
  0x33, 0x21, 0x32, 0x36, 0x35, 0x11, 0x34, 0x26, 0x07, 0x23, 0x07, 0x23,
  0x27, 0x23, 0x35, 0x13, 0x21, 0x13, 0x27, 0x21, 0x22, 0x26, 0x35, 0x34,
  0x36, 0x33, 0x21, 0x32, 0x16, 0x15, 0x14, 0x06, 0x17, 0x21, 0x22, 0x26,
  0x35, 0x34, 0x36, 0x33, 0x21, 0x32, 0x16, 0x15, 0x14, 0x06, 0x03, 0xf9,
  0xff, 0x00, 0x05, 0x0d, 0x07, 0xfe, 0x40, 0x07, 0x0d, 0x05, 0xff, 0x00,
  0x03, 0x04, 0x25, 0x1b, 0x03, 0x80, 0x1b, 0x25, 0x04, 0x3c, 0xe0, 0x80,
  0xc0, 0x80, 0xe0, 0xef, 0x01, 0xa2, 0xef, 0xe0, 0xfe, 0x40, 0x0d, 0x13,
  0x13, 0x0d, 0x01, 0xc0, 0x0d, 0x13, 0x13, 0x33, 0xfd, 0xc0, 0x0d, 0x13,
  0x13, 0x0d, 0x02, 0x40, 0x0d, 0x13, 0x13, 0x01, 0x34, 0x01, 0x40, 0x06,
  0x06, 0x06, 0x06, 0xfe, 0xc0, 0x04, 0x0b, 0x05, 0xfe, 0xe0, 0x1b, 0x25,
  0x25, 0x1b, 0x01, 0x20, 0x05, 0x0b, 0x30, 0x80, 0x80, 0x15, 0x01, 0x2b,
  0xfe, 0xd5, 0xab, 0x13, 0x0d, 0x0d, 0x13, 0x13, 0x0d, 0x0d, 0x13, 0x80,
  0x13, 0x0d, 0x0d, 0x13, 0x13, 0x0d, 0x0d, 0x13, 0x00, 0x02, 0x00, 0x00,
  0xff, 0xc0, 0x04, 0x00, 0x03, 0xc0, 0x00, 0x17, 0x00, 0x21, 0x00, 0x00,
  0x09, 0x01, 0x2e, 0x01, 0x23, 0x21, 0x22, 0x06, 0x07, 0x01, 0x0e, 0x01,
  0x15, 0x11, 0x14, 0x16, 0x33, 0x21, 0x32, 0x36, 0x35, 0x11, 0x34, 0x26,
  0x07, 0x23, 0x07, 0x23, 0x27, 0x23, 0x35, 0x13, 0x21, 0x13, 0x03, 0xf9,
  0xff, 0x00, 0x05, 0x0d, 0x07, 0xfe, 0x40, 0x07, 0x0d, 0x05, 0xff, 0x00,
  0x03, 0x04, 0x25, 0x1b, 0x03, 0x80, 0x1b, 0x25, 0x04, 0x3c, 0xe0, 0x80,
  0xc0, 0x80, 0xe0, 0xef, 0x01, 0xa2, 0xef, 0x01, 0x34, 0x01, 0x40, 0x06,
  0x06, 0x06, 0x06, 0xfe, 0xc0, 0x04, 0x0b, 0x05, 0xfe, 0xe0, 0x1b, 0x25,
  0x25, 0x1b, 0x01, 0x20, 0x05, 0x0b, 0x30, 0x80, 0x80, 0x15, 0x01, 0x2b,
  0xfe, 0xd5, 0x00, 0x00, 0x00, 0x03, 0x00, 0x00, 0xff, 0xc0, 0x04, 0x00,
  0x03, 0xc0, 0x00, 0x0b, 0x00, 0x12, 0x00, 0x16, 0x00, 0x00, 0x01, 0x21,
  0x07, 0x11, 0x14, 0x16, 0x33, 0x21, 0x32, 0x36, 0x35, 0x11, 0x09, 0x01,
  0x33, 0x35, 0x21, 0x15, 0x33, 0x01, 0x37, 0x21, 0x17, 0x03, 0x40, 0xfd,
  0x80, 0xc0, 0x13, 0x0d, 0x03, 0xc0, 0x0d, 0x13, 0xfe, 0x00, 0xfe, 0xc0,
  0xc0, 0x01, 0x00, 0xc0, 0xfd, 0x5b, 0x40, 0x02, 0x4a, 0x40, 0x03, 0x80,
  0xc0, 0xfd, 0x60, 0x0d, 0x13, 0x13, 0x0d, 0x02, 0xa0, 0xfd, 0xc0, 0x01,
  0x00, 0xc0, 0xc0, 0x01, 0x80, 0x40, 0x40, 0x00, 0x00, 0x03, 0x00, 0x00,
  0xff, 0xc0, 0x04, 0x00, 0x03, 0xc0, 0x00, 0x0b, 0x00, 0x12, 0x00, 0x16,
  0x00, 0x00, 0x01, 0x21, 0x07, 0x11, 0x14, 0x16, 0x33, 0x21, 0x32, 0x36,
  0x35, 0x11, 0x01, 0x15, 0x21, 0x35, 0x23, 0x09, 0x01, 0x01, 0x37, 0x21,
  0x17, 0x03, 0x40, 0xfd, 0x80, 0xc0, 0x13, 0x0d, 0x03, 0xc0, 0x0d, 0x13,
  0xfe, 0x80, 0xff, 0x00, 0xc0, 0x01, 0x40, 0x01, 0x40, 0xfd, 0x5b, 0x40,
  0x02, 0x4a, 0x40, 0x03, 0x80, 0xc0, 0xfd, 0x60, 0x0d, 0x13, 0x13, 0x0d,
  0x02, 0xa0, 0xfe, 0x80, 0xc0, 0xc0, 0x01, 0x00, 0xff, 0x00, 0x01, 0xc0,
  0x40, 0x40, 0x00, 0x00, 0x00, 0x02, 0x00, 0x00, 0xff, 0xc0, 0x04, 0x00,
  0x03, 0xc0, 0x00, 0x06, 0x00, 0x12, 0x00, 0x00, 0x09, 0x01, 0x23, 0x11,
  0x23, 0x11, 0x23, 0x05, 0x07, 0x0d, 0x01, 0x2d, 0x01, 0x27, 0x05, 0x11,
  0x05, 0x25, 0x11, 0x02, 0x00, 0x01, 0x00, 0xc0, 0x80, 0xc0, 0x01, 0xe9,
  0x48, 0x01, 0x04, 0xfe, 0x5b, 0xfe, 0x5b, 0x01, 0x04, 0x48, 0xfe, 0xe9,
  0x02, 0x00, 0x02, 0x00, 0x01, 0x80, 0x01, 0x00, 0x01, 0x00, 0xff, 0x00,
  0x97, 0x48, 0x61, 0x9d, 0x9d, 0x61, 0x48, 0x69, 0xff, 0x00, 0xc0, 0xc0,
  0x01, 0x00, 0x00, 0x00, 0x00, 0x02, 0x00, 0x00, 0xff, 0xc0, 0x04, 0x00,
  0x03, 0xc0, 0x00, 0x06, 0x00, 0x12, 0x00, 0x00, 0x01, 0x33, 0x11, 0x33,
  0x09, 0x01, 0x33, 0x17, 0x15, 0x0d, 0x01, 0x2d, 0x01, 0x35, 0x05, 0x11,
  0x05, 0x25, 0x11, 0x01, 0xc0, 0x80, 0xc0, 0xff, 0x00, 0xff, 0x00, 0xc0,
  0xc0, 0x01, 0x25, 0xfe, 0x5b, 0xfe, 0x5b, 0x01, 0x25, 0xfe, 0x80, 0x02,
  0x00, 0x02, 0x00, 0x01, 0x80, 0x01, 0x00, 0x01, 0x00, 0xff, 0x00, 0x70,
  0x63, 0x6d, 0x9d, 0x9d, 0x6d, 0x63, 0x90, 0xff, 0x00, 0xc0, 0xc0, 0x01,
  0x00, 0x00, 0x00, 0x00, 0x00, 0x03, 0x00, 0x00, 0xff, 0xc0, 0x04, 0x00,
  0x03, 0xc0, 0x00, 0x04, 0x00, 0x08, 0x00, 0x11, 0x00, 0x00, 0x01, 0x21,
  0x11, 0x21, 0x11, 0x21, 0x33, 0x11, 0x23, 0x01, 0x21, 0x11, 0x33, 0x11,
  0x21, 0x11, 0x33, 0x17, 0x03, 0x80, 0xfc, 0x80, 0x04, 0x00, 0xfe, 0x00,
  0x80, 0x80, 0x01, 0x80, 0xfd, 0x00, 0x40, 0x02, 0x40, 0x4b, 0x35, 0x03,
  0xc0, 0xfc, 0x00, 0x03, 0x80, 0xff, 0x00, 0xfe, 0x00, 0x03, 0x00, 0xfe,
  0xc0, 0x01, 0x40, 0x35, 0x00, 0x03, 0x00, 0x00, 0xff, 0xc0, 0x04, 0x00,
  0x03, 0xc0, 0x00, 0x07, 0x00, 0x0b, 0x00, 0x0f, 0x00, 0x00, 0x37, 0x21,
  0x32, 0x36, 0x35, 0x21, 0x14, 0x16, 0x25, 0x33, 0x15, 0x23, 0x13, 0x21,
  0x03, 0x21, 0xc0, 0x02, 0x80, 0x50, 0x70, 0xfc, 0x00, 0x70, 0x02, 0xd0,
  0x40, 0x40, 0x80, 0xfc, 0x80, 0x40, 0x04, 0x00, 0x40, 0x70, 0x50, 0x50,
  0x70, 0x80, 0x40, 0x02, 0xc0, 0xfe, 0x00, 0x00, 0x00, 0x03, 0x00, 0x00,
  0xff, 0xc0, 0x04, 0x00, 0x03, 0xc0, 0x00, 0x1d, 0x00, 0x3b, 0x00, 0x59,
  0x00, 0x00, 0x01, 0x22, 0x07, 0x0e, 0x01, 0x07, 0x06, 0x1d, 0x01, 0x14,
  0x17, 0x1e, 0x01, 0x17, 0x16, 0x33, 0x32, 0x37, 0x3e, 0x01, 0x37, 0x36,
  0x3d, 0x01, 0x34, 0x27, 0x2e, 0x01, 0x27, 0x26, 0x03, 0x22, 0x27, 0x2e,
  0x01, 0x27, 0x26, 0x35, 0x15, 0x14, 0x17, 0x1e, 0x01, 0x17, 0x16, 0x33,
  0x32, 0x37, 0x3e, 0x01, 0x37, 0x36, 0x3d, 0x01, 0x14, 0x07, 0x0e, 0x01,
  0x07, 0x06, 0x03, 0x22, 0x27, 0x2e, 0x01, 0x27, 0x26, 0x35, 0x15, 0x14,
  0x17, 0x1e, 0x01, 0x17, 0x16, 0x33, 0x32, 0x37, 0x3e, 0x01, 0x37, 0x36,
  0x3d, 0x01, 0x14, 0x07, 0x0e, 0x01, 0x07, 0x06, 0x02, 0x00, 0x6a, 0x5d,
  0x5e, 0x8b, 0x28, 0x28, 0x28, 0x28, 0x8b, 0x5e, 0x5d, 0x6a, 0x6a, 0x5d,
  0x5e, 0x8b, 0x28, 0x28, 0x28, 0x28, 0x8b, 0x5e, 0x5d, 0x6a, 0x6a, 0x5d,
  0x5e, 0x8b, 0x28, 0x28, 0x28, 0x28, 0x8b, 0x5e, 0x5d, 0x6a, 0x6a, 0x5d,
  0x5e, 0x8b, 0x28, 0x28, 0x28, 0x28, 0x8b, 0x5e, 0x5d, 0x6a, 0x6a, 0x5d,
  0x5e, 0x8b, 0x28, 0x28, 0x28, 0x28, 0x8b, 0x5e, 0x5d, 0x6a, 0x6a, 0x5d,
  0x5e, 0x8b, 0x28, 0x28, 0x28, 0x28, 0x8b, 0x5e, 0x5d, 0x03, 0xc0, 0x0d,
  0x0c, 0x2c, 0x1d, 0x1d, 0x21, 0x80, 0x21, 0x1d, 0x1d, 0x2c, 0x0c, 0x0d,
  0x0d, 0x0c, 0x2c, 0x1d, 0x1d, 0x21, 0x80, 0x21, 0x1d, 0x1d, 0x2c, 0x0c,
  0x0d, 0xfd, 0xe0, 0x0d, 0x0c, 0x2c, 0x1d, 0x1d, 0x21, 0xc0, 0x21, 0x1d,
  0x1d, 0x2c, 0x0c, 0x0d, 0x0d, 0x0c, 0x2c, 0x1d, 0x1d, 0x21, 0xc0, 0x21,
  0x1d, 0x1d, 0x2c, 0x0c, 0x0d, 0xfe, 0xe0, 0x0d, 0x0c, 0x2c, 0x1d, 0x1d,
  0x21, 0xc0, 0x21, 0x1d, 0x1d, 0x2c, 0x0c, 0x0d, 0x0d, 0x0c, 0x2c, 0x1d,
  0x1d, 0x21, 0xc0, 0x21, 0x1d, 0x1d, 0x2c, 0x0c, 0x0d, 0x00, 0x00, 0x00,
  0x00, 0x01, 0x00, 0x00, 0xff, 0xc0, 0x04, 0x00, 0x03, 0xc0, 0x00, 0x2b,
  0x00, 0x00, 0x01, 0x22, 0x07, 0x0e, 0x01, 0x07, 0x06, 0x07, 0x27, 0x11,
  0x21, 0x27, 0x3e, 0x01, 0x33, 0x32, 0x17, 0x1e, 0x01, 0x17, 0x16, 0x15,
  0x14, 0x07, 0x0e, 0x01, 0x07, 0x06, 0x07, 0x17, 0x36, 0x37, 0x3e, 0x01,
  0x37, 0x36, 0x35, 0x34, 0x27, 0x2e, 0x01, 0x27, 0x26, 0x23, 0x02, 0x00,
  0x35, 0x32, 0x32, 0x5c, 0x29, 0x29, 0x23, 0x96, 0x01, 0x80, 0x90, 0x35,
  0x8b, 0x50, 0x50, 0x45, 0x46, 0x69, 0x1e, 0x1e, 0x09, 0x09, 0x22, 0x18,
  0x18, 0x1e, 0x55, 0x28, 0x20, 0x20, 0x2d, 0x0c, 0x0c, 0x28, 0x28, 0x8b,
  0x5e, 0x5d, 0x6a, 0x03, 0x80, 0x0a, 0x0b, 0x27, 0x1b, 0x1c, 0x23, 0x96,
  0xfe, 0x80, 0x90, 0x34, 0x3c, 0x1e, 0x1e, 0x69, 0x46, 0x45, 0x50, 0x2b,
  0x28, 0x29, 0x49, 0x20, 0x21, 0x1a, 0x60, 0x23, 0x2b, 0x2b, 0x62, 0x36,
  0x36, 0x39, 0x6a, 0x5d, 0x5e, 0x8b, 0x28, 0x28, 0x00, 0x01, 0x00, 0x00,
  0xff, 0xc0, 0x04, 0x00, 0x03, 0xc0, 0x00, 0x2a, 0x00, 0x00, 0x13, 0x14,
  0x17, 0x1e, 0x01, 0x17, 0x16, 0x17, 0x37, 0x26, 0x27, 0x2e, 0x01, 0x27,
  0x26, 0x35, 0x34, 0x37, 0x3e, 0x01, 0x37, 0x36, 0x33, 0x32, 0x16, 0x17,
  0x07, 0x21, 0x11, 0x07, 0x26, 0x27, 0x2e, 0x01, 0x27, 0x26, 0x23, 0x22,
  0x07, 0x0e, 0x01, 0x07, 0x06, 0x00, 0x0c, 0x0c, 0x2d, 0x20, 0x20, 0x28,
  0x55, 0x1e, 0x18, 0x18, 0x22, 0x09, 0x09, 0x1e, 0x1e, 0x69, 0x46, 0x45,
  0x50, 0x50, 0x8b, 0x35, 0x90, 0x01, 0x80, 0x96, 0x23, 0x29, 0x29, 0x5c,
  0x32, 0x32, 0x35, 0x6a, 0x5d, 0x5e, 0x8b, 0x28, 0x28, 0x01, 0x80, 0x39,
  0x36, 0x36, 0x62, 0x2b, 0x2b, 0x23, 0x60, 0x1a, 0x21, 0x20, 0x49, 0x29,
  0x28, 0x2b, 0x50, 0x45, 0x46, 0x69, 0x1e, 0x1e, 0x3c, 0x34, 0x90, 0x01,
  0x80, 0x96, 0x23, 0x1c, 0x1b, 0x27, 0x0b, 0x0a, 0x28, 0x28, 0x8b, 0x5e,
  0x5d, 0x00, 0x00, 0x00, 0x00, 0x01, 0x00, 0x00, 0xff, 0xc0, 0x03, 0x8a,
  0x03, 0xc0, 0x00, 0x11, 0x00, 0x00, 0x05, 0x36, 0x37, 0x36, 0x26, 0x27,
  0x26, 0x07, 0x15, 0x09, 0x01, 0x15, 0x36, 0x17, 0x1e, 0x01, 0x07, 0x06,
  0x02, 0xfa, 0x2b, 0x13, 0x13, 0x38, 0x55, 0x56, 0xa8, 0xfe, 0x80, 0x01,
  0x80, 0xc9, 0x71, 0x72, 0x46, 0x28, 0x27, 0x40, 0x4d, 0x5b, 0x5b, 0x9a,
  0x33, 0x32, 0x04, 0xfe, 0x01, 0x80, 0x01, 0x80, 0xf8, 0x05, 0x4e, 0x4e,
  0xec, 0x8a, 0x89, 0x00, 0x00, 0x01, 0x00, 0x00, 0xff, 0xc0, 0x03, 0xc0,
  0x03, 0xc0, 0x00, 0x12, 0x00, 0x00, 0x01, 0x35, 0x09, 0x01, 0x35, 0x26,
  0x07, 0x0e, 0x01, 0x17, 0x16, 0x17, 0x26, 0x27, 0x26, 0x36, 0x37, 0x36,
  0x17, 0x02, 0x40, 0x01, 0x80, 0xfe, 0x80, 0xa8, 0x56, 0x55, 0x38, 0x13,
  0x13, 0x2b, 0x69, 0x27, 0x28, 0x46, 0x72, 0x71, 0xc9, 0x02, 0xc8, 0xf8,
  0xfe, 0x80, 0xfe, 0x80, 0xfe, 0x04, 0x32, 0x33, 0x9a, 0x5b, 0x5b, 0x4d,
  0x72, 0x89, 0x8a, 0xec, 0x4e, 0x4e, 0x05, 0x00, 0x00, 0x01, 0x00, 0x00,
  0xff, 0xc0, 0x03, 0xc0, 0x03, 0xc0, 0x00, 0x12, 0x00, 0x00, 0x01, 0x06,
  0x07, 0x06, 0x16, 0x17, 0x16, 0x37, 0x35, 0x09, 0x01, 0x35, 0x06, 0x27,
  0x2e, 0x01, 0x37, 0x36, 0x37, 0x01, 0x06, 0x2b, 0x13, 0x13, 0x38, 0x55,
  0x56, 0xa8, 0x01, 0x80, 0xfe, 0x80, 0xc9, 0x71, 0x72, 0x46, 0x28, 0x27,
  0x69, 0x03, 0xc0, 0x4d, 0x5b, 0x5b, 0x9a, 0x33, 0x32, 0x04, 0xfe, 0xfe,
  0x80, 0xfe, 0x80, 0xf8, 0x05, 0x4e, 0x4e, 0xec, 0x8a, 0x89, 0x72, 0x00,
  0x00, 0x01, 0x00, 0x00, 0xff, 0xc0, 0x03, 0x8a, 0x03, 0xc0, 0x00, 0x12,
  0x00, 0x00, 0x25, 0x15, 0x09, 0x01, 0x15, 0x16, 0x37, 0x3e, 0x01, 0x27,
  0x26, 0x27, 0x16, 0x17, 0x16, 0x06, 0x07, 0x06, 0x27, 0x01, 0xc0, 0xfe,
  0x80, 0x01, 0x80, 0xa8, 0x56, 0x55, 0x38, 0x13, 0x13, 0x2b, 0x69, 0x27,
  0x28, 0x46, 0x72, 0x71, 0xc9, 0xb8, 0xf8, 0x01, 0x80, 0x01, 0x80, 0xfe,
  0x04, 0x32, 0x33, 0x9a, 0x5b, 0x5b, 0x4d, 0x72, 0x89, 0x8a, 0xec, 0x4e,
  0x4e, 0x05, 0x00, 0x00, 0x00, 0x01, 0x00, 0x00, 0xff, 0xc0, 0x04, 0x00,
  0x03, 0xc0, 0x00, 0x2c, 0x00, 0x00, 0x01, 0x32, 0x17, 0x1e, 0x01, 0x17,
  0x16, 0x15, 0x14, 0x07, 0x0e, 0x01, 0x07, 0x06, 0x23, 0x22, 0x26, 0x27,
  0x06, 0x07, 0x0e, 0x01, 0x07, 0x06, 0x07, 0x35, 0x3e, 0x01, 0x35, 0x34,
  0x26, 0x27, 0x26, 0x27, 0x2e, 0x01, 0x27, 0x26, 0x35, 0x34, 0x37, 0x3e,
  0x01, 0x37, 0x36, 0x02, 0x00, 0x6a, 0x5d, 0x5e, 0x8b, 0x28, 0x28, 0x28,
  0x28, 0x8b, 0x5e, 0x5d, 0x6a, 0x14, 0x28, 0x14, 0x29, 0x2d, 0x2d, 0x5d,
  0x30, 0x30, 0x30, 0x33, 0x4d, 0x01, 0x01, 0x2c, 0x23, 0x23, 0x31, 0x0e,
  0x0d, 0x28, 0x28, 0x8b, 0x5e, 0x5d, 0x03, 0x80, 0x21, 0x20, 0x71, 0x4c,
  0x4c, 0x56, 0x56, 0x4c, 0x4c, 0x71, 0x20, 0x21, 0x03, 0x02, 0x29, 0x1a,
  0x19, 0x1d, 0x05, 0x05, 0x02, 0x1b, 0x1a, 0x57, 0x34, 0x07, 0x0f, 0x07,
  0x1c, 0x24, 0x24, 0x52, 0x2e, 0x2e, 0x31, 0x56, 0x4c, 0x4c, 0x71, 0x20,
  0x21, 0x00, 0x00, 0x00, 0x00, 0x02, 0x00, 0x00, 0xff, 0xc0, 0x04, 0x80,
  0x03, 0xc0, 0x00, 0x27, 0x00, 0x5c, 0x00, 0x00, 0x25, 0x14, 0x16, 0x17,
  0x15, 0x0e, 0x01, 0x23, 0x22, 0x26, 0x27, 0x0e, 0x01, 0x23, 0x22, 0x27,
  0x2e, 0x01, 0x27, 0x26, 0x35, 0x34, 0x37, 0x3e, 0x01, 0x37, 0x36, 0x33,
  0x32, 0x17, 0x1e, 0x01, 0x17, 0x16, 0x15, 0x14, 0x06, 0x07, 0x0e, 0x01,
  0x01, 0x32, 0x17, 0x1e, 0x01, 0x17, 0x16, 0x17, 0x2e, 0x01, 0x23, 0x22,
  0x06, 0x07, 0x0e, 0x01, 0x15, 0x14, 0x16, 0x17, 0x2a, 0x01, 0x23, 0x22,
  0x26, 0x27, 0x06, 0x07, 0x0e, 0x01, 0x07, 0x06, 0x07, 0x35, 0x3e, 0x01,
  0x35, 0x34, 0x26, 0x27, 0x26, 0x27, 0x2e, 0x01, 0x27, 0x26, 0x35, 0x34,
  0x37, 0x3e, 0x01, 0x37, 0x36, 0x04, 0x40, 0x24, 0x1c, 0x08, 0x10, 0x08,
  0x34, 0x59, 0x20, 0x14, 0x29, 0x16, 0x3c, 0x34, 0x35, 0x4e, 0x16, 0x17,
  0x17, 0x16, 0x4e, 0x35, 0x34, 0x3c, 0x3c, 0x34, 0x35, 0x4e, 0x16, 0x17,
  0x1c, 0x19, 0x05, 0x06, 0xfd, 0xc0, 0x68, 0x5c, 0x5d, 0x8a, 0x29, 0x29,
  0x03, 0x25, 0x51, 0x2a, 0x48, 0x83, 0x33, 0x35, 0x39, 0x0e, 0x0e, 0x04,
  0x08, 0x04, 0x14, 0x28, 0x14, 0x29, 0x2d, 0x2d, 0x5d, 0x30, 0x30, 0x30,
  0x33, 0x4d, 0x01, 0x01, 0x2c, 0x23, 0x23, 0x31, 0x0e, 0x0d, 0x28, 0x28,
  0x8b, 0x5e, 0x5d, 0x3b, 0x22, 0x38, 0x0e, 0x10, 0x01, 0x02, 0x28, 0x23,
  0x05, 0x06, 0x14, 0x14, 0x46, 0x2e, 0x2f, 0x35, 0x35, 0x2f, 0x2e, 0x46,
  0x14, 0x14, 0x14, 0x14, 0x46, 0x2e, 0x2f, 0x35, 0x2a, 0x4b, 0x1f, 0x0c,
  0x18, 0x03, 0x78, 0x20, 0x1f, 0x6e, 0x4a, 0x4a, 0x55, 0x11, 0x11, 0x31,
  0x2d, 0x2f, 0x7b, 0x44, 0x22, 0x40, 0x1e, 0x03, 0x02, 0x29, 0x1a, 0x19,
  0x1d, 0x05, 0x05, 0x02, 0x1b, 0x1a, 0x57, 0x34, 0x07, 0x0f, 0x07, 0x1c,
  0x24, 0x24, 0x52, 0x2e, 0x2e, 0x31, 0x56, 0x4c, 0x4c, 0x71, 0x20, 0x21,
  0x00, 0x02, 0x00, 0x00, 0xff, 0xc0, 0x04, 0x80, 0x03, 0xc0, 0x00, 0x2e,
  0x00, 0x54, 0x00, 0x00, 0x01, 0x31, 0x32, 0x17, 0x1e, 0x01, 0x17, 0x16,
  0x15, 0x14, 0x07, 0x0e, 0x01, 0x07, 0x06, 0x23, 0x22, 0x26, 0x27, 0x06,
  0x07, 0x0e, 0x01, 0x07, 0x06, 0x07, 0x35, 0x3e, 0x01, 0x35, 0x34, 0x26,
  0x27, 0x26, 0x27, 0x2e, 0x01, 0x27, 0x26, 0x35, 0x34, 0x37, 0x3e, 0x01,
  0x37, 0x36, 0x33, 0x01, 0x14, 0x16, 0x17, 0x15, 0x2e, 0x01, 0x27, 0x0e,
  0x01, 0x23, 0x22, 0x26, 0x27, 0x32, 0x37, 0x3e, 0x01, 0x37, 0x36, 0x37,
  0x3e, 0x01, 0x37, 0x3e, 0x01, 0x35, 0x34, 0x26, 0x35, 0x1e, 0x01, 0x15,
  0x14, 0x06, 0x07, 0x0e, 0x01, 0x01, 0xe0, 0x63, 0x58, 0x57, 0x83, 0x25,
  0x26, 0x26, 0x25, 0x83, 0x57, 0x58, 0x63, 0x13, 0x26, 0x12, 0x26, 0x2a,
  0x29, 0x57, 0x2c, 0x2c, 0x2d, 0x30, 0x44, 0x01, 0x01, 0x29, 0x21, 0x21,
  0x2e, 0x0c, 0x0d, 0x26, 0x25, 0x83, 0x57, 0x58, 0x63, 0x02, 0x04, 0x32,
  0x2a, 0x4d, 0x8f, 0x43, 0x10, 0x20, 0x11, 0x48, 0x81, 0x35, 0x37, 0x34,
  0x34, 0x62, 0x2d, 0x2c, 0x27, 0x27, 0x3e, 0x16, 0x17, 0x17, 0x01, 0x36,
  0x3f, 0x54, 0x46, 0x01, 0x01, 0x03, 0xc0, 0x1f, 0x1e, 0x69, 0x47, 0x47,
  0x50, 0x51, 0x47, 0x46, 0x6a, 0x1e, 0x1f, 0x02, 0x03, 0x27, 0x17, 0x18,
  0x1b, 0x05, 0x05, 0x01, 0x19, 0x18, 0x51, 0x31, 0x07, 0x0d, 0x07, 0x1a,
  0x22, 0x21, 0x4d, 0x2b, 0x2b, 0x2e, 0x50, 0x47, 0x47, 0x69, 0x1e, 0x1f,
  0xfc, 0x99, 0x2a, 0x45, 0x14, 0x16, 0x02, 0x26, 0x42, 0x02, 0x02, 0x25,
  0x20, 0x09, 0x09, 0x21, 0x18, 0x18, 0x20, 0x1f, 0x4b, 0x29, 0x2c, 0x5e,
  0x31, 0x07, 0x10, 0x08, 0x2d, 0x77, 0x44, 0x4e, 0x87, 0x2e, 0x05, 0x0c,
  0x00, 0x02, 0x00, 0x00, 0xff, 0xc0, 0x04, 0x00, 0x03, 0xc0, 0x00, 0x33,
  0x00, 0x61, 0x00, 0x00, 0x01, 0x22, 0x06, 0x07, 0x0e, 0x01, 0x07, 0x0e,
  0x01, 0x15, 0x14, 0x16, 0x17, 0x1e, 0x01, 0x17, 0x1e, 0x01, 0x17, 0x1e,
  0x01, 0x17, 0x3e, 0x01, 0x37, 0x3e, 0x01, 0x33, 0x3a, 0x01, 0x17, 0x1e,
  0x01, 0x33, 0x32, 0x36, 0x37, 0x3e, 0x01, 0x37, 0x3e, 0x01, 0x35, 0x34,
  0x26, 0x27, 0x2e, 0x01, 0x27, 0x2e, 0x01, 0x23, 0x35, 0x31, 0x32, 0x17,
  0x1e, 0x01, 0x17, 0x16, 0x15, 0x14, 0x07, 0x0e, 0x01, 0x07, 0x06, 0x23,
  0x22, 0x26, 0x27, 0x06, 0x07, 0x0e, 0x01, 0x07, 0x06, 0x07, 0x35, 0x3e,
  0x01, 0x35, 0x34, 0x26, 0x27, 0x26, 0x27, 0x2e, 0x01, 0x27, 0x26, 0x35,
  0x34, 0x37, 0x3e, 0x01, 0x37, 0x36, 0x02, 0x00, 0x29, 0x4f, 0x26, 0x23,
  0x3e, 0x1a, 0x32, 0x35, 0x11, 0x10, 0x11, 0x33, 0x1f, 0x17, 0x1d, 0x04,
  0x02, 0x01, 0x01, 0x05, 0x0b, 0x06, 0x12, 0x2f, 0x19, 0x04, 0x08, 0x04,
  0x10, 0x20, 0x10, 0x29, 0x4f, 0x26, 0x23, 0x3e, 0x1a, 0x32, 0x35, 0x35,
  0x32, 0x1a, 0x3e, 0x23, 0x26, 0x4f, 0x29, 0x6a, 0x5d, 0x5e, 0x8b, 0x28,
  0x28, 0x28, 0x28, 0x8b, 0x5e, 0x5d, 0x6a, 0x14, 0x28, 0x14, 0x29, 0x2d,
  0x2d, 0x5d, 0x30, 0x30, 0x30, 0x33, 0x4d, 0x01, 0x01, 0x2c, 0x23, 0x23,
  0x31, 0x0e, 0x0d, 0x28, 0x28, 0x8b, 0x5e, 0x5d, 0x03, 0x00, 0x0d, 0x0d,
  0x0c, 0x22, 0x15, 0x29, 0x64, 0x36, 0x1e, 0x3b, 0x1b, 0x1d, 0x33, 0x14,
  0x0f, 0x2e, 0x1b, 0x09, 0x12, 0x09, 0x04, 0x0a, 0x06, 0x12, 0x13, 0x01,
  0x02, 0x02, 0x0d, 0x0d, 0x0c, 0x22, 0x15, 0x29, 0x64, 0x36, 0x36, 0x64,
  0x29, 0x15, 0x22, 0x0c, 0x0d, 0x0d, 0x80, 0x21, 0x20, 0x71, 0x4c, 0x4c,
  0x56, 0x56, 0x4c, 0x4c, 0x71, 0x20, 0x21, 0x03, 0x02, 0x29, 0x1a, 0x19,
  0x1d, 0x05, 0x05, 0x02, 0x1b, 0x1a, 0x57, 0x34, 0x07, 0x0f, 0x07, 0x1c,
  0x24, 0x24, 0x52, 0x2e, 0x2e, 0x31, 0x56, 0x4c, 0x4c, 0x71, 0x20, 0x21,
  0x00, 0x02, 0x00, 0x00, 0xff, 0xc0, 0x04, 0x80, 0x03, 0xc0, 0x00, 0x27,
  0x00, 0x7c, 0x00, 0x00, 0x25, 0x14, 0x16, 0x17, 0x15, 0x0e, 0x01, 0x23,
  0x22, 0x26, 0x27, 0x0e, 0x01, 0x23, 0x22, 0x27, 0x2e, 0x01, 0x27, 0x26,
  0x35, 0x34, 0x37, 0x3e, 0x01, 0x37, 0x36, 0x33, 0x32, 0x17, 0x1e, 0x01,
  0x17, 0x16, 0x15, 0x14, 0x06, 0x07, 0x0e, 0x01, 0x01, 0x0e, 0x01, 0x15,
  0x14, 0x16, 0x17, 0x1e, 0x01, 0x17, 0x1e, 0x01, 0x17, 0x1e, 0x01, 0x17,
  0x3e, 0x01, 0x37, 0x3e, 0x01, 0x33, 0x3a, 0x01, 0x17, 0x1e, 0x01, 0x33,
  0x15, 0x22, 0x26, 0x27, 0x06, 0x07, 0x0e, 0x01, 0x07, 0x06, 0x07, 0x35,
  0x3e, 0x01, 0x35, 0x34, 0x26, 0x27, 0x26, 0x27, 0x2e, 0x01, 0x27, 0x26,
  0x35, 0x34, 0x37, 0x3e, 0x01, 0x37, 0x36, 0x33, 0x32, 0x17, 0x1e, 0x01,
  0x17, 0x16, 0x17, 0x2e, 0x01, 0x27, 0x2e, 0x01, 0x27, 0x2e, 0x01, 0x27,
  0x2e, 0x01, 0x23, 0x22, 0x06, 0x07, 0x0e, 0x01, 0x07, 0x04, 0x40, 0x24,
  0x1c, 0x08, 0x10, 0x08, 0x34, 0x59, 0x20, 0x14, 0x29, 0x16, 0x3c, 0x34,
  0x35, 0x4e, 0x16, 0x17, 0x17, 0x16, 0x4e, 0x35, 0x34, 0x3c, 0x3c, 0x34,
  0x35, 0x4e, 0x16, 0x17, 0x1c, 0x19, 0x05, 0x06, 0xfc, 0xa7, 0x32, 0x35,
  0x11, 0x10, 0x11, 0x33, 0x1f, 0x17, 0x1d, 0x04, 0x02, 0x01, 0x01, 0x05,
  0x0b, 0x06, 0x12, 0x2f, 0x19, 0x04, 0x08, 0x04, 0x10, 0x20, 0x10, 0x14,
  0x28, 0x14, 0x29, 0x2d, 0x2d, 0x5d, 0x30, 0x30, 0x30, 0x33, 0x4d, 0x01,
  0x01, 0x2c, 0x23, 0x23, 0x31, 0x0e, 0x0d, 0x28, 0x28, 0x8b, 0x5e, 0x5d,
  0x6a, 0x68, 0x5c, 0x5d, 0x8a, 0x29, 0x29, 0x03, 0x1f, 0x43, 0x22, 0x09,
  0x32, 0x28, 0x1a, 0x3e, 0x23, 0x26, 0x4f, 0x29, 0x29, 0x4f, 0x26, 0x23,
  0x3e, 0x1a, 0x3b, 0x22, 0x38, 0x0e, 0x10, 0x01, 0x02, 0x28, 0x23, 0x05,
  0x06, 0x14, 0x14, 0x46, 0x2e, 0x2f, 0x35, 0x35, 0x2f, 0x2e, 0x46, 0x14,
  0x14, 0x14, 0x14, 0x46, 0x2e, 0x2f, 0x35, 0x2a, 0x4b, 0x1f, 0x0c, 0x18,
  0x02, 0x9b, 0x29, 0x64, 0x36, 0x1e, 0x3b, 0x1b, 0x1d, 0x33, 0x14, 0x0f,
  0x2e, 0x1b, 0x09, 0x12, 0x09, 0x04, 0x0a, 0x06, 0x12, 0x13, 0x01, 0x02,
  0x02, 0x80, 0x03, 0x02, 0x29, 0x1a, 0x19, 0x1d, 0x05, 0x05, 0x02, 0x1b,
  0x1a, 0x57, 0x34, 0x07, 0x0f, 0x07, 0x1c, 0x24, 0x24, 0x52, 0x2e, 0x2e,
  0x31, 0x56, 0x4c, 0x4c, 0x71, 0x20, 0x21, 0x20, 0x1f, 0x6e, 0x4a, 0x4a,
  0x55, 0x0e, 0x11, 0x02, 0x2a, 0x4e, 0x20, 0x15, 0x22, 0x0c, 0x0d, 0x0d,
  0x0d, 0x0d, 0x0c, 0x22, 0x15, 0x00, 0x00, 0x00, 0x00, 0x03, 0x00, 0x00,
  0xff, 0xc0, 0x04, 0x80, 0x03, 0xc0, 0x00, 0x33, 0x00, 0x62, 0x00, 0x88,
  0x00, 0x00, 0x01, 0x22, 0x06, 0x07, 0x0e, 0x01, 0x07, 0x0e, 0x01, 0x15,
  0x14, 0x16, 0x17, 0x1e, 0x01, 0x17, 0x1e, 0x01, 0x17, 0x14, 0x16, 0x17,
  0x3e, 0x01, 0x37, 0x3e, 0x01, 0x33, 0x32, 0x16, 0x33, 0x1e, 0x01, 0x33,
  0x32, 0x36, 0x37, 0x3e, 0x01, 0x37, 0x3e, 0x01, 0x35, 0x34, 0x26, 0x27,
  0x2e, 0x01, 0x27, 0x2e, 0x01, 0x23, 0x35, 0x31, 0x32, 0x17, 0x1e, 0x01,
  0x17, 0x16, 0x15, 0x14, 0x07, 0x0e, 0x01, 0x07, 0x06, 0x23, 0x22, 0x26,
  0x27, 0x06, 0x07, 0x0e, 0x01, 0x07, 0x06, 0x07, 0x35, 0x3e, 0x01, 0x35,
  0x34, 0x26, 0x27, 0x26, 0x27, 0x2e, 0x01, 0x27, 0x26, 0x35, 0x34, 0x37,
  0x3e, 0x01, 0x37, 0x36, 0x33, 0x01, 0x14, 0x16, 0x17, 0x15, 0x2e, 0x01,
  0x27, 0x0e, 0x01, 0x23, 0x22, 0x26, 0x27, 0x32, 0x37, 0x3e, 0x01, 0x37,
  0x36, 0x37, 0x3e, 0x01, 0x37, 0x3e, 0x01, 0x35, 0x34, 0x26, 0x35, 0x1e,
  0x01, 0x15, 0x14, 0x06, 0x07, 0x0e, 0x01, 0x01, 0xe0, 0x26, 0x49, 0x22,
  0x21, 0x39, 0x18, 0x2d, 0x30, 0x0f, 0x0f, 0x0f, 0x2e, 0x1d, 0x17, 0x1d,
  0x05, 0x01, 0x01, 0x02, 0x04, 0x02, 0x12, 0x2f, 0x19, 0x04, 0x08, 0x04,
  0x0f, 0x1d, 0x0f, 0x26, 0x49, 0x22, 0x21, 0x39, 0x18, 0x2d, 0x30, 0x30,
  0x2d, 0x18, 0x39, 0x21, 0x22, 0x49, 0x26, 0x63, 0x58, 0x57, 0x83, 0x25,
  0x26, 0x26, 0x25, 0x83, 0x57, 0x58, 0x63, 0x13, 0x26, 0x12, 0x26, 0x2a,
  0x29, 0x57, 0x2c, 0x2c, 0x2d, 0x30, 0x44, 0x01, 0x01, 0x29, 0x21, 0x21,
  0x2e, 0x0c, 0x0d, 0x26, 0x25, 0x83, 0x57, 0x58, 0x63, 0x02, 0x04, 0x32,
  0x2a, 0x4d, 0x8f, 0x43, 0x10, 0x20, 0x11, 0x48, 0x81, 0x35, 0x37, 0x34,
  0x34, 0x62, 0x2d, 0x2c, 0x27, 0x27, 0x3e, 0x16, 0x17, 0x17, 0x01, 0x36,
  0x3f, 0x54, 0x46, 0x01, 0x01, 0x03, 0x40, 0x0c, 0x0c, 0x0b, 0x1f, 0x13,
  0x25, 0x5a, 0x30, 0x1b, 0x35, 0x18, 0x1a, 0x2e, 0x13, 0x0f, 0x2e, 0x1b,
  0x05, 0x09, 0x04, 0x02, 0x03, 0x03, 0x12, 0x13, 0x01, 0x02, 0x02, 0x0c,
  0x0c, 0x0b, 0x1f, 0x13, 0x25, 0x5a, 0x31, 0x30, 0x5a, 0x25, 0x13, 0x1f,
  0x0b, 0x0c, 0x0c, 0x80, 0x1f, 0x1e, 0x69, 0x47, 0x47, 0x50, 0x51, 0x47,
  0x46, 0x6a, 0x1e, 0x1f, 0x02, 0x03, 0x27, 0x17, 0x18, 0x1b, 0x05, 0x05,
  0x01, 0x19, 0x18, 0x51, 0x31, 0x07, 0x0d, 0x07, 0x1a, 0x22, 0x21, 0x4d,
  0x2b, 0x2b, 0x2e, 0x50, 0x47, 0x47, 0x69, 0x1e, 0x1f, 0xfc, 0x99, 0x2a,
  0x45, 0x14, 0x16, 0x02, 0x26, 0x42, 0x02, 0x02, 0x25, 0x20, 0x09, 0x09,
  0x21, 0x18, 0x18, 0x20, 0x1f, 0x4b, 0x29, 0x2c, 0x5e, 0x31, 0x07, 0x10,
  0x08, 0x2d, 0x77, 0x44, 0x4e, 0x87, 0x2e, 0x05, 0x0c, 0x00, 0x00, 0x00,
  0x00, 0x01, 0x00, 0x00, 0xff, 0xc0, 0x03, 0xc0, 0x03, 0xc0, 0x00, 0x24,
  0x00, 0x00, 0x25, 0x35, 0x3e, 0x01, 0x35, 0x34, 0x27, 0x2e, 0x01, 0x27,
  0x26, 0x23, 0x22, 0x07, 0x0e, 0x01, 0x07, 0x06, 0x15, 0x14, 0x16, 0x17,
  0x15, 0x06, 0x07, 0x0e, 0x01, 0x07, 0x06, 0x15, 0x21, 0x34, 0x27, 0x2e,
  0x01, 0x27, 0x26, 0x02, 0x40, 0x35, 0x4b, 0x03, 0x03, 0x24, 0x27, 0x27,
  0x48, 0x48, 0x27, 0x27, 0x24, 0x03, 0x03, 0x4b, 0x35, 0x51, 0x47, 0x46,
  0x67, 0x1e, 0x1d, 0x03, 0x80, 0x1d, 0x1e, 0x67, 0x46, 0x47, 0xfd, 0x35,
  0x1e, 0x86, 0x4a, 0x3c, 0x34, 0x35, 0x4e, 0x16, 0x17, 0x17, 0x16, 0x4e,
  0x35, 0x34, 0x3c, 0x4a, 0x86, 0x1e, 0x35, 0x06, 0x17, 0x16, 0x43, 0x2b,
  0x2c, 0x30, 0x30, 0x2c, 0x2b, 0x43, 0x16, 0x17, 0x00, 0x02, 0x00, 0x00,
  0xff, 0xc0, 0x04, 0x80, 0x03, 0xc0, 0x00, 0x24, 0x00, 0x4d, 0x00, 0x00,
  0x25, 0x35, 0x3e, 0x01, 0x35, 0x34, 0x27, 0x2e, 0x01, 0x27, 0x26, 0x23,
  0x22, 0x07, 0x0e, 0x01, 0x07, 0x06, 0x15, 0x14, 0x16, 0x17, 0x15, 0x06,
  0x07, 0x0e, 0x01, 0x07, 0x06, 0x15, 0x21, 0x34, 0x27, 0x2e, 0x01, 0x27,
  0x26, 0x05, 0x3e, 0x01, 0x37, 0x2e, 0x01, 0x27, 0x2e, 0x01, 0x35, 0x34,
  0x36, 0x37, 0x3e, 0x01, 0x37, 0x2e, 0x01, 0x23, 0x22, 0x07, 0x0e, 0x01,
  0x07, 0x06, 0x15, 0x14, 0x16, 0x17, 0x15, 0x06, 0x07, 0x0e, 0x01, 0x07,
  0x06, 0x15, 0x21, 0x3e, 0x01, 0x37, 0x03, 0x00, 0x35, 0x4b, 0x03, 0x03,
  0x24, 0x27, 0x27, 0x48, 0x48, 0x27, 0x27, 0x24, 0x03, 0x03, 0x4b, 0x35,
  0x51, 0x47, 0x46, 0x67, 0x1e, 0x1d, 0x03, 0x80, 0x1d, 0x1e, 0x67, 0x46,
  0x47, 0xfd, 0xf6, 0x2a, 0x65, 0x39, 0x0b, 0x15, 0x09, 0x16, 0x18, 0x08,
  0x17, 0x16, 0x50, 0x39, 0x0d, 0x4f, 0x5a, 0x48, 0x27, 0x27, 0x24, 0x03,
  0x03, 0x4b, 0x35, 0x51, 0x47, 0x46, 0x67, 0x1e, 0x1d, 0x01, 0x17, 0x0b,
  0x18, 0x0d, 0xbd, 0x35, 0x1e, 0x86, 0x4a, 0x3c, 0x34, 0x35, 0x4e, 0x16,
  0x17, 0x17, 0x16, 0x4e, 0x35, 0x34, 0x3c, 0x4a, 0x86, 0x1e, 0x35, 0x06,
  0x17, 0x16, 0x43, 0x2b, 0x2c, 0x30, 0x30, 0x2c, 0x2b, 0x43, 0x16, 0x17,
  0x12, 0x1b, 0x29, 0x0c, 0x0d, 0x1e, 0x10, 0x2a, 0x59, 0x2d, 0x41, 0x77,
  0x32, 0x30, 0x3c, 0x0b, 0x3a, 0x45, 0x17, 0x16, 0x4e, 0x35, 0x34, 0x3c,
  0x4a, 0x86, 0x1e, 0x35, 0x06, 0x17, 0x16, 0x43, 0x2b, 0x2c, 0x30, 0x0a,
  0x12, 0x09, 0x00, 0x00, 0x00, 0x03, 0x00, 0x00, 0xff, 0xc0, 0x04, 0x00,
  0x03, 0xc0, 0x00, 0x26, 0x00, 0x42, 0x00, 0x4e, 0x00, 0x00, 0x25, 0x34,
  0x37, 0x3e, 0x01, 0x37, 0x36, 0x37, 0x3e, 0x01, 0x35, 0x34, 0x27, 0x2e,
  0x01, 0x27, 0x26, 0x23, 0x22, 0x07, 0x0e, 0x01, 0x07, 0x06, 0x15, 0x14,
  0x16, 0x17, 0x15, 0x06, 0x07, 0x0e, 0x01, 0x07, 0x06, 0x15, 0x21, 0x2e,
  0x01, 0x01, 0x22, 0x07, 0x0e, 0x01, 0x07, 0x06, 0x15, 0x14, 0x17, 0x1e,
  0x01, 0x17, 0x16, 0x33, 0x32, 0x37, 0x3e, 0x01, 0x37, 0x36, 0x35, 0x34,
  0x27, 0x2e, 0x01, 0x27, 0x26, 0x13, 0x23, 0x15, 0x23, 0x35, 0x23, 0x35,
  0x33, 0x35, 0x33, 0x15, 0x33, 0x01, 0x80, 0x11, 0x11, 0x3d, 0x2a, 0x2b,
  0x32, 0x0c, 0x0e, 0x03, 0x03, 0x24, 0x27, 0x27, 0x48, 0x48, 0x27, 0x27,
  0x24, 0x03, 0x03, 0x4b, 0x35, 0x51, 0x47, 0x46, 0x67, 0x1e, 0x1d, 0x01,
  0x8d, 0x06, 0x07, 0x01, 0x60, 0x3c, 0x34, 0x35, 0x4e, 0x16, 0x17, 0x17,
  0x16, 0x4e, 0x35, 0x34, 0x3c, 0x3c, 0x34, 0x35, 0x4e, 0x16, 0x17, 0x17,
  0x16, 0x4e, 0x35, 0x34, 0x64, 0x80, 0x40, 0x80, 0x80, 0x40, 0x80, 0xe0,
  0x39, 0x33, 0x34, 0x56, 0x21, 0x21, 0x12, 0x1c, 0x3c, 0x1e, 0x3c, 0x34,
  0x35, 0x4e, 0x16, 0x17, 0x17, 0x16, 0x4e, 0x35, 0x34, 0x3c, 0x4a, 0x86,
  0x1e, 0x35, 0x06, 0x17, 0x16, 0x43, 0x2b, 0x2c, 0x30, 0x17, 0x30, 0x01,
  0x39, 0x17, 0x16, 0x4e, 0x35, 0x34, 0x3c, 0x3c, 0x34, 0x35, 0x4e, 0x16,
  0x17, 0x17, 0x16, 0x4e, 0x35, 0x34, 0x3c, 0x3c, 0x34, 0x35, 0x4e, 0x16,
  0x17, 0xfe, 0xc0, 0x80, 0x80, 0x40, 0x80, 0x80, 0x00, 0x03, 0x00, 0x00,
  0xff, 0xc0, 0x04, 0x00, 0x03, 0xc0, 0x00, 0x26, 0x00, 0x42, 0x00, 0x46,
  0x00, 0x00, 0x25, 0x34, 0x37, 0x3e, 0x01, 0x37, 0x36, 0x37, 0x3e, 0x01,
  0x35, 0x34, 0x27, 0x2e, 0x01, 0x27, 0x26, 0x23, 0x22, 0x07, 0x0e, 0x01,
  0x07, 0x06, 0x15, 0x14, 0x16, 0x17, 0x15, 0x06, 0x07, 0x0e, 0x01, 0x07,
  0x06, 0x15, 0x21, 0x2e, 0x01, 0x01, 0x22, 0x07, 0x0e, 0x01, 0x07, 0x06,
  0x15, 0x14, 0x17, 0x1e, 0x01, 0x17, 0x16, 0x33, 0x32, 0x37, 0x3e, 0x01,
  0x37, 0x36, 0x35, 0x34, 0x27, 0x2e, 0x01, 0x27, 0x26, 0x13, 0x21, 0x35,
  0x21, 0x01, 0x80, 0x11, 0x11, 0x3d, 0x2a, 0x2b, 0x32, 0x0c, 0x0e, 0x03,
  0x03, 0x24, 0x27, 0x27, 0x48, 0x48, 0x27, 0x27, 0x24, 0x03, 0x03, 0x4b,
  0x35, 0x51, 0x47, 0x46, 0x67, 0x1e, 0x1d, 0x01, 0x8d, 0x06, 0x07, 0x01,
  0x60, 0x3c, 0x34, 0x35, 0x4e, 0x16, 0x17, 0x17, 0x16, 0x4e, 0x35, 0x34,
  0x3c, 0x3c, 0x34, 0x35, 0x4e, 0x16, 0x17, 0x17, 0x16, 0x4e, 0x35, 0x34,
  0x64, 0xfe, 0xc0, 0x01, 0x40, 0xe0, 0x39, 0x33, 0x34, 0x56, 0x21, 0x21,
  0x12, 0x1c, 0x3c, 0x1e, 0x3c, 0x34, 0x35, 0x4e, 0x16, 0x17, 0x17, 0x16,
  0x4e, 0x35, 0x34, 0x3c, 0x4a, 0x86, 0x1e, 0x35, 0x06, 0x17, 0x16, 0x43,
  0x2b, 0x2c, 0x30, 0x17, 0x30, 0x01, 0x39, 0x17, 0x16, 0x4e, 0x35, 0x34,
  0x3c, 0x3c, 0x34, 0x35, 0x4e, 0x16, 0x17, 0x17, 0x16, 0x4e, 0x35, 0x34,
  0x3c, 0x3c, 0x34, 0x35, 0x4e, 0x16, 0x17, 0xfe, 0xc0, 0x40, 0x00, 0x00,
  0x00, 0x02, 0x00, 0x00, 0xff, 0xc0, 0x04, 0x00, 0x03, 0xc0, 0x00, 0x05,
  0x00, 0x29, 0x00, 0x00, 0x09, 0x01, 0x27, 0x07, 0x17, 0x01, 0x05, 0x21,
  0x35, 0x2e, 0x01, 0x27, 0x35, 0x3e, 0x01, 0x35, 0x34, 0x27, 0x2e, 0x01,
  0x27, 0x26, 0x23, 0x22, 0x07, 0x0e, 0x01, 0x07, 0x06, 0x15, 0x14, 0x16,
  0x17, 0x15, 0x06, 0x07, 0x0e, 0x01, 0x07, 0x06, 0x15, 0x21, 0x03, 0xc0,
  0xfe, 0xe0, 0x60, 0x40, 0xa0, 0x01, 0x60, 0xfd, 0xc0, 0x01, 0x40, 0x32,
  0x83, 0x4b, 0x35, 0x4b, 0x03, 0x03, 0x24, 0x27, 0x27, 0x48, 0x48, 0x27,
  0x27, 0x24, 0x03, 0x03, 0x4b, 0x35, 0x51, 0x47, 0x46, 0x67, 0x1e, 0x1d,
  0x01, 0xc0, 0x01, 0x60, 0xfe, 0xe0, 0x60, 0x40, 0xa0, 0x01, 0x60, 0x60,
  0x73, 0x1e, 0x26, 0x06, 0x35, 0x1e, 0x86, 0x4a, 0x3c, 0x34, 0x35, 0x4e,
  0x16, 0x17, 0x17, 0x16, 0x4e, 0x35, 0x34, 0x3c, 0x4a, 0x86, 0x1e, 0x35,
  0x06, 0x17, 0x16, 0x43, 0x2b, 0x2c, 0x30, 0x00, 0x00, 0x02, 0x00, 0x00,
  0xff, 0xc0, 0x03, 0x80, 0x03, 0xc0, 0x00, 0x0b, 0x00, 0x1c, 0x00, 0x00,
  0x01, 0x34, 0x36, 0x33, 0x32, 0x16, 0x15, 0x14, 0x06, 0x23, 0x22, 0x26,
  0x05, 0x23, 0x03, 0x13, 0x27, 0x07, 0x13, 0x03, 0x23, 0x22, 0x06, 0x15,
  0x11, 0x21, 0x11, 0x34, 0x26, 0x01, 0x40, 0x70, 0x50, 0x50, 0x70, 0x70,
  0x50, 0x50, 0x70, 0x01, 0xc0, 0x23, 0xc7, 0x4a, 0x60, 0x60, 0x4a, 0xc7,
  0x23, 0x60, 0x20, 0x03, 0x00, 0x20, 0x03, 0x00, 0x50, 0x70, 0x70, 0x50,
  0x50, 0x70, 0x70, 0xb0, 0xfe, 0x6c, 0x01, 0x74, 0x60, 0x60, 0xfe, 0x8c,
  0x01, 0x94, 0x70, 0x50, 0xfe, 0xc0, 0x01, 0x40, 0x50, 0x70, 0x00, 0x00,
  0x00, 0x02, 0x00, 0x00, 0xff, 0xc0, 0x04, 0x01, 0x03, 0xc0, 0x00, 0x26,
  0x00, 0x4d, 0x00, 0x00, 0x13, 0x32, 0x17, 0x1e, 0x01, 0x17, 0x16, 0x15,
  0x14, 0x07, 0x0e, 0x01, 0x07, 0x06, 0x23, 0x22, 0x27, 0x2e, 0x01, 0x27,
  0x26, 0x35, 0x27, 0x34, 0x37, 0x3e, 0x01, 0x37, 0x36, 0x33, 0x15, 0x22,
  0x06, 0x07, 0x0e, 0x01, 0x07, 0x3e, 0x01, 0x21, 0x32, 0x17, 0x1e, 0x01,
  0x17, 0x16, 0x15, 0x14, 0x07, 0x0e, 0x01, 0x07, 0x06, 0x23, 0x22, 0x27,
  0x2e, 0x01, 0x27, 0x26, 0x35, 0x27, 0x34, 0x37, 0x3e, 0x01, 0x37, 0x36,
  0x33, 0x15, 0x22, 0x06, 0x07, 0x0e, 0x01, 0x07, 0x3e, 0x01, 0xe1, 0x2e,
  0x29, 0x29, 0x3d, 0x11, 0x12, 0x12, 0x11, 0x3d, 0x29, 0x29, 0x2e, 0x2e,
  0x29, 0x29, 0x3d, 0x11, 0x12, 0x01, 0x23, 0x23, 0x7a, 0x52, 0x51, 0x5d,
  0x40, 0x75, 0x2d, 0x09, 0x10, 0x07, 0x08, 0x12, 0x02, 0x49, 0x2e, 0x29,
  0x29, 0x3d, 0x11, 0x12, 0x12, 0x11, 0x3d, 0x29, 0x29, 0x2e, 0x2e, 0x29,
  0x29, 0x3d, 0x11, 0x12, 0x01, 0x23, 0x23, 0x7a, 0x52, 0x51, 0x5d, 0x40,
  0x75, 0x2d, 0x09, 0x10, 0x07, 0x08, 0x12, 0x02, 0x00, 0x12, 0x11, 0x3d,
  0x29, 0x29, 0x2e, 0x2e, 0x29, 0x29, 0x3d, 0x11, 0x12, 0x12, 0x11, 0x3d,
  0x29, 0x29, 0x2e, 0x20, 0x5d, 0x51, 0x52, 0x7a, 0x23, 0x23, 0x80, 0x30,
  0x2e, 0x08, 0x13, 0x0a, 0x02, 0x01, 0x12, 0x11, 0x3d, 0x29, 0x29, 0x2e,
  0x2e, 0x29, 0x29, 0x3d, 0x11, 0x12, 0x12, 0x11, 0x3d, 0x29, 0x29, 0x2e,
  0x20, 0x5d, 0x51, 0x52, 0x7a, 0x23, 0x23, 0x80, 0x30, 0x2e, 0x08, 0x13,
  0x0a, 0x02, 0x01, 0x00, 0x00, 0x02, 0x00, 0x00, 0xff, 0xc0, 0x04, 0x01,
  0x03, 0xc0, 0x00, 0x26, 0x00, 0x4d, 0x00, 0x00, 0x01, 0x22, 0x27, 0x2e,
  0x01, 0x27, 0x26, 0x35, 0x34, 0x37, 0x3e, 0x01, 0x37, 0x36, 0x33, 0x32,
  0x17, 0x1e, 0x01, 0x17, 0x16, 0x15, 0x17, 0x14, 0x07, 0x0e, 0x01, 0x07,
  0x06, 0x23, 0x35, 0x32, 0x36, 0x37, 0x3e, 0x01, 0x37, 0x0e, 0x01, 0x21,
  0x22, 0x27, 0x2e, 0x01, 0x27, 0x26, 0x35, 0x34, 0x37, 0x3e, 0x01, 0x37,
  0x36, 0x33, 0x32, 0x17, 0x1e, 0x01, 0x17, 0x16, 0x15, 0x17, 0x14, 0x07,
  0x0e, 0x01, 0x07, 0x06, 0x23, 0x35, 0x32, 0x36, 0x37, 0x3e, 0x01, 0x37,
  0x0e, 0x01, 0x03, 0x20, 0x2e, 0x29, 0x29, 0x3d, 0x11, 0x12, 0x12, 0x11,
  0x3d, 0x29, 0x29, 0x2e, 0x2e, 0x29, 0x29, 0x3d, 0x11, 0x12, 0x01, 0x23,
  0x23, 0x7a, 0x52, 0x51, 0x5d, 0x40, 0x75, 0x2d, 0x09, 0x10, 0x07, 0x08,
  0x12, 0xfd, 0xb7, 0x2e, 0x29, 0x29, 0x3d, 0x11, 0x12, 0x12, 0x11, 0x3d,
  0x29, 0x29, 0x2e, 0x2e, 0x29, 0x29, 0x3d, 0x11, 0x12, 0x01, 0x23, 0x23,
  0x7a, 0x52, 0x51, 0x5d, 0x40, 0x75, 0x2d, 0x09, 0x10, 0x07, 0x08, 0x12,
  0x01, 0x40, 0x12, 0x11, 0x3d, 0x29, 0x29, 0x2e, 0x2e, 0x29, 0x29, 0x3d,
  0x11, 0x12, 0x12, 0x11, 0x3d, 0x29, 0x29, 0x2e, 0x20, 0x5d, 0x51, 0x52,
  0x7a, 0x23, 0x23, 0x80, 0x30, 0x2e, 0x08, 0x13, 0x0a, 0x02, 0x01, 0x12,
  0x11, 0x3d, 0x29, 0x29, 0x2e, 0x2e, 0x29, 0x29, 0x3d, 0x11, 0x12, 0x12,
  0x11, 0x3d, 0x29, 0x29, 0x2e, 0x20, 0x5d, 0x51, 0x52, 0x7a, 0x23, 0x23,
  0x80, 0x30, 0x2e, 0x08, 0x13, 0x0a, 0x02, 0x01, 0x00, 0x03, 0x00, 0x00,
  0xff, 0xc0, 0x03, 0xc0, 0x03, 0xc0, 0x00, 0x2a, 0x00, 0x4b, 0x00, 0x67,
  0x00, 0x00, 0x01, 0x36, 0x37, 0x3e, 0x01, 0x37, 0x36, 0x35, 0x34, 0x26,
  0x27, 0x21, 0x0e, 0x01, 0x15, 0x14, 0x17, 0x1e, 0x01, 0x17, 0x16, 0x17,
  0x06, 0x07, 0x0e, 0x01, 0x07, 0x06, 0x15, 0x14, 0x16, 0x17, 0x21, 0x3e,
  0x01, 0x35, 0x34, 0x27, 0x2e, 0x01, 0x27, 0x26, 0x27, 0x01, 0x34, 0x37,
  0x3e, 0x01, 0x37, 0x36, 0x37, 0x35, 0x26, 0x27, 0x2e, 0x01, 0x27, 0x26,
  0x35, 0x31, 0x21, 0x14, 0x07, 0x0e, 0x01, 0x07, 0x06, 0x07, 0x15, 0x16,
  0x17, 0x1e, 0x01, 0x17, 0x16, 0x15, 0x03, 0x2e, 0x01, 0x3d, 0x01, 0x34,
  0x36, 0x37, 0x3e, 0x01, 0x37, 0x21, 0x1e, 0x01, 0x17, 0x1e, 0x01, 0x1d,
  0x01, 0x14, 0x06, 0x07, 0x0e, 0x01, 0x07, 0x21, 0x2e, 0x01, 0x02, 0xd9,
  0x34, 0x2a, 0x2b, 0x3d, 0x10, 0x11, 0x02, 0x01, 0xfc, 0x86, 0x01, 0x02,
  0x11, 0x10, 0x3d, 0x2b, 0x2a, 0x34, 0x34, 0x2a, 0x2b, 0x3d, 0x10, 0x11,
  0x02, 0x01, 0x03, 0x7a, 0x01, 0x02, 0x11, 0x10, 0x3d, 0x2b, 0x2a, 0x34,
  0xfd, 0xc7, 0x0f, 0x0f, 0x39, 0x29, 0x2a, 0x36, 0x36, 0x2a, 0x29, 0x39,
  0x0f, 0x0f, 0x02, 0xc0, 0x0f, 0x0f, 0x39, 0x29, 0x2a, 0x36, 0x36, 0x2a,
  0x29, 0x39, 0x0f, 0x0f, 0xf4, 0x36, 0x16, 0x16, 0x36, 0x1d, 0x31, 0x13,
  0xfe, 0x66, 0x13, 0x31, 0x1d, 0x36, 0x16, 0x16, 0x36, 0x36, 0x4d, 0x0c,
  0x01, 0xf6, 0x0c, 0x4d, 0x01, 0xc0, 0x21, 0x2f, 0x2f, 0x73, 0x43, 0x43,
  0x48, 0x10, 0x20, 0x10, 0x10, 0x20, 0x10, 0x48, 0x43, 0x43, 0x73, 0x2f,
  0x2f, 0x21, 0x21, 0x2f, 0x2f, 0x73, 0x43, 0x43, 0x48, 0x10, 0x20, 0x10,
  0x10, 0x20, 0x10, 0x48, 0x43, 0x43, 0x73, 0x2f, 0x2f, 0x21, 0xfe, 0x40,
  0x46, 0x40, 0x3f, 0x68, 0x27, 0x26, 0x14, 0x64, 0x14, 0x26, 0x27, 0x68,
  0x3f, 0x40, 0x46, 0x46, 0x40, 0x3f, 0x68, 0x27, 0x26, 0x14, 0x64, 0x14,
  0x26, 0x27, 0x68, 0x3f, 0x40, 0x46, 0x01, 0x22, 0x1f, 0x47, 0x18, 0x40,
  0x18, 0x47, 0x1f, 0x10, 0x33, 0x1f, 0x20, 0x32, 0x10, 0x1f, 0x47, 0x18,
  0x40, 0x18, 0x47, 0x1f, 0x1f, 0x78, 0x4b, 0x4c, 0x77, 0x00, 0x00, 0x00,
  0x00, 0x08, 0x00, 0x00, 0xff, 0xc0, 0x03, 0xc0, 0x03, 0xc0, 0x00, 0x0b,
  0x00, 0x17, 0x00, 0x23, 0x00, 0x2f, 0x00, 0x42, 0x00, 0x55, 0x00, 0x68,
  0x00, 0x74, 0x00, 0x00, 0x01, 0x34, 0x36, 0x33, 0x32, 0x16, 0x15, 0x14,
  0x06, 0x23, 0x22, 0x26, 0x05, 0x34, 0x36, 0x33, 0x32, 0x16, 0x15, 0x14,
  0x06, 0x23, 0x22, 0x26, 0x17, 0x34, 0x36, 0x33, 0x32, 0x16, 0x15, 0x14,
  0x06, 0x23, 0x22, 0x26, 0x07, 0x34, 0x36, 0x33, 0x32, 0x16, 0x15, 0x14,
  0x06, 0x23, 0x22, 0x26, 0x05, 0x38, 0x01, 0x31, 0x34, 0x36, 0x33, 0x32,
  0x16, 0x15, 0x38, 0x01, 0x31, 0x14, 0x06, 0x23, 0x22, 0x26, 0x35, 0x25,
  0x38, 0x01, 0x31, 0x34, 0x36, 0x33, 0x32, 0x16, 0x15, 0x38, 0x01, 0x31,
  0x14, 0x06, 0x23, 0x22, 0x26, 0x35, 0x03, 0x38, 0x01, 0x31, 0x34, 0x36,
  0x33, 0x32, 0x16, 0x15, 0x38, 0x01, 0x31, 0x14, 0x06, 0x23, 0x22, 0x26,
  0x35, 0x03, 0x34, 0x36, 0x33, 0x32, 0x16, 0x15, 0x14, 0x06, 0x23, 0x22,
  0x26, 0x01, 0x80, 0x4b, 0x35, 0x35, 0x4b, 0x4b, 0x35, 0x35, 0x4b, 0x01,
  0x10, 0x4b, 0x35, 0x35, 0x4b, 0x4b, 0x35, 0x35, 0x4b, 0xb0, 0x25, 0x1b,
  0x1b, 0x25, 0x25, 0x1b, 0x1b, 0x25, 0x70, 0x25, 0x1b, 0x1a, 0x26, 0x26,
  0x1a, 0x1b, 0x25, 0xfe, 0xf0, 0x25, 0x1b, 0x1b, 0x25, 0x25, 0x1b, 0x1b,
  0x25, 0xfe, 0xf0, 0x26, 0x1a, 0x1b, 0x25, 0x25, 0x1b, 0x1a, 0x26, 0x20,
  0x39, 0x27, 0x28, 0x38, 0x38, 0x28, 0x27, 0x39, 0x58, 0x2a, 0x1e, 0x1e,
  0x2a, 0x2a, 0x1e, 0x1e, 0x2a, 0x03, 0x40, 0x35, 0x4b, 0x4b, 0x35, 0x35,
  0x4b, 0x4b, 0x3b, 0x35, 0x4b, 0x4b, 0x35, 0x35, 0x4b, 0x4b, 0xdb, 0x1b,
  0x25, 0x25, 0x1b, 0x1b, 0x25, 0x25, 0xf5, 0x1b, 0x25, 0x25, 0x1b, 0x1a,
  0x26, 0x26, 0x56, 0x1b, 0x25, 0x25, 0x1b, 0x1b, 0x25, 0x25, 0x1b, 0x70,
  0x1b, 0x25, 0x25, 0x1b, 0x1a, 0x26, 0x26, 0x1a, 0x02, 0x20, 0x27, 0x39,
  0x39, 0x27, 0x28, 0x38, 0x38, 0x28, 0xfe, 0xf0, 0x1e, 0x2a, 0x2a, 0x1e,
  0x1e, 0x2a, 0x2a, 0x00, 0x00, 0x02, 0x00, 0x00, 0xff, 0xc0, 0x04, 0x00,
  0x03, 0xc0, 0x00, 0x3a, 0x00, 0x72, 0x00, 0x00, 0x01, 0x2e, 0x01, 0x27,
  0x2e, 0x01, 0x27, 0x2e, 0x01, 0x27, 0x2e, 0x01, 0x07, 0x0e, 0x01, 0x07,
  0x0e, 0x01, 0x07, 0x0e, 0x01, 0x07, 0x0e, 0x01, 0x17, 0x1e, 0x01, 0x17,
  0x1e, 0x01, 0x17, 0x1e, 0x01, 0x17, 0x1e, 0x01, 0x37, 0x3e, 0x01, 0x37,
  0x3e, 0x01, 0x37, 0x3e, 0x01, 0x37, 0x3e, 0x01, 0x37, 0x3a, 0x01, 0x33,
  0x32, 0x36, 0x35, 0x3c, 0x01, 0x35, 0x31, 0x07, 0x0e, 0x01, 0x07, 0x0e,
  0x01, 0x07, 0x0e, 0x01, 0x27, 0x2e, 0x01, 0x27, 0x2e, 0x01, 0x27, 0x2e,
  0x01, 0x27, 0x2e, 0x01, 0x37, 0x3e, 0x01, 0x37, 0x3e, 0x01, 0x37, 0x3e,
  0x01, 0x37, 0x3e, 0x01, 0x17, 0x1e, 0x01, 0x17, 0x1e, 0x01, 0x17, 0x1e,
  0x01, 0x17, 0x1e, 0x01, 0x07, 0x31, 0x1c, 0x01, 0x15, 0x14, 0x16, 0x17,
  0x0e, 0x01, 0x07, 0x04, 0x00, 0x01, 0x15, 0x15, 0x14, 0x39, 0x24, 0x23,
  0x54, 0x2e, 0x2d, 0x61, 0x31, 0x31, 0x5f, 0x2c, 0x2d, 0x4f, 0x21, 0x21,
  0x34, 0x11, 0x12, 0x10, 0x01, 0x01, 0x14, 0x13, 0x13, 0x36, 0x21, 0x22,
  0x4e, 0x2b, 0x2b, 0x5a, 0x2e, 0x2e, 0x59, 0x29, 0x29, 0x4b, 0x1e, 0x1f,
  0x31, 0x10, 0x09, 0x0e, 0x03, 0x01, 0x02, 0x01, 0x1b, 0x25, 0x66, 0x11,
  0x33, 0x1f, 0x1f, 0x49, 0x28, 0x28, 0x55, 0x2a, 0x2a, 0x53, 0x27, 0x26,
  0x45, 0x1d, 0x1d, 0x2c, 0x0f, 0x0f, 0x0e, 0x01, 0x01, 0x12, 0x10, 0x11,
  0x2e, 0x1d, 0x1e, 0x43, 0x25, 0x25, 0x4f, 0x27, 0x27, 0x4d, 0x24, 0x23,
  0x40, 0x1a, 0x1b, 0x29, 0x0e, 0x0d, 0x0d, 0x01, 0x21, 0x18, 0x05, 0x0f,
  0x0b, 0x01, 0xc0, 0x32, 0x63, 0x2d, 0x2e, 0x52, 0x22, 0x23, 0x35, 0x12,
  0x12, 0x11, 0x01, 0x01, 0x15, 0x13, 0x14, 0x37, 0x23, 0x22, 0x51, 0x2d,
  0x2c, 0x5e, 0x2f, 0x2f, 0x5c, 0x2b, 0x2b, 0x4d, 0x20, 0x20, 0x32, 0x10,
  0x11, 0x10, 0x01, 0x01, 0x14, 0x12, 0x12, 0x34, 0x21, 0x20, 0x4c, 0x29,
  0x19, 0x34, 0x1b, 0x25, 0x1b, 0x01, 0x03, 0x01, 0xaa, 0x28, 0x47, 0x1e,
  0x1e, 0x2e, 0x10, 0x0f, 0x0f, 0x01, 0x01, 0x12, 0x11, 0x11, 0x31, 0x1e,
  0x1e, 0x47, 0x26, 0x27, 0x51, 0x29, 0x29, 0x50, 0x25, 0x25, 0x42, 0x1c,
  0x1b, 0x2b, 0x0e, 0x0f, 0x0d, 0x01, 0x01, 0x11, 0x10, 0x10, 0x2d, 0x1c,
  0x1c, 0x41, 0x24, 0x23, 0x4b, 0x26, 0x01, 0x03, 0x01, 0x19, 0x24, 0x03,
  0x1a, 0x33, 0x18, 0x00, 0x00, 0x0c, 0x00, 0x00, 0xff, 0xc0, 0x03, 0xdd,
  0x03, 0xc0, 0x00, 0x0d, 0x00, 0x1b, 0x00, 0x2d, 0x00, 0x3f, 0x00, 0x50,
  0x00, 0x62, 0x00, 0x70, 0x00, 0x85, 0x00, 0x97, 0x00, 0xa9, 0x00, 0xbb,
  0x00, 0xcd, 0x00, 0x00, 0x01, 0x22, 0x26, 0x3d, 0x01, 0x34, 0x36, 0x33,
  0x32, 0x16, 0x1d, 0x01, 0x14, 0x06, 0x03, 0x22, 0x26, 0x3d, 0x01, 0x34,
  0x36, 0x33, 0x32, 0x16, 0x1d, 0x01, 0x14, 0x06, 0x03, 0x22, 0x26, 0x2f,
  0x01, 0x26, 0x36, 0x37, 0x36, 0x16, 0x1f, 0x01, 0x16, 0x06, 0x07, 0x0e,
  0x01, 0x23, 0x01, 0x22, 0x26, 0x2f, 0x01, 0x26, 0x36, 0x37, 0x36, 0x16,
  0x1f, 0x01, 0x16, 0x06, 0x07, 0x0e, 0x01, 0x23, 0x01, 0x22, 0x26, 0x2f,
  0x01, 0x2e, 0x01, 0x37, 0x3e, 0x01, 0x1f, 0x01, 0x1e, 0x01, 0x07, 0x0e,
  0x01, 0x01, 0x22, 0x26, 0x2f, 0x01, 0x2e, 0x01, 0x37, 0x3e, 0x01, 0x1f,
  0x01, 0x1e, 0x01, 0x07, 0x0e, 0x01, 0x23, 0x25, 0x23, 0x22, 0x26, 0x35,
  0x34, 0x36, 0x3b, 0x01, 0x32, 0x16, 0x15, 0x14, 0x06, 0x25, 0x38, 0x01,
  0x31, 0x23, 0x22, 0x26, 0x35, 0x34, 0x36, 0x33, 0x38, 0x01, 0x31, 0x33,
  0x32, 0x16, 0x15, 0x14, 0x06, 0x23, 0x05, 0x22, 0x26, 0x27, 0x26, 0x36,
  0x3f, 0x01, 0x36, 0x16, 0x17, 0x16, 0x06, 0x0f, 0x01, 0x0e, 0x01, 0x23,
  0x01, 0x22, 0x26, 0x27, 0x26, 0x36, 0x3f, 0x01, 0x36, 0x16, 0x17, 0x16,
  0x06, 0x0f, 0x01, 0x0e, 0x01, 0x23, 0x01, 0x22, 0x26, 0x27, 0x2e, 0x01,
  0x3f, 0x01, 0x3e, 0x01, 0x17, 0x1e, 0x01, 0x0f, 0x01, 0x0e, 0x01, 0x23,
  0x01, 0x22, 0x26, 0x27, 0x2e, 0x01, 0x3f, 0x01, 0x3e, 0x01, 0x17, 0x1e,
  0x01, 0x0f, 0x01, 0x0e, 0x01, 0x23, 0x02, 0x00, 0x19, 0x23, 0x23, 0x19,
  0x19, 0x23, 0x23, 0x19, 0x0f, 0x16, 0x16, 0x0f, 0x0f, 0x16, 0x16, 0x95,
  0x0f, 0x1a, 0x08, 0x59, 0x0c, 0x0c, 0x14, 0x14, 0x2d, 0x0c, 0x59, 0x0c,
  0x0c, 0x14, 0x07, 0x0e, 0x07, 0x01, 0x66, 0x09, 0x10, 0x04, 0x5a, 0x07,
  0x07, 0x0d, 0x0c, 0x1a, 0x07, 0x5a, 0x07, 0x07, 0x0c, 0x04, 0x09, 0x04,
  0xfe, 0x37, 0x06, 0x0e, 0x06, 0x9b, 0x13, 0x0b, 0x0b, 0x0b, 0x2a, 0x12,
  0x9c, 0x12, 0x0b, 0x0a, 0x08, 0x18, 0x02, 0x5f, 0x04, 0x08, 0x03, 0x9b,
  0x0b, 0x06, 0x06, 0x06, 0x18, 0x0b, 0x9b, 0x0a, 0x07, 0x06, 0x05, 0x0e,
  0x07, 0xfd, 0x6f, 0xb3, 0x14, 0x1c, 0x1c, 0x14, 0xb3, 0x14, 0x1d, 0x1d,
  0x02, 0xb9, 0xb3, 0x0d, 0x11, 0x11, 0x0d, 0xb3, 0x0c, 0x11, 0x11, 0x0c,
  0xfc, 0xbc, 0x0b, 0x15, 0x06, 0x0a, 0x0a, 0x10, 0x9b, 0x10, 0x24, 0x09,
  0x09, 0x09, 0x10, 0x9b, 0x06, 0x0b, 0x06, 0x02, 0x6d, 0x08, 0x0e, 0x04,
  0x06, 0x06, 0x0b, 0x9b, 0x0a, 0x18, 0x07, 0x06, 0x07, 0x0a, 0x9b, 0x04,
  0x08, 0x03, 0xfe, 0x37, 0x05, 0x0a, 0x05, 0x0f, 0x09, 0x09, 0x59, 0x09,
  0x20, 0x0f, 0x0f, 0x09, 0x09, 0x59, 0x06, 0x13, 0x0b, 0x01, 0x66, 0x04,
  0x07, 0x04, 0x0a, 0x07, 0x06, 0x5a, 0x06, 0x18, 0x0b, 0x0a, 0x07, 0x06,
  0x5a, 0x04, 0x0e, 0x08, 0x02, 0x91, 0x23, 0x19, 0xb3, 0x18, 0x23, 0x23,
  0x18, 0xb3, 0x19, 0x23, 0xfd, 0x4a, 0x16, 0x0f, 0xb3, 0x10, 0x16, 0x16,
  0x10, 0xb3, 0x0f, 0x16, 0x02, 0x96, 0x0e, 0x0e, 0x9b, 0x14, 0x2d, 0x0b,
  0x0c, 0x0c, 0x14, 0x9b, 0x14, 0x2d, 0x0c, 0x04, 0x03, 0xfd, 0xaa, 0x08,
  0x09, 0x9b, 0x0c, 0x1b, 0x06, 0x07, 0x07, 0x0c, 0x9b, 0x0c, 0x1b, 0x07,
  0x02, 0x02, 0x01, 0xf7, 0x04, 0x03, 0x5a, 0x0a, 0x2a, 0x13, 0x13, 0x0b,
  0x0b, 0x59, 0x0b, 0x2a, 0x13, 0x0c, 0x0e, 0xfe, 0xb0, 0x02, 0x02, 0x5a,
  0x06, 0x18, 0x0b, 0x0a, 0x07, 0x06, 0x5a, 0x06, 0x18, 0x0b, 0x07, 0x08,
  0xce, 0x1c, 0x14, 0x14, 0x1c, 0x1c, 0x14, 0x14, 0x1c, 0x12, 0x12, 0x0c,
  0x0c, 0x12, 0x12, 0x0c, 0x0c, 0x12, 0xef, 0x0c, 0x0b, 0x10, 0x24, 0x09,
  0x59, 0x0a, 0x0a, 0x10, 0x10, 0x24, 0x09, 0x5a, 0x03, 0x03, 0x01, 0x75,
  0x08, 0x07, 0x0b, 0x18, 0x06, 0x5a, 0x06, 0x07, 0x0a, 0x0b, 0x18, 0x06,
  0x5a, 0x02, 0x02, 0xfd, 0xeb, 0x03, 0x03, 0x08, 0x21, 0x0f, 0x9b, 0x0f,
  0x08, 0x08, 0x09, 0x20, 0x0f, 0x9b, 0x0a, 0x0b, 0x02, 0x78, 0x02, 0x02,
  0x06, 0x18, 0x0b, 0x9b, 0x0a, 0x07, 0x06, 0x07, 0x18, 0x0a, 0x9b, 0x07,
  0x08, 0x00, 0x00, 0x00, 0x00, 0x05, 0x00, 0x00, 0xff, 0xc0, 0x04, 0x00,
  0x03, 0xc0, 0x00, 0x11, 0x00, 0x23, 0x00, 0x30, 0x00, 0x3c, 0x00, 0x4b,
  0x00, 0x00, 0x13, 0x34, 0x36, 0x37, 0x27, 0x0e, 0x01, 0x15, 0x14, 0x17,
  0x1e, 0x01, 0x17, 0x16, 0x17, 0x37, 0x2e, 0x01, 0x25, 0x14, 0x06, 0x07,
  0x17, 0x36, 0x37, 0x3e, 0x01, 0x37, 0x36, 0x35, 0x34, 0x26, 0x27, 0x07,
  0x1e, 0x01, 0x01, 0x1e, 0x01, 0x17, 0x37, 0x26, 0x27, 0x2e, 0x01, 0x27,
  0x26, 0x27, 0x15, 0x05, 0x3e, 0x01, 0x37, 0x35, 0x06, 0x07, 0x0e, 0x01,
  0x07, 0x06, 0x07, 0x01, 0x0e, 0x01, 0x23, 0x22, 0x26, 0x27, 0x07, 0x1e,
  0x01, 0x33, 0x32, 0x36, 0x37, 0x27, 0xc0, 0x01, 0x01, 0xb9, 0x04, 0x05,
  0x0b, 0x0c, 0x2a, 0x1d, 0x1e, 0x26, 0x72, 0x27, 0x2d, 0x02, 0x80, 0x2d,
  0x27, 0x72, 0x26, 0x1e, 0x1d, 0x2a, 0x0c, 0x0b, 0x05, 0x04, 0xb9, 0x01,
  0x01, 0xff, 0x00, 0x45, 0x70, 0x21, 0xb9, 0x1b, 0x29, 0x29, 0x67, 0x3c,
  0x3d, 0x42, 0xfe, 0xaa, 0x21, 0x70, 0x45, 0x42, 0x3d, 0x3c, 0x67, 0x29,
  0x29, 0x1b, 0x02, 0x54, 0x1f, 0x43, 0x23, 0x23, 0x43, 0x1f, 0x72, 0x37,
  0x7d, 0x43, 0x43, 0x7d, 0x37, 0x72, 0x01, 0xc0, 0x09, 0x12, 0x09, 0x3c,
  0x17, 0x30, 0x19, 0x37, 0x34, 0x34, 0x5f, 0x2a, 0x2a, 0x23, 0x9d, 0x2b,
  0x6f, 0x3e, 0x3e, 0x6f, 0x2b, 0x9d, 0x23, 0x2a, 0x2a, 0x5f, 0x34, 0x34,
  0x37, 0x19, 0x30, 0x17, 0x3c, 0x09, 0x12, 0x01, 0x31, 0x0e, 0x53, 0x3b,
  0x3c, 0x3a, 0x32, 0x31, 0x4c, 0x18, 0x19, 0x08, 0xc2, 0x9c, 0x3b, 0x53,
  0x0e, 0xc2, 0x08, 0x19, 0x18, 0x4c, 0x31, 0x32, 0x3a, 0xfe, 0x03, 0x0e,
  0x0f, 0x0f, 0x0e, 0x9e, 0x1e, 0x21, 0x21, 0x1e, 0x9e, 0x00, 0x00, 0x00,
  0x00, 0x03, 0x00, 0x00, 0xff, 0xc0, 0x04, 0x00, 0x03, 0xc0, 0x00, 0x1b,
  0x00, 0x37, 0x00, 0x7a, 0x00, 0x00, 0x01, 0x22, 0x07, 0x0e, 0x01, 0x07,
  0x06, 0x15, 0x14, 0x17, 0x1e, 0x01, 0x17, 0x16, 0x33, 0x32, 0x37, 0x3e,
  0x01, 0x37, 0x36, 0x35, 0x34, 0x27, 0x2e, 0x01, 0x27, 0x26, 0x03, 0x32,
  0x17, 0x1e, 0x01, 0x17, 0x16, 0x15, 0x14, 0x07, 0x0e, 0x01, 0x07, 0x06,
  0x23, 0x22, 0x27, 0x2e, 0x01, 0x27, 0x26, 0x35, 0x34, 0x37, 0x3e, 0x01,
  0x37, 0x36, 0x01, 0x06, 0x07, 0x0e, 0x01, 0x07, 0x06, 0x23, 0x22, 0x27,
  0x2e, 0x01, 0x27, 0x26, 0x27, 0x26, 0x27, 0x2e, 0x01, 0x27, 0x26, 0x35,
  0x34, 0x37, 0x3e, 0x01, 0x37, 0x36, 0x37, 0x17, 0x38, 0x01, 0x31, 0x06,
  0x07, 0x06, 0x14, 0x17, 0x16, 0x17, 0x1e, 0x01, 0x33, 0x32, 0x36, 0x37,
  0x36, 0x37, 0x36, 0x34, 0x27, 0x26, 0x27, 0x37, 0x16, 0x17, 0x1e, 0x01,
  0x17, 0x16, 0x15, 0x14, 0x07, 0x0e, 0x01, 0x07, 0x06, 0x02, 0x00, 0x6a,
  0x5d, 0x5e, 0x8b, 0x28, 0x28, 0x28, 0x28, 0x8b, 0x5e, 0x5d, 0x6a, 0x6a,
  0x5d, 0x5e, 0x8b, 0x28, 0x28, 0x28, 0x28, 0x8b, 0x5e, 0x5d, 0x6a, 0x35,
  0x2f, 0x2e, 0x46, 0x14, 0x14, 0x14, 0x14, 0x46, 0x2e, 0x2f, 0x35, 0x35,
  0x2f, 0x2e, 0x46, 0x14, 0x14, 0x14, 0x14, 0x46, 0x2e, 0x2f, 0x01, 0x66,
  0x1e, 0x23, 0x24, 0x4d, 0x2a, 0x2a, 0x2b, 0x2b, 0x2a, 0x2a, 0x4d, 0x24,
  0x23, 0x1e, 0x1f, 0x18, 0x17, 0x20, 0x09, 0x08, 0x08, 0x09, 0x20, 0x17,
  0x18, 0x1f, 0x43, 0x31, 0x18, 0x19, 0x19, 0x18, 0x31, 0x30, 0x7b, 0x43,
  0x43, 0x7b, 0x30, 0x31, 0x18, 0x19, 0x19, 0x18, 0x31, 0x43, 0x1f, 0x18,
  0x17, 0x20, 0x09, 0x08, 0x08, 0x09, 0x20, 0x17, 0x18, 0x03, 0xc0, 0x28,
  0x28, 0x8b, 0x5e, 0x5d, 0x6a, 0x6a, 0x5d, 0x5e, 0x8b, 0x28, 0x28, 0x28,
  0x28, 0x8b, 0x5e, 0x5d, 0x6a, 0x6a, 0x5d, 0x5e, 0x8b, 0x28, 0x28, 0xff,
  0x00, 0x14, 0x14, 0x46, 0x2e, 0x2f, 0x35, 0x35, 0x2f, 0x2e, 0x46, 0x14,
  0x14, 0x14, 0x14, 0x46, 0x2e, 0x2f, 0x35, 0x35, 0x2f, 0x2e, 0x46, 0x14,
  0x14, 0xfd, 0xcf, 0x1f, 0x18, 0x17, 0x20, 0x09, 0x08, 0x08, 0x09, 0x20,
  0x17, 0x18, 0x1f, 0x1e, 0x23, 0x24, 0x4d, 0x2a, 0x2a, 0x2b, 0x2b, 0x2a,
  0x2a, 0x4d, 0x24, 0x23, 0x1e, 0x43, 0x32, 0x3e, 0x3d, 0x82, 0x3d, 0x3e,
  0x32, 0x2f, 0x33, 0x33, 0x2f, 0x32, 0x3e, 0x3d, 0x82, 0x3d, 0x3e, 0x32,
  0x43, 0x1e, 0x23, 0x24, 0x4d, 0x2a, 0x2a, 0x2b, 0x2b, 0x2a, 0x2a, 0x4d,
  0x24, 0x23, 0x00, 0x00, 0x00, 0x08, 0x00, 0x00, 0xff, 0xc0, 0x03, 0xe9,
  0x03, 0xc0, 0x00, 0x0b, 0x00, 0x1d, 0x00, 0x29, 0x00, 0x36, 0x00, 0x42,
  0x00, 0x4f, 0x00, 0x62, 0x00, 0x6e, 0x00, 0x00, 0x01, 0x34, 0x36, 0x33,
  0x32, 0x16, 0x15, 0x14, 0x06, 0x23, 0x22, 0x26, 0x01, 0x38, 0x01, 0x31,
  0x34, 0x36, 0x33, 0x32, 0x16, 0x15, 0x38, 0x01, 0x31, 0x14, 0x06, 0x23,
  0x22, 0x26, 0x07, 0x34, 0x36, 0x33, 0x32, 0x16, 0x15, 0x14, 0x06, 0x23,
  0x22, 0x26, 0x05, 0x34, 0x36, 0x33, 0x32, 0x16, 0x15, 0x14, 0x06, 0x23,
  0x22, 0x26, 0x35, 0x25, 0x34, 0x36, 0x33, 0x32, 0x16, 0x15, 0x14, 0x06,
  0x23, 0x22, 0x26, 0x03, 0x34, 0x36, 0x33, 0x32, 0x16, 0x15, 0x14, 0x06,
  0x23, 0x22, 0x26, 0x35, 0x13, 0x38, 0x01, 0x31, 0x34, 0x36, 0x33, 0x32,
  0x16, 0x15, 0x38, 0x01, 0x31, 0x14, 0x06, 0x23, 0x22, 0x26, 0x35, 0x21,
  0x14, 0x06, 0x23, 0x22, 0x26, 0x35, 0x34, 0x36, 0x33, 0x32, 0x16, 0x01,
  0x80, 0x4b, 0x35, 0x35, 0x4b, 0x4b, 0x35, 0x35, 0x4b, 0x01, 0x97, 0x3e,
  0x2b, 0x2b, 0x3e, 0x3e, 0x2b, 0x2b, 0x3e, 0x67, 0x38, 0x28, 0x27, 0x38,
  0x38, 0x27, 0x28, 0x38, 0xfe, 0xfa, 0x32, 0x24, 0x24, 0x32, 0x32, 0x24,
  0x24, 0x32, 0xfe, 0xf8, 0x2e, 0x20, 0x21, 0x2d, 0x2d, 0x21, 0x20, 0x2e,
  0x69, 0x2a, 0x1d, 0x1d, 0x2a, 0x2a, 0x1d, 0x1d, 0x2a, 0x77, 0x26, 0x1a,
  0x1b, 0x25, 0x25, 0x1b, 0x1a, 0x26, 0x02, 0xd3, 0x43, 0x30, 0x30, 0x44,
  0x44, 0x30, 0x30, 0x43, 0x03, 0x40, 0x35, 0x4b, 0x4b, 0x35, 0x35, 0x4b,
  0x4b, 0xfe, 0xb5, 0x2b, 0x3e, 0x3e, 0x2b, 0x2b, 0x3e, 0x3e, 0xe5, 0x28,
  0x38, 0x38, 0x28, 0x27, 0x38, 0x38, 0x49, 0x24, 0x32, 0x32, 0x24, 0x24,
  0x32, 0x32, 0x24, 0x70, 0x21, 0x2d, 0x2d, 0x21, 0x20, 0x2e, 0x2e, 0x01,
  0x30, 0x1d, 0x2a, 0x2a, 0x1d, 0x1d, 0x2a, 0x2a, 0x1d, 0x01, 0x10, 0x1a,
  0x26, 0x26, 0x1a, 0x1b, 0x25, 0x25, 0x1b, 0x30, 0x44, 0x44, 0x30, 0x30,
  0x43, 0x43, 0x00, 0x00, 0x00, 0x07, 0x00, 0x00, 0xff, 0xc0, 0x04, 0x00,
  0x03, 0xc0, 0x00, 0x0b, 0x00, 0x17, 0x00, 0x23, 0x00, 0x2f, 0x00, 0x3b,
  0x00, 0x47, 0x00, 0x53, 0x00, 0x00, 0x25, 0x34, 0x36, 0x33, 0x32, 0x16,
  0x15, 0x14, 0x06, 0x23, 0x22, 0x26, 0x01, 0x34, 0x36, 0x33, 0x32, 0x16,
  0x15, 0x14, 0x06, 0x23, 0x22, 0x26, 0x25, 0x34, 0x36, 0x33, 0x32, 0x16,
  0x15, 0x14, 0x06, 0x23, 0x22, 0x26, 0x01, 0x34, 0x36, 0x33, 0x32, 0x16,
  0x15, 0x14, 0x06, 0x23, 0x22, 0x26, 0x01, 0x34, 0x36, 0x33, 0x32, 0x16,
  0x15, 0x14, 0x06, 0x23, 0x22, 0x26, 0x25, 0x34, 0x36, 0x33, 0x32, 0x16,
  0x15, 0x14, 0x06, 0x23, 0x22, 0x26, 0x01, 0x34, 0x36, 0x33, 0x32, 0x16,
  0x15, 0x14, 0x06, 0x23, 0x22, 0x26, 0x01, 0xa0, 0x38, 0x28, 0x28, 0x38,
  0x38, 0x28, 0x28, 0x38, 0xfe, 0x60, 0x38, 0x28, 0x28, 0x38, 0x38, 0x28,
  0x28, 0x38, 0x03, 0x40, 0x38, 0x28, 0x28, 0x38, 0x38, 0x28, 0x28, 0x38,
  0xfd, 0x3a, 0x38, 0x28, 0x28, 0x38, 0x38, 0x28, 0x28, 0x38, 0x02, 0x4c,
  0x38, 0x28, 0x28, 0x38, 0x38, 0x28, 0x28, 0x38, 0xfd, 0xb4, 0x38, 0x28,
  0x28, 0x38, 0x38, 0x28, 0x28, 0x38, 0x02, 0x4c, 0x38, 0x28, 0x28, 0x38,
  0x38, 0x28, 0x28, 0x38, 0x20, 0x28, 0x38, 0x38, 0x28, 0x28, 0x38, 0x38,
  0x01, 0xc8, 0x28, 0x38, 0x38, 0x28, 0x28, 0x38, 0x38, 0x28, 0x28, 0x38,
  0x38, 0x28, 0x28, 0x38, 0x38, 0x01, 0x4e, 0x28, 0x38, 0x38, 0x28, 0x28,
  0x38, 0x38, 0xfd, 0xdc, 0x28, 0x38, 0x38, 0x28, 0x28, 0x38, 0x38, 0x28,
  0x28, 0x38, 0x38, 0x28, 0x28, 0x38, 0x38, 0x02, 0x74, 0x28, 0x38, 0x38,
  0x28, 0x28, 0x38, 0x38, 0x00, 0x01, 0x00, 0x00, 0xff, 0xc0, 0x04, 0x00,
  0x03, 0xc0, 0x00, 0x44, 0x00, 0x00, 0x05, 0x22, 0x27, 0x2e, 0x01, 0x27,
  0x26, 0x27, 0x26, 0x27, 0x2e, 0x01, 0x27, 0x26, 0x35, 0x34, 0x36, 0x37,
  0x3e, 0x01, 0x37, 0x17, 0x0e, 0x01, 0x07, 0x0e, 0x01, 0x15, 0x14, 0x17,
  0x1e, 0x01, 0x17, 0x16, 0x33, 0x32, 0x37, 0x3e, 0x01, 0x37, 0x36, 0x35,
  0x34, 0x26, 0x27, 0x2e, 0x01, 0x27, 0x37, 0x1e, 0x01, 0x17, 0x1e, 0x01,
  0x15, 0x14, 0x07, 0x0e, 0x01, 0x07, 0x06, 0x07, 0x06, 0x07, 0x0e, 0x01,
  0x07, 0x06, 0x23, 0x02, 0x00, 0x33, 0x32, 0x31, 0x5c, 0x2a, 0x2a, 0x24,
  0x24, 0x1c, 0x1c, 0x26, 0x0a, 0x0a, 0x28, 0x27, 0x25, 0x68, 0x3f, 0x2b,
  0x33, 0x55, 0x1e, 0x1f, 0x21, 0x21, 0x20, 0x71, 0x4c, 0x4c, 0x56, 0x56,
  0x4c, 0x4c, 0x71, 0x20, 0x21, 0x21, 0x1f, 0x1e, 0x55, 0x33, 0x2b, 0x3f,
  0x68, 0x25, 0x27, 0x28, 0x0a, 0x0a, 0x26, 0x1c, 0x1c, 0x24, 0x24, 0x2a,
  0x2a, 0x5c, 0x31, 0x32, 0x33, 0x40, 0x0a, 0x0a, 0x26, 0x1c, 0x1c, 0x24,
  0x24, 0x2a, 0x2a, 0x5c, 0x31, 0x32, 0x33, 0x49, 0x8b, 0x3d, 0x3b, 0x5f,
  0x1f, 0x56, 0x19, 0x4d, 0x31, 0x31, 0x71, 0x3b, 0x56, 0x4c, 0x4c, 0x71,
  0x20, 0x21, 0x21, 0x20, 0x71, 0x4c, 0x4c, 0x56, 0x3b, 0x71, 0x31, 0x31,
  0x4d, 0x19, 0x56, 0x1f, 0x5f, 0x3b, 0x3d, 0x8b, 0x49, 0x33, 0x32, 0x31,
  0x5c, 0x2a, 0x2a, 0x24, 0x24, 0x1c, 0x1c, 0x26, 0x0a, 0x0a, 0x00, 0x00,
  0x00, 0x02, 0x00, 0x00, 0xff, 0xc0, 0x04, 0x00, 0x03, 0xc0, 0x00, 0x21,
  0x00, 0x43, 0x00, 0x00, 0x01, 0x22, 0x07, 0x0e, 0x01, 0x07, 0x06, 0x07,
  0x36, 0x37, 0x3e, 0x01, 0x37, 0x36, 0x33, 0x32, 0x17, 0x1e, 0x01, 0x17,
  0x16, 0x15, 0x14, 0x16, 0x33, 0x32, 0x36, 0x35, 0x34, 0x27, 0x2e, 0x01,
  0x27, 0x26, 0x03, 0x32, 0x37, 0x3e, 0x01, 0x37, 0x36, 0x37, 0x06, 0x07,
  0x0e, 0x01, 0x07, 0x06, 0x23, 0x22, 0x27, 0x2e, 0x01, 0x27, 0x26, 0x35,
  0x34, 0x26, 0x23, 0x22, 0x06, 0x15, 0x14, 0x17, 0x1e, 0x01, 0x17, 0x16,
  0x02, 0x00, 0x69, 0x5c, 0x5c, 0x8a, 0x29, 0x29, 0x03, 0x02, 0x22, 0x21,
  0x71, 0x4b, 0x4a, 0x55, 0x56, 0x4c, 0x4c, 0x71, 0x20, 0x21, 0x38, 0x28,
  0x28, 0x38, 0x28, 0x28, 0x8b, 0x5e, 0x5d, 0x6a, 0x69, 0x5c, 0x5c, 0x8a,
  0x29, 0x29, 0x03, 0x02, 0x22, 0x21, 0x71, 0x4b, 0x4a, 0x55, 0x56, 0x4c,
  0x4c, 0x71, 0x20, 0x21, 0x38, 0x28, 0x28, 0x38, 0x28, 0x28, 0x8b, 0x5e,
  0x5d, 0x03, 0xc0, 0x27, 0x27, 0x88, 0x5b, 0x5b, 0x68, 0x5b, 0x4f, 0x50,
  0x76, 0x22, 0x22, 0x23, 0x23, 0x7a, 0x52, 0x51, 0x5d, 0x28, 0x38, 0x38,
  0x28, 0x6a, 0x5d, 0x5e, 0x8b, 0x28, 0x28, 0xfc, 0x00, 0x27, 0x27, 0x88,
  0x5b, 0x5b, 0x68, 0x5b, 0x4f, 0x50, 0x76, 0x22, 0x22, 0x23, 0x23, 0x7a,
  0x52, 0x51, 0x5d, 0x28, 0x38, 0x38, 0x28, 0x6a, 0x5d, 0x5e, 0x8b, 0x28,
  0x28, 0x00, 0x00, 0x00, 0x00, 0x02, 0x00, 0x00, 0xff, 0xc0, 0x04, 0x00,
  0x03, 0xc0, 0x02, 0x44, 0x04, 0x86, 0x00, 0x00, 0x13, 0x31, 0x38, 0x01,
  0x31, 0x14, 0x16, 0x15, 0x16, 0x14, 0x15, 0x14, 0x16, 0x15, 0x14, 0x16,
  0x15, 0x1e, 0x01, 0x17, 0x1e, 0x01, 0x17, 0x1e, 0x01, 0x17, 0x1e, 0x01,
  0x17, 0x16, 0x14, 0x17, 0x14, 0x16, 0x17, 0x1e, 0x01, 0x17, 0x14, 0x16,
  0x15, 0x14, 0x16, 0x15, 0x1e, 0x01, 0x17, 0x1e, 0x01, 0x17, 0x1e, 0x01,
  0x17, 0x1e, 0x01, 0x17, 0x1e, 0x01, 0x15, 0x1e, 0x01, 0x17, 0x1e, 0x01,
  0x17, 0x1e, 0x01, 0x17, 0x1e, 0x01, 0x17, 0x1e, 0x01, 0x17, 0x1e, 0x01,
  0x17, 0x1e, 0x01, 0x17, 0x1e, 0x01, 0x17, 0x1e, 0x01, 0x17, 0x1e, 0x01,
  0x17, 0x32, 0x16, 0x17, 0x32, 0x16, 0x33, 0x1e, 0x01, 0x17, 0x1e, 0x01,
  0x17, 0x1e, 0x01, 0x33, 0x1e, 0x01, 0x33, 0x1e, 0x01, 0x33, 0x1e, 0x01,
  0x17, 0x32, 0x16, 0x33, 0x32, 0x16, 0x33, 0x30, 0x32, 0x33, 0x1e, 0x01,
  0x33, 0x32, 0x16, 0x33, 0x3a, 0x01, 0x33, 0x16, 0x32, 0x33, 0x16, 0x32,
  0x33, 0x32, 0x30, 0x31, 0x1e, 0x01, 0x33, 0x30, 0x32, 0x33, 0x31, 0x38,
  0x01, 0x31, 0x32, 0x36, 0x33, 0x36, 0x32, 0x33, 0x32, 0x36, 0x33, 0x32,
  0x36, 0x33, 0x3e, 0x01, 0x37, 0x3e, 0x01, 0x37, 0x3e, 0x01, 0x37, 0x3e,
  0x01, 0x37, 0x36, 0x32, 0x37, 0x32, 0x36, 0x37, 0x3e, 0x01, 0x37, 0x32,
  0x36, 0x31, 0x32, 0x36, 0x33, 0x3e, 0x01, 0x37, 0x3e, 0x01, 0x37, 0x3e,
  0x01, 0x37, 0x3e, 0x01, 0x37, 0x3e, 0x01, 0x33, 0x3e, 0x01, 0x37, 0x3e,
  0x01, 0x37, 0x3e, 0x01, 0x37, 0x3e, 0x01, 0x37, 0x3e, 0x01, 0x37, 0x3e,
  0x01, 0x37, 0x3e, 0x01, 0x37, 0x3e, 0x01, 0x37, 0x3e, 0x01, 0x37, 0x3e,
  0x01, 0x37, 0x3e, 0x01, 0x37, 0x34, 0x36, 0x35, 0x3e, 0x01, 0x37, 0x3e,
  0x01, 0x37, 0x34, 0x36, 0x37, 0x34, 0x36, 0x35, 0x3e, 0x01, 0x37, 0x34,
  0x36, 0x35, 0x34, 0x36, 0x35, 0x36, 0x34, 0x35, 0x30, 0x34, 0x35, 0x3e,
  0x01, 0x35, 0x34, 0x36, 0x35, 0x3c, 0x01, 0x35, 0x36, 0x34, 0x35, 0x36,
  0x34, 0x35, 0x3c, 0x01, 0x31, 0x32, 0x36, 0x35, 0x30, 0x34, 0x35, 0x31,
  0x38, 0x01, 0x31, 0x34, 0x26, 0x35, 0x26, 0x34, 0x35, 0x34, 0x26, 0x35,
  0x34, 0x26, 0x35, 0x2e, 0x01, 0x27, 0x2e, 0x01, 0x27, 0x2e, 0x01, 0x27,
  0x2e, 0x01, 0x27, 0x26, 0x34, 0x27, 0x34, 0x26, 0x27, 0x2e, 0x01, 0x27,
  0x34, 0x26, 0x35, 0x34, 0x26, 0x35, 0x2e, 0x01, 0x27, 0x2e, 0x01, 0x27,
  0x2e, 0x01, 0x27, 0x2e, 0x01, 0x27, 0x2e, 0x01, 0x35, 0x2e, 0x01, 0x27,
  0x2e, 0x01, 0x27, 0x2e, 0x01, 0x27, 0x2e, 0x01, 0x27, 0x2e, 0x01, 0x27,
  0x2e, 0x01, 0x27, 0x2e, 0x01, 0x27, 0x2e, 0x01, 0x27, 0x2e, 0x01, 0x27,
  0x2e, 0x01, 0x27, 0x22, 0x26, 0x27, 0x22, 0x26, 0x23, 0x2e, 0x01, 0x27,
  0x2e, 0x01, 0x27, 0x2e, 0x01, 0x23, 0x2e, 0x01, 0x23, 0x2e, 0x01, 0x23,
  0x2e, 0x01, 0x27, 0x22, 0x26, 0x23, 0x22, 0x26, 0x23, 0x30, 0x22, 0x23,
  0x2e, 0x01, 0x23, 0x22, 0x26, 0x23, 0x2a, 0x01, 0x23, 0x26, 0x22, 0x23,
  0x26, 0x22, 0x23, 0x2a, 0x01, 0x23, 0x34, 0x26, 0x23, 0x30, 0x22, 0x23,
  0x31, 0x38, 0x01, 0x31, 0x22, 0x06, 0x23, 0x06, 0x22, 0x23, 0x22, 0x06,
  0x23, 0x22, 0x06, 0x23, 0x0e, 0x01, 0x07, 0x0e, 0x01, 0x07, 0x0e, 0x01,
  0x07, 0x0e, 0x01, 0x07, 0x06, 0x22, 0x07, 0x22, 0x06, 0x07, 0x0e, 0x01,
  0x07, 0x22, 0x06, 0x23, 0x22, 0x06, 0x23, 0x0e, 0x01, 0x07, 0x0e, 0x01,
  0x07, 0x0e, 0x01, 0x07, 0x0e, 0x01, 0x07, 0x0e, 0x01, 0x23, 0x0e, 0x01,
  0x07, 0x0e, 0x01, 0x07, 0x0e, 0x01, 0x07, 0x0e, 0x01, 0x07, 0x0e, 0x01,
  0x07, 0x0e, 0x01, 0x07, 0x0e, 0x01, 0x07, 0x0e, 0x01, 0x07, 0x0e, 0x01,
  0x07, 0x0e, 0x01, 0x07, 0x14, 0x06, 0x07, 0x14, 0x06, 0x15, 0x0e, 0x01,
  0x07, 0x0e, 0x01, 0x07, 0x0e, 0x01, 0x15, 0x0e, 0x01, 0x15, 0x0e, 0x01,
  0x15, 0x0e, 0x01, 0x07, 0x14, 0x06, 0x15, 0x14, 0x06, 0x15, 0x30, 0x14,
  0x15, 0x0e, 0x01, 0x15, 0x14, 0x06, 0x15, 0x1c, 0x01, 0x15, 0x06, 0x14,
  0x15, 0x06, 0x14, 0x15, 0x1c, 0x01, 0x31, 0x0e, 0x01, 0x15, 0x30, 0x14,
  0x15, 0x37, 0x30, 0x34, 0x31, 0x34, 0x36, 0x35, 0x3e, 0x01, 0x37, 0x34,
  0x36, 0x37, 0x34, 0x36, 0x35, 0x3e, 0x01, 0x37, 0x34, 0x36, 0x31, 0x34,
  0x36, 0x35, 0x3e, 0x01, 0x37, 0x3e, 0x01, 0x37, 0x3e, 0x01, 0x37, 0x34,
  0x36, 0x35, 0x3e, 0x01, 0x35, 0x3e, 0x01, 0x37, 0x3e, 0x01, 0x37, 0x3e,
  0x01, 0x37, 0x3e, 0x01, 0x37, 0x3e, 0x01, 0x37, 0x3e, 0x01, 0x37, 0x3e,
  0x01, 0x37, 0x3e, 0x01, 0x37, 0x3e, 0x01, 0x37, 0x3e, 0x01, 0x37, 0x3e,
  0x01, 0x37, 0x32, 0x36, 0x33, 0x3e, 0x01, 0x37, 0x3e, 0x01, 0x37, 0x32,
  0x36, 0x33, 0x36, 0x32, 0x37, 0x32, 0x36, 0x33, 0x3e, 0x01, 0x33, 0x36,
  0x32, 0x33, 0x36, 0x32, 0x33, 0x30, 0x32, 0x31, 0x36, 0x32, 0x37, 0x3a,
  0x01, 0x33, 0x3a, 0x01, 0x37, 0x3a, 0x01, 0x33, 0x32, 0x36, 0x33, 0x3a,
  0x01, 0x33, 0x3a, 0x01, 0x33, 0x3a, 0x01, 0x33, 0x16, 0x32, 0x33, 0x3a,
  0x01, 0x33, 0x16, 0x32, 0x33, 0x30, 0x32, 0x31, 0x32, 0x30, 0x39, 0x01,
  0x3e, 0x01, 0x37, 0x32, 0x30, 0x17, 0x32, 0x16, 0x17, 0x1e, 0x01, 0x17,
  0x32, 0x16, 0x17, 0x32, 0x16, 0x33, 0x1e, 0x01, 0x17, 0x32, 0x16, 0x31,
  0x32, 0x16, 0x33, 0x1e, 0x01, 0x33, 0x1e, 0x01, 0x17, 0x1e, 0x01, 0x17,
  0x1e, 0x01, 0x33, 0x1e, 0x01, 0x17, 0x1e, 0x01, 0x17, 0x1e, 0x01, 0x17,
  0x32, 0x16, 0x17, 0x1e, 0x01, 0x17, 0x1e, 0x01, 0x17, 0x1e, 0x01, 0x17,
  0x1e, 0x01, 0x17, 0x1e, 0x01, 0x17, 0x1e, 0x01, 0x17, 0x1e, 0x01, 0x17,
  0x1e, 0x01, 0x17, 0x14, 0x16, 0x15, 0x1e, 0x01, 0x17, 0x1e, 0x01, 0x17,
  0x14, 0x16, 0x15, 0x16, 0x14, 0x17, 0x14, 0x16, 0x15, 0x1e, 0x01, 0x15,
  0x16, 0x14, 0x15, 0x32, 0x14, 0x31, 0x1c, 0x01, 0x31, 0x16, 0x14, 0x17,
  0x1c, 0x01, 0x15, 0x1c, 0x01, 0x17, 0x1c, 0x01, 0x15, 0x14, 0x16, 0x15,
  0x1c, 0x01, 0x15, 0x1c, 0x01, 0x15, 0x1c, 0x01, 0x15, 0x06, 0x14, 0x15,
  0x1c, 0x01, 0x15, 0x06, 0x14, 0x15, 0x30, 0x14, 0x31, 0x30, 0x14, 0x39,
  0x01, 0x1e, 0x01, 0x17, 0x30, 0x14, 0x31, 0x0e, 0x01, 0x07, 0x0e, 0x01,
  0x07, 0x14, 0x06, 0x15, 0x0e, 0x01, 0x15, 0x0e, 0x01, 0x07, 0x14, 0x06,
  0x31, 0x14, 0x06, 0x15, 0x0e, 0x01, 0x15, 0x0e, 0x01, 0x07, 0x0e, 0x01,
  0x07, 0x0e, 0x01, 0x07, 0x0e, 0x01, 0x07, 0x0e, 0x01, 0x07, 0x0e, 0x01,
  0x07, 0x0e, 0x01, 0x07, 0x0e, 0x01, 0x07, 0x0e, 0x01, 0x07, 0x0e, 0x01,
  0x07, 0x0e, 0x01, 0x07, 0x0e, 0x01, 0x07, 0x0e, 0x01, 0x07, 0x0e, 0x01,
  0x07, 0x0e, 0x01, 0x07, 0x22, 0x06, 0x23, 0x0e, 0x01, 0x07, 0x0e, 0x01,
  0x07, 0x22, 0x06, 0x23, 0x06, 0x22, 0x07, 0x22, 0x06, 0x23, 0x0e, 0x01,
  0x23, 0x06, 0x22, 0x23, 0x14, 0x22, 0x31, 0x2a, 0x01, 0x23, 0x06, 0x22,
  0x07, 0x2a, 0x01, 0x23, 0x2a, 0x01, 0x07, 0x2a, 0x01, 0x23, 0x22, 0x06,
  0x23, 0x2a, 0x01, 0x23, 0x2a, 0x01, 0x23, 0x2a, 0x01, 0x23, 0x26, 0x22,
  0x23, 0x2a, 0x01, 0x23, 0x26, 0x22, 0x23, 0x30, 0x22, 0x31, 0x30, 0x22,
  0x39, 0x01, 0x0e, 0x01, 0x07, 0x22, 0x26, 0x27, 0x2e, 0x01, 0x27, 0x22,
  0x26, 0x27, 0x22, 0x26, 0x23, 0x2e, 0x01, 0x27, 0x22, 0x26, 0x31, 0x22,
  0x26, 0x23, 0x2e, 0x01, 0x23, 0x2e, 0x01, 0x27, 0x2e, 0x01, 0x27, 0x2e,
  0x01, 0x23, 0x2e, 0x01, 0x27, 0x2e, 0x01, 0x27, 0x2e, 0x01, 0x27, 0x22,
  0x26, 0x27, 0x2e, 0x01, 0x27, 0x2e, 0x01, 0x27, 0x2e, 0x01, 0x27, 0x2e,
  0x01, 0x27, 0x2e, 0x01, 0x27, 0x2e, 0x01, 0x27, 0x2e, 0x01, 0x27, 0x2e,
  0x01, 0x27, 0x34, 0x26, 0x35, 0x2e, 0x01, 0x27, 0x2e, 0x01, 0x27, 0x34,
  0x26, 0x35, 0x26, 0x34, 0x27, 0x34, 0x26, 0x35, 0x2e, 0x01, 0x35, 0x26,
  0x34, 0x35, 0x22, 0x34, 0x31, 0x3c, 0x01, 0x31, 0x26, 0x34, 0x27, 0x3c,
  0x01, 0x35, 0x3c, 0x01, 0x27, 0x3c, 0x01, 0x35, 0x34, 0x26, 0x35, 0x3c,
  0x01, 0x35, 0x3c, 0x01, 0x35, 0x3c, 0x01, 0x35, 0x36, 0x34, 0x35, 0x3c,
  0x01, 0x35, 0x36, 0x34, 0x35, 0x30, 0x34, 0x31, 0x30, 0x34, 0x39, 0x01,
  0x2e, 0x01, 0x27, 0x00, 0x01, 0x01, 0x01, 0x01, 0x01, 0x01, 0x01, 0x01,
  0x02, 0x01, 0x01, 0x01, 0x01, 0x01, 0x01, 0x01, 0x01, 0x01, 0x01, 0x01,
  0x01, 0x02, 0x01, 0x01, 0x01, 0x01, 0x01, 0x01, 0x01, 0x03, 0x01, 0x01,
  0x03, 0x02, 0x01, 0x01, 0x01, 0x01, 0x02, 0x02, 0x04, 0x02, 0x01, 0x04,
  0x02, 0x01, 0x02, 0x01, 0x01, 0x03, 0x01, 0x02, 0x04, 0x03, 0x09, 0x15,
  0x0c, 0x0c, 0x19, 0x0e, 0x0d, 0x1d, 0x0e, 0x0f, 0x1e, 0x0f, 0x03, 0x08,
  0x04, 0x01, 0x04, 0x02, 0x02, 0x03, 0x02, 0x04, 0x07, 0x04, 0x03, 0x08,
  0x03, 0x02, 0x03, 0x02, 0x02, 0x03, 0x02, 0x04, 0x06, 0x04, 0x03, 0x07,
  0x03, 0x02, 0x03, 0x01, 0x01, 0x02, 0x01, 0x02, 0x01, 0x03, 0x06, 0x03,
  0x02, 0x02, 0x02, 0x01, 0x03, 0x02, 0x03, 0x05, 0x03, 0x03, 0x05, 0x02,
  0x01, 0x01, 0x25, 0x1a, 0x01, 0x01, 0x03, 0x06, 0x02, 0x02, 0x02, 0x02,
  0x01, 0x04, 0x01, 0x02, 0x04, 0x02, 0x05, 0x09, 0x05, 0x05, 0x0b, 0x05,
  0x03, 0x06, 0x03, 0x02, 0x06, 0x04, 0x01, 0x03, 0x02, 0x01, 0x03, 0x02,
  0x03, 0x07, 0x03, 0x01, 0x02, 0x01, 0x02, 0x01, 0x01, 0x04, 0x01, 0x04,
  0x07, 0x03, 0x04, 0x07, 0x03, 0x02, 0x03, 0x02, 0x02, 0x03, 0x02, 0x04,
  0x07, 0x04, 0x03, 0x07, 0x04, 0x02, 0x03, 0x02, 0x02, 0x03, 0x02, 0x04,
  0x07, 0x04, 0x0e, 0x1c, 0x0d, 0x0d, 0x19, 0x0b, 0x0c, 0x14, 0x0a, 0x09,
  0x0f, 0x07, 0x01, 0x03, 0x02, 0x01, 0x01, 0x01, 0x02, 0x02, 0x02, 0x01,
  0x01, 0x03, 0x01, 0x01, 0x01, 0x01, 0x01, 0x02, 0x01, 0x02, 0x01, 0x01,
  0x01, 0x01, 0x01, 0x01, 0x01, 0x1b, 0x25, 0x01, 0x01, 0x01, 0x01, 0x01,
  0x01, 0x01, 0x01, 0x02, 0x01, 0x01, 0x01, 0x01, 0x01, 0x01, 0x01, 0x01,
  0x01, 0x01, 0x01, 0x01, 0x02, 0x01, 0x01, 0x01, 0x01, 0x01, 0x01, 0x01,
  0x03, 0x01, 0x01, 0x03, 0x02, 0x01, 0x01, 0x01, 0x01, 0x02, 0x02, 0x04,
  0x02, 0x01, 0x04, 0x02, 0x01, 0x02, 0x01, 0x01, 0x03, 0x01, 0x02, 0x04,
  0x03, 0x09, 0x15, 0x0c, 0x0c, 0x19, 0x0e, 0x0d, 0x1d, 0x0e, 0x0f, 0x1e,
  0x0f, 0x03, 0x08, 0x04, 0x01, 0x04, 0x02, 0x02, 0x03, 0x02, 0x04, 0x07,
  0x04, 0x03, 0x08, 0x03, 0x02, 0x03, 0x02, 0x02, 0x03, 0x02, 0x04, 0x06,
  0x04, 0x03, 0x07, 0x03, 0x02, 0x03, 0x01, 0x01, 0x02, 0x01, 0x02, 0x01,
  0x03, 0x06, 0x03, 0x02, 0x02, 0x02, 0x01, 0x03, 0x02, 0x03, 0x05, 0x03,
  0x03, 0x05, 0x02, 0x01, 0x01, 0x01, 0x26, 0x1a, 0x01, 0x01, 0x03, 0x05,
  0x03, 0x01, 0x03, 0x02, 0x01, 0x03, 0x02, 0x02, 0x04, 0x02, 0x04, 0x0a,
  0x05, 0x05, 0x0a, 0x06, 0x03, 0x05, 0x03, 0x03, 0x06, 0x03, 0x02, 0x03,
  0x02, 0x01, 0x03, 0x02, 0x03, 0x07, 0x03, 0x01, 0x01, 0x01, 0x01, 0x02,
  0x01, 0x01, 0x04, 0x01, 0x04, 0x06, 0x04, 0x03, 0x07, 0x04, 0x02, 0x03,
  0x02, 0x02, 0x03, 0x02, 0x04, 0x07, 0x03, 0x04, 0x07, 0x04, 0x02, 0x03,
  0x02, 0x02, 0x03, 0x02, 0x04, 0x07, 0x03, 0x0f, 0x1b, 0x0e, 0x0d, 0x19,
  0x0b, 0x0c, 0x14, 0x09, 0x09, 0x10, 0x07, 0x01, 0x03, 0x02, 0x02, 0x01,
  0x02, 0x01, 0x03, 0x01, 0x01, 0x02, 0x01, 0x01, 0x01, 0x01, 0x01, 0x01,
  0x02, 0x01, 0x01, 0x01, 0x01, 0x01, 0x01, 0x01, 0x01, 0x01, 0x01, 0x1a,
  0x24, 0x4a, 0x02, 0x01, 0x01, 0x01, 0x01, 0x01, 0x01, 0x01, 0x02, 0x01,
  0x01, 0x01, 0x01, 0x01, 0x01, 0x01, 0x02, 0x01, 0x01, 0x03, 0x02, 0x02,
  0x01, 0x02, 0x02, 0x03, 0x02, 0x01, 0x04, 0x02, 0x01, 0x01, 0x01, 0x01,
  0x02, 0x01, 0x02, 0x04, 0x02, 0x08, 0x13, 0x0a, 0x0b, 0x16, 0x0c, 0x0c,
  0x19, 0x0d, 0x0c, 0x1a, 0x0d, 0x04, 0x06, 0x03, 0x02, 0x03, 0x02, 0x01,
  0x03, 0x02, 0x03, 0x06, 0x04, 0x03, 0x06, 0x03, 0x02, 0x03, 0x01, 0x02,
  0x03, 0x01, 0x03, 0x06, 0x03, 0x03, 0x05, 0x03, 0x02, 0x02, 0x02, 0x01,
  0x01, 0x01, 0x02, 0x03, 0x05, 0x03, 0x01, 0x03, 0x01, 0x01, 0x03, 0x01,
  0x02, 0x05, 0x03, 0x02, 0x04, 0x03, 0x04, 0x08, 0x04, 0x04, 0x06, 0x03,
  0x01, 0x03, 0x01, 0x02, 0x03, 0x01, 0x02, 0x03, 0x01, 0x03, 0x05, 0x02,
  0x01, 0x01, 0x17, 0x23, 0x03, 0x01, 0x01, 0x02, 0x05, 0x03, 0x02, 0x06,
  0x02, 0x02, 0x02, 0x02, 0x01, 0x03, 0x01, 0x03, 0x06, 0x02, 0x01, 0x02,
  0x01, 0x01, 0x01, 0x02, 0x03, 0x01, 0x03, 0x06, 0x03, 0x03, 0x06, 0x03,
  0x02, 0x03, 0x01, 0x02, 0x03, 0x01, 0x03, 0x07, 0x03, 0x03, 0x06, 0x03,
  0x02, 0x03, 0x01, 0x02, 0x03, 0x02, 0x03, 0x06, 0x03, 0x0c, 0x18, 0x0c,
  0x0b, 0x15, 0x0a, 0x0a, 0x11, 0x08, 0x08, 0x0d, 0x05, 0x02, 0x02, 0x01,
  0x01, 0x01, 0x01, 0x02, 0x01, 0x02, 0x01, 0x01, 0x02, 0x01, 0x01, 0x01,
  0x01, 0x02, 0x01, 0x01, 0x01, 0x01, 0x01, 0x01, 0x01, 0x01, 0x01, 0x01,
  0x01, 0x1e, 0x16, 0x01, 0x01, 0x01, 0x01, 0x01, 0x01, 0x01, 0x01, 0x01,
  0x01, 0x02, 0x01, 0x01, 0x01, 0x01, 0x01, 0x01, 0x03, 0x01, 0x01, 0x03,
  0x01, 0x01, 0x01, 0x01, 0x01, 0x01, 0x01, 0x02, 0x03, 0x01, 0x02, 0x04,
  0x01, 0x01, 0x02, 0x01, 0x01, 0x02, 0x01, 0x02, 0x04, 0x02, 0x08, 0x13,
  0x0a, 0x0b, 0x16, 0x0c, 0x0c, 0x19, 0x0c, 0x0d, 0x1a, 0x0d, 0x03, 0x07,
  0x03, 0x02, 0x03, 0x01, 0x02, 0x03, 0x02, 0x03, 0x06, 0x03, 0x04, 0x06,
  0x03, 0x01, 0x03, 0x02, 0x01, 0x03, 0x02, 0x03, 0x06, 0x03, 0x03, 0x05,
  0x03, 0x02, 0x02, 0x02, 0x02, 0x01, 0x01, 0x01, 0x03, 0x05, 0x03, 0x01,
  0x03, 0x01, 0x01, 0x03, 0x01, 0x02, 0x05, 0x02, 0x03, 0x04, 0x03, 0x04,
  0x08, 0x04, 0x03, 0x07, 0x03, 0x01, 0x03, 0x01, 0x02, 0x03, 0x01, 0x02,
  0x03, 0x01, 0x02, 0x05, 0x03, 0x01, 0x01, 0x17, 0x22, 0x04, 0x02, 0x05,
  0x03, 0x02, 0x06, 0x02, 0x02, 0x02, 0x02, 0x01, 0x03, 0x01, 0x03, 0x06,
  0x02, 0x01, 0x02, 0x01, 0x01, 0x01, 0x02, 0x03, 0x01, 0x03, 0x06, 0x03,
  0x03, 0x06, 0x03, 0x02, 0x03, 0x01, 0x02, 0x03, 0x01, 0x03, 0x07, 0x03,
  0x03, 0x06, 0x03, 0x02, 0x03, 0x01, 0x02, 0x03, 0x02, 0x03, 0x06, 0x03,
  0x0c, 0x18, 0x0c, 0x0b, 0x15, 0x0a, 0x0a, 0x11, 0x08, 0x08, 0x0d, 0x05,
  0x02, 0x02, 0x01, 0x01, 0x01, 0x01, 0x02, 0x01, 0x02, 0x01, 0x01, 0x02,
  0x01, 0x01, 0x01, 0x01, 0x02, 0x01, 0x01, 0x01, 0x01, 0x01, 0x01, 0x01,
  0x01, 0x01, 0x01, 0x01, 0x1f, 0x16, 0x01, 0xbe, 0x03, 0x05, 0x03, 0x02,
  0x02, 0x02, 0x01, 0x03, 0x02, 0x02, 0x04, 0x02, 0x05, 0x09, 0x05, 0x05,
  0x0a, 0x06, 0x03, 0x06, 0x02, 0x03, 0x06, 0x03, 0x02, 0x03, 0x02, 0x01,
  0x03, 0x02, 0x03, 0x07, 0x03, 0x01, 0x01, 0x01, 0x01, 0x02, 0x01, 0x01,
  0x04, 0x01, 0x04, 0x07, 0x03, 0x03, 0x07, 0x04, 0x02, 0x03, 0x02, 0x02,
  0x03, 0x02, 0x04, 0x07, 0x03, 0x04, 0x07, 0x04, 0x02, 0x03, 0x02, 0x02,
  0x03, 0x02, 0x04, 0x07, 0x04, 0x0e, 0x1c, 0x0d, 0x0d, 0x19, 0x0b, 0x0c,
  0x14, 0x0a, 0x09, 0x0f, 0x07, 0x01, 0x03, 0x02, 0x02, 0x01, 0x02, 0x02,
  0x02, 0x01, 0x01, 0x02, 0x01, 0x01, 0x01, 0x01, 0x01, 0x01, 0x02, 0x01,
  0x01, 0x01, 0x01, 0x01, 0x01, 0x01, 0x01, 0x01, 0x01, 0x1a, 0x25, 0x01,
  0x01, 0x01, 0x01, 0x01, 0x01, 0x01, 0x01, 0x02, 0x01, 0x01, 0x01, 0x01,
  0x01, 0x01, 0x01, 0x01, 0x01, 0x01, 0x01, 0x01, 0x02, 0x01, 0x01, 0x01,
  0x01, 0x01, 0x01, 0x01, 0x03, 0x01, 0x01, 0x03, 0x02, 0x01, 0x01, 0x01,
  0x01, 0x02, 0x02, 0x04, 0x02, 0x01, 0x04, 0x02, 0x01, 0x02, 0x01, 0x01,
  0x03, 0x01, 0x02, 0x04, 0x03, 0x09, 0x15, 0x0c, 0x0c, 0x19, 0x0e, 0x0d,
  0x1d, 0x0e, 0x0f, 0x1e, 0x0f, 0x03, 0x08, 0x04, 0x01, 0x04, 0x02, 0x02,
  0x03, 0x02, 0x04, 0x07, 0x04, 0x03, 0x08, 0x03, 0x02, 0x03, 0x02, 0x02,
  0x03, 0x02, 0x04, 0x06, 0x04, 0x03, 0x07, 0x03, 0x02, 0x03, 0x01, 0x01,
  0x02, 0x01, 0x02, 0x01, 0x03, 0x06, 0x03, 0x02, 0x02, 0x02, 0x01, 0x03,
  0x02, 0x03, 0x05, 0x03, 0x03, 0x05, 0x02, 0x01, 0x01, 0x26, 0x1a, 0x01,
  0x01, 0x03, 0x05, 0x03, 0x02, 0x02, 0x02, 0x01, 0x03, 0x02, 0x02, 0x04,
  0x02, 0x05, 0x09, 0x05, 0x05, 0x0a, 0x06, 0x03, 0x06, 0x02, 0x03, 0x06,
  0x03, 0x02, 0x03, 0x02, 0x01, 0x03, 0x02, 0x03, 0x07, 0x03, 0x01, 0x01,
  0x01, 0x01, 0x02, 0x01, 0x01, 0x04, 0x01, 0x04, 0x07, 0x03, 0x03, 0x07,
  0x04, 0x02, 0x03, 0x02, 0x02, 0x03, 0x02, 0x04, 0x07, 0x03, 0x04, 0x07,
  0x04, 0x02, 0x03, 0x02, 0x02, 0x03, 0x02, 0x04, 0x07, 0x04, 0x0e, 0x1c,
  0x0d, 0x0d, 0x19, 0x0b, 0x0c, 0x14, 0x0a, 0x09, 0x0f, 0x07, 0x01, 0x03,
  0x02, 0x02, 0x01, 0x02, 0x02, 0x02, 0x01, 0x01, 0x02, 0x01, 0x01, 0x01,
  0x01, 0x01, 0x01, 0x02, 0x01, 0x01, 0x01, 0x01, 0x01, 0x01, 0x01, 0x01,
  0x01, 0x01, 0x1a, 0x25, 0x01, 0x01, 0x01, 0x01, 0x01, 0x01, 0x01, 0x01,
  0x02, 0x01, 0x01, 0x01, 0x01, 0x01, 0x01, 0x01, 0x01, 0x01, 0x01, 0x01,
  0x01, 0x02, 0x01, 0x01, 0x01, 0x01, 0x01, 0x01, 0x01, 0x03, 0x01, 0x01,
  0x03, 0x02, 0x01, 0x01, 0x01, 0x01, 0x02, 0x02, 0x04, 0x02, 0x01, 0x04,
  0x02, 0x01, 0x02, 0x01, 0x01, 0x03, 0x01, 0x02, 0x04, 0x03, 0x09, 0x15,
  0x0c, 0x0c, 0x19, 0x0e, 0x0d, 0x1d, 0x0e, 0x0f, 0x1e, 0x0f, 0x03, 0x08,
  0x04, 0x01, 0x04, 0x02, 0x02, 0x03, 0x02, 0x04, 0x07, 0x04, 0x03, 0x08,
  0x03, 0x02, 0x03, 0x02, 0x02, 0x03, 0x02, 0x04, 0x06, 0x04, 0x03, 0x07,
  0x03, 0x02, 0x03, 0x01, 0x01, 0x02, 0x01, 0x02, 0x01, 0x03, 0x06, 0x03,
  0x02, 0x02, 0x02, 0x01, 0x03, 0x02, 0x03, 0x05, 0x03, 0x03, 0x05, 0x02,
  0x01, 0x01, 0x01, 0x25, 0x1a, 0x01, 0x01, 0x41, 0x01, 0x02, 0x05, 0x03,
  0x02, 0x06, 0x02, 0x02, 0x02, 0x02, 0x01, 0x03, 0x01, 0x03, 0x06, 0x02,
  0x01, 0x02, 0x01, 0x01, 0x01, 0x02, 0x03, 0x01, 0x03, 0x06, 0x03, 0x03,
  0x06, 0x03, 0x02, 0x03, 0x01, 0x02, 0x03, 0x01, 0x03, 0x07, 0x03, 0x03,
  0x06, 0x03, 0x02, 0x03, 0x01, 0x02, 0x03, 0x02, 0x03, 0x06, 0x03, 0x0c,
  0x18, 0x0c, 0x0b, 0x15, 0x0a, 0x0a, 0x11, 0x08, 0x08, 0x0d, 0x05, 0x02,
  0x02, 0x01, 0x01, 0x01, 0x01, 0x02, 0x01, 0x02, 0x01, 0x01, 0x02, 0x01,
  0x01, 0x01, 0x01, 0x02, 0x01, 0x01, 0x01, 0x01, 0x01, 0x01, 0x01, 0x01,
  0x01, 0x01, 0x01, 0x1e, 0x17, 0x01, 0x01, 0x01, 0x01, 0x01, 0x01, 0x01,
  0x01, 0x01, 0x01, 0x02, 0x01, 0x01, 0x01, 0x01, 0x01, 0x02, 0x02, 0x01,
  0x01, 0x03, 0x01, 0x01, 0x02, 0x01, 0x01, 0x01, 0x02, 0x03, 0x02, 0x01,
  0x04, 0x02, 0x02, 0x01, 0x01, 0x02, 0x01, 0x02, 0x04, 0x02, 0x08, 0x13,
  0x0a, 0x0b, 0x16, 0x0c, 0x0c, 0x19, 0x0d, 0x0c, 0x1a, 0x0d, 0x04, 0x06,
  0x03, 0x02, 0x03, 0x02, 0x01, 0x03, 0x02, 0x03, 0x06, 0x04, 0x03, 0x06,
  0x03, 0x01, 0x03, 0x02, 0x01, 0x03, 0x02, 0x03, 0x06, 0x03, 0x03, 0x05,
  0x03, 0x02, 0x02, 0x02, 0x02, 0x01, 0x02, 0x03, 0x05, 0x03, 0x01, 0x03,
  0x01, 0x01, 0x03, 0x01, 0x02, 0x05, 0x03, 0x02, 0x04, 0x03, 0x04, 0x08,
  0x04, 0x03, 0x07, 0x03, 0x01, 0x03, 0x01, 0x02, 0x03, 0x01, 0x02, 0x03,
  0x01, 0x02, 0x05, 0x03, 0x01, 0x01, 0x17, 0x22, 0x04, 0x01, 0x02, 0x05,
  0x03, 0x02, 0x06, 0x02, 0x02, 0x02, 0x02, 0x01, 0x03, 0x01, 0x03, 0x06,
  0x02, 0x01, 0x02, 0x01, 0x01, 0x01, 0x02, 0x03, 0x01, 0x03, 0x06, 0x03,
  0x03, 0x06, 0x03, 0x02, 0x03, 0x01, 0x02, 0x03, 0x01, 0x03, 0x07, 0x03,
  0x03, 0x06, 0x03, 0x02, 0x03, 0x01, 0x02, 0x03, 0x02, 0x03, 0x06, 0x03,
  0x0c, 0x18, 0x0c, 0x0b, 0x15, 0x0a, 0x0a, 0x11, 0x08, 0x08, 0x0d, 0x05,
  0x02, 0x02, 0x01, 0x01, 0x01, 0x01, 0x02, 0x01, 0x02, 0x01, 0x01, 0x02,
  0x01, 0x01, 0x01, 0x01, 0x02, 0x01, 0x01, 0x01, 0x01, 0x01, 0x01, 0x01,
  0x01, 0x01, 0x01, 0x01, 0x1e, 0x16, 0x01, 0x01, 0x01, 0x01, 0x01, 0x01,
  0x01, 0x01, 0x01, 0x02, 0x01, 0x01, 0x01, 0x01, 0x01, 0x02, 0x02, 0x01,
  0x01, 0x03, 0x01, 0x01, 0x02, 0x01, 0x01, 0x01, 0x02, 0x03, 0x02, 0x01,
  0x04, 0x02, 0x02, 0x01, 0x01, 0x02, 0x01, 0x02, 0x04, 0x02, 0x08, 0x13,
  0x0a, 0x0b, 0x16, 0x0c, 0x0c, 0x19, 0x0d, 0x0c, 0x1a, 0x0d, 0x04, 0x06,
  0x03, 0x02, 0x03, 0x02, 0x01, 0x03, 0x02, 0x03, 0x06, 0x03, 0x04, 0x06,
  0x03, 0x01, 0x03, 0x02, 0x01, 0x03, 0x02, 0x03, 0x06, 0x03, 0x03, 0x05,
  0x03, 0x02, 0x02, 0x02, 0x02, 0x01, 0x02, 0x03, 0x05, 0x03, 0x01, 0x03,
  0x01, 0x01, 0x03, 0x01, 0x02, 0x05, 0x03, 0x02, 0x04, 0x03, 0x04, 0x08,
  0x04, 0x03, 0x07, 0x03, 0x01, 0x03, 0x01, 0x02, 0x03, 0x01, 0x02, 0x03,
  0x01, 0x02, 0x05, 0x03, 0x01, 0x01, 0x17, 0x23, 0x03, 0x00, 0x00, 0x00,
  0x00, 0x01, 0x00, 0x00, 0xff, 0xc0, 0x04, 0x00, 0x03, 0xc0, 0x00, 0x35,
  0x00, 0x00, 0x01, 0x21, 0x37, 0x2e, 0x01, 0x23, 0x22, 0x06, 0x07, 0x0e,
  0x01, 0x15, 0x14, 0x16, 0x17, 0x1e, 0x01, 0x33, 0x32, 0x36, 0x37, 0x3e,
  0x01, 0x37, 0x17, 0x06, 0x07, 0x0e, 0x01, 0x07, 0x06, 0x23, 0x22, 0x27,
  0x2e, 0x01, 0x27, 0x26, 0x35, 0x34, 0x37, 0x3e, 0x01, 0x37, 0x36, 0x33,
  0x32, 0x17, 0x1e, 0x01, 0x17, 0x16, 0x17, 0x37, 0x04, 0x00, 0xfe, 0x80,
  0x90, 0x37, 0x8c, 0x4d, 0x4d, 0x8c, 0x37, 0x36, 0x3a, 0x3a, 0x36, 0x37,
  0x8c, 0x4d, 0x4d, 0x8c, 0x37, 0x04, 0x09, 0x04, 0x60, 0x23, 0x2b, 0x2b,
  0x62, 0x36, 0x36, 0x3a, 0x6a, 0x5d, 0x5e, 0x8b, 0x28, 0x28, 0x28, 0x28,
  0x8b, 0x5e, 0x5d, 0x6a, 0x35, 0x32, 0x32, 0x5c, 0x29, 0x29, 0x23, 0x96,
  0x02, 0x40, 0x90, 0x36, 0x3a, 0x3a, 0x36, 0x37, 0x8c, 0x4d, 0x4d, 0x8c,
  0x37, 0x36, 0x3a, 0x3a, 0x36, 0x05, 0x09, 0x05, 0x54, 0x28, 0x21, 0x20,
  0x2d, 0x0d, 0x0c, 0x28, 0x28, 0x8b, 0x5e, 0x5d, 0x6a, 0x6a, 0x5d, 0x5e,
  0x8b, 0x28, 0x28, 0x0a, 0x0b, 0x27, 0x1b, 0x1c, 0x23, 0x96, 0x00, 0x00,
  0x00, 0x06, 0x00, 0x00, 0xff, 0xc0, 0x04, 0x00, 0x03, 0xc0, 0x00, 0x03,
  0x00, 0x07, 0x00, 0x29, 0x00, 0x37, 0x00, 0x45, 0x00, 0x53, 0x00, 0x00,
  0x13, 0x21, 0x15, 0x21, 0x25, 0x21, 0x15, 0x21, 0x01, 0x23, 0x11, 0x21,
  0x11, 0x21, 0x11, 0x21, 0x11, 0x23, 0x22, 0x06, 0x15, 0x11, 0x14, 0x16,
  0x33, 0x21, 0x32, 0x36, 0x35, 0x11, 0x33, 0x11, 0x14, 0x16, 0x33, 0x21,
  0x32, 0x36, 0x35, 0x11, 0x34, 0x26, 0x01, 0x23, 0x22, 0x26, 0x35, 0x34,
  0x36, 0x3b, 0x01, 0x32, 0x16, 0x15, 0x14, 0x06, 0x13, 0x23, 0x22, 0x26,
  0x35, 0x34, 0x36, 0x3b, 0x01, 0x32, 0x16, 0x15, 0x14, 0x06, 0x01, 0x23,
  0x22, 0x26, 0x35, 0x34, 0x36, 0x3b, 0x01, 0x32, 0x16, 0x15, 0x14, 0x06,
  0x40, 0x01, 0x80, 0xfe, 0x80, 0x02, 0x00, 0x01, 0x80, 0xfe, 0x80, 0x01,
  0x78, 0x38, 0xff, 0x00, 0xff, 0x00, 0xff, 0x00, 0x38, 0x1e, 0x2a, 0x2a,
  0x1e, 0x01, 0x30, 0x1e, 0x2a, 0x80, 0x2a, 0x1e, 0x01, 0x30, 0x1e, 0x2a,
  0x2a, 0xfd, 0x86, 0xf8, 0x0f, 0x15, 0x15, 0x0f, 0xf8, 0x0f, 0x15, 0x15,
  0xb5, 0x40, 0x0d, 0x13, 0x13, 0x0d, 0x40, 0x0d, 0x13, 0x13, 0x01, 0x6f,
  0xf8, 0x0f, 0x15, 0x15, 0x0f, 0xf8, 0x0f, 0x15, 0x15, 0x03, 0xc0, 0x40,
  0x40, 0x40, 0xff, 0x00, 0x01, 0x00, 0xff, 0x00, 0x01, 0x00, 0xff, 0x00,
  0x2a, 0x1e, 0xfd, 0xd0, 0x1e, 0x2a, 0x2a, 0x1e, 0x01, 0x78, 0xfe, 0x88,
  0x1e, 0x2a, 0x2a, 0x1e, 0x02, 0x30, 0x1e, 0x2a, 0xfd, 0x80, 0x13, 0x0d,
  0x0d, 0x13, 0x13, 0x0d, 0x0d, 0x13, 0x01, 0xc0, 0x13, 0x0d, 0x0d, 0x13,
  0x13, 0x0d, 0x0d, 0x13, 0xfe, 0x40, 0x13, 0x0d, 0x0d, 0x13, 0x13, 0x0d,
  0x0d, 0x13, 0x00, 0x00, 0x00, 0x02, 0x00, 0x00, 0xff, 0xc0, 0x03, 0xe8,
  0x03, 0xc0, 0x00, 0x28, 0x00, 0x44, 0x00, 0x00, 0x25, 0x27, 0x2e, 0x01,
  0x07, 0x3e, 0x01, 0x35, 0x34, 0x27, 0x2e, 0x01, 0x27, 0x26, 0x23, 0x22,
  0x07, 0x0e, 0x01, 0x07, 0x06, 0x15, 0x14, 0x17, 0x1e, 0x01, 0x17, 0x16,
  0x33, 0x32, 0x36, 0x37, 0x06, 0x16, 0x1f, 0x01, 0x1e, 0x01, 0x37, 0x36,
  0x26, 0x01, 0x22, 0x27, 0x2e, 0x01, 0x27, 0x26, 0x35, 0x34, 0x37, 0x3e,
  0x01, 0x37, 0x36, 0x33, 0x32, 0x17, 0x1e, 0x01, 0x17, 0x16, 0x15, 0x14,
  0x07, 0x0e, 0x01, 0x07, 0x06, 0x03, 0xe0, 0xf2, 0x13, 0x27, 0x10, 0x2b,
  0x31, 0x1e, 0x1e, 0x69, 0x46, 0x45, 0x50, 0x50, 0x45, 0x46, 0x69, 0x1e,
  0x1e, 0x1e, 0x1e, 0x69, 0x46, 0x45, 0x50, 0x47, 0x80, 0x32, 0x01, 0x10,
  0x11, 0xce, 0x1b, 0x4b, 0x1b, 0x1a, 0x04, 0xfd, 0x82, 0x35, 0x2f, 0x2e,
  0x46, 0x14, 0x14, 0x14, 0x14, 0x46, 0x2e, 0x2f, 0x35, 0x35, 0x2f, 0x2e,
  0x46, 0x14, 0x14, 0x14, 0x14, 0x46, 0x2e, 0x2f, 0x59, 0xce, 0x11, 0x10,
  0x01, 0x32, 0x80, 0x47, 0x50, 0x45, 0x46, 0x69, 0x1e, 0x1e, 0x1e, 0x1e,
  0x69, 0x46, 0x45, 0x50, 0x50, 0x45, 0x46, 0x69, 0x1e, 0x1e, 0x31, 0x2b,
  0x10, 0x27, 0x13, 0xf2, 0x1e, 0x04, 0x1a, 0x1b, 0x4b, 0x01, 0x02, 0x14,
  0x14, 0x46, 0x2e, 0x2f, 0x35, 0x35, 0x2f, 0x2e, 0x46, 0x14, 0x14, 0x14,
  0x14, 0x46, 0x2e, 0x2f, 0x35, 0x35, 0x2f, 0x2e, 0x46, 0x14, 0x14, 0x00,
  0x00, 0x03, 0x00, 0x00, 0xff, 0xc0, 0x03, 0xe8, 0x03, 0xc0, 0x00, 0x28,
  0x00, 0x44, 0x00, 0x50, 0x00, 0x00, 0x25, 0x27, 0x2e, 0x01, 0x07, 0x3e,
  0x01, 0x35, 0x34, 0x27, 0x2e, 0x01, 0x27, 0x26, 0x23, 0x22, 0x07, 0x0e,
  0x01, 0x07, 0x06, 0x15, 0x14, 0x17, 0x1e, 0x01, 0x17, 0x16, 0x33, 0x32,
  0x36, 0x37, 0x06, 0x16, 0x1f, 0x01, 0x1e, 0x01, 0x37, 0x36, 0x26, 0x01,
  0x22, 0x27, 0x2e, 0x01, 0x27, 0x26, 0x35, 0x34, 0x37, 0x3e, 0x01, 0x37,
  0x36, 0x33, 0x32, 0x17, 0x1e, 0x01, 0x17, 0x16, 0x15, 0x14, 0x07, 0x0e,
  0x01, 0x07, 0x06, 0x13, 0x23, 0x15, 0x23, 0x15, 0x33, 0x15, 0x33, 0x35,
  0x33, 0x35, 0x23, 0x03, 0xe0, 0xf2, 0x13, 0x27, 0x10, 0x2b, 0x31, 0x1e,
  0x1e, 0x69, 0x46, 0x45, 0x50, 0x50, 0x45, 0x46, 0x69, 0x1e, 0x1e, 0x1e,
  0x1e, 0x69, 0x46, 0x45, 0x50, 0x47, 0x80, 0x32, 0x01, 0x10, 0x11, 0xce,
  0x1b, 0x4b, 0x1b, 0x1a, 0x04, 0xfd, 0x82, 0x35, 0x2f, 0x2e, 0x46, 0x14,
  0x14, 0x14, 0x14, 0x46, 0x2e, 0x2f, 0x35, 0x35, 0x2f, 0x2e, 0x46, 0x14,
  0x14, 0x14, 0x14, 0x46, 0x2e, 0x2f, 0x0b, 0x80, 0x80, 0x80, 0x80, 0x80,
  0x80, 0x59, 0xce, 0x11, 0x10, 0x01, 0x32, 0x80, 0x47, 0x50, 0x45, 0x46,
  0x69, 0x1e, 0x1e, 0x1e, 0x1e, 0x69, 0x46, 0x45, 0x50, 0x50, 0x45, 0x46,
  0x69, 0x1e, 0x1e, 0x31, 0x2b, 0x10, 0x27, 0x13, 0xf2, 0x1e, 0x04, 0x1a,
  0x1b, 0x4b, 0x01, 0x02, 0x14, 0x14, 0x46, 0x2e, 0x2f, 0x35, 0x35, 0x2f,
  0x2e, 0x46, 0x14, 0x14, 0x14, 0x14, 0x46, 0x2e, 0x2f, 0x35, 0x35, 0x2f,
  0x2e, 0x46, 0x14, 0x14, 0x01, 0xc0, 0x80, 0x80, 0x80, 0x80, 0x80, 0x00,
  0x00, 0x03, 0x00, 0x00, 0xff, 0xc0, 0x03, 0xe8, 0x03, 0xc0, 0x00, 0x28,
  0x00, 0x44, 0x00, 0x48, 0x00, 0x00, 0x25, 0x27, 0x2e, 0x01, 0x07, 0x3e,
  0x01, 0x35, 0x34, 0x27, 0x2e, 0x01, 0x27, 0x26, 0x23, 0x22, 0x07, 0x0e,
  0x01, 0x07, 0x06, 0x15, 0x14, 0x17, 0x1e, 0x01, 0x17, 0x16, 0x33, 0x32,
  0x36, 0x37, 0x06, 0x16, 0x1f, 0x01, 0x1e, 0x01, 0x37, 0x36, 0x26, 0x01,
  0x22, 0x27, 0x2e, 0x01, 0x27, 0x26, 0x35, 0x34, 0x37, 0x3e, 0x01, 0x37,
  0x36, 0x33, 0x32, 0x17, 0x1e, 0x01, 0x17, 0x16, 0x15, 0x14, 0x07, 0x0e,
  0x01, 0x07, 0x06, 0x03, 0x21, 0x15, 0x21, 0x03, 0xe0, 0xf2, 0x13, 0x27,
  0x10, 0x2b, 0x31, 0x1e, 0x1e, 0x69, 0x46, 0x45, 0x50, 0x50, 0x45, 0x46,
  0x69, 0x1e, 0x1e, 0x1e, 0x1e, 0x69, 0x46, 0x45, 0x50, 0x47, 0x80, 0x32,
  0x01, 0x10, 0x11, 0xce, 0x1b, 0x4b, 0x1b, 0x1a, 0x04, 0xfd, 0x82, 0x35,
  0x2f, 0x2e, 0x46, 0x14, 0x14, 0x14, 0x14, 0x46, 0x2e, 0x2f, 0x35, 0x35,
  0x2f, 0x2e, 0x46, 0x14, 0x14, 0x14, 0x14, 0x46, 0x2e, 0x2f, 0xf5, 0x01,
  0x80, 0xfe, 0x80, 0x59, 0xce, 0x11, 0x10, 0x01, 0x32, 0x80, 0x47, 0x50,
  0x45, 0x46, 0x69, 0x1e, 0x1e, 0x1e, 0x1e, 0x69, 0x46, 0x45, 0x50, 0x50,
  0x45, 0x46, 0x69, 0x1e, 0x1e, 0x31, 0x2b, 0x10, 0x27, 0x13, 0xf2, 0x1e,
  0x04, 0x1a, 0x1b, 0x4b, 0x01, 0x02, 0x14, 0x14, 0x46, 0x2e, 0x2f, 0x35,
  0x35, 0x2f, 0x2e, 0x46, 0x14, 0x14, 0x14, 0x14, 0x46, 0x2e, 0x2f, 0x35,
  0x35, 0x2f, 0x2e, 0x46, 0x14, 0x14, 0x01, 0x40, 0x80, 0x00, 0x00, 0x00,
  0x00, 0x04, 0x00, 0x00, 0xff, 0xc0, 0x04, 0x00, 0x03, 0xc0, 0x00, 0x06,
  0x00, 0x0d, 0x00, 0x14, 0x00, 0x1b, 0x00, 0x00, 0x01, 0x21, 0x17, 0x07,
  0x17, 0x37, 0x17, 0x19, 0x01, 0x07, 0x27, 0x07, 0x17, 0x07, 0x29, 0x01,
  0x27, 0x37, 0x27, 0x07, 0x27, 0x19, 0x01, 0x37, 0x17, 0x37, 0x27, 0x37,
  0x04, 0x00, 0xfe, 0x60, 0xa0, 0xc0, 0x60, 0xc0, 0xa0, 0xa0, 0xc0, 0x60,
  0xc0, 0xa0, 0xfd, 0xa0, 0x01, 0xa0, 0xa0, 0xc0, 0x60, 0xc0, 0xa0, 0xa0,
  0xc0, 0x60, 0xc0, 0xa0, 0x03, 0xc0, 0xa0, 0xc0, 0x60, 0xc0, 0xa0, 0xfd,
  0xa0, 0x01, 0xa0, 0xa0, 0xc0, 0x60, 0xc0, 0xa0, 0xa0, 0xc0, 0x60, 0xc0,
  0xa0, 0x02, 0x60, 0xfe, 0x60, 0xa0, 0xc0, 0x60, 0xc0, 0xa0, 0x00, 0x00,
  0x00, 0x04, 0x00, 0x00, 0xff, 0xc0, 0x04, 0x00, 0x03, 0xc0, 0x00, 0x06,
  0x00, 0x0d, 0x00, 0x14, 0x00, 0x1b, 0x00, 0x00, 0x01, 0x21, 0x27, 0x37,
  0x27, 0x07, 0x27, 0x19, 0x01, 0x37, 0x17, 0x37, 0x27, 0x37, 0x29, 0x01,
  0x17, 0x07, 0x17, 0x37, 0x17, 0x19, 0x01, 0x07, 0x27, 0x07, 0x17, 0x07,
  0x02, 0x40, 0x01, 0xa0, 0xa0, 0xc0, 0x60, 0xc0, 0xa0, 0xa0, 0xc0, 0x60,
  0xc0, 0xa0, 0xfd, 0xe0, 0xfe, 0x60, 0xa0, 0xc0, 0x60, 0xc0, 0xa0, 0xa0,
  0xc0, 0x60, 0xc0, 0xa0, 0x02, 0x00, 0xa0, 0xc0, 0x60, 0xc0, 0xa0, 0xfd,
  0xe0, 0xfe, 0x60, 0xa0, 0xc0, 0x60, 0xc0, 0xa0, 0xa0, 0xc0, 0x60, 0xc0,
  0xa0, 0x02, 0x20, 0x01, 0xa0, 0xa0, 0xc0, 0x60, 0xc0, 0xa0, 0x00, 0x00,
  0x00, 0x02, 0x00, 0x00, 0xff, 0xc0, 0x04, 0x00, 0x03, 0xc0, 0x00, 0x06,
  0x00, 0x0d, 0x00, 0x00, 0x01, 0x11, 0x27, 0x07, 0x27, 0x37, 0x27, 0x03,
  0x07, 0x17, 0x21, 0x11, 0x17, 0x37, 0x04, 0x00, 0xa0, 0xc0, 0x60, 0xc0,
  0xa0, 0xa0, 0xc0, 0xa0, 0xfe, 0x60, 0xa0, 0xc0, 0x03, 0xc0, 0xfe, 0x60,
  0xa0, 0xc0, 0x60, 0xc0, 0xa0, 0xfd, 0x60, 0xc0, 0xa0, 0x01, 0xa0, 0xa0,
  0xc0, 0x00, 0x00, 0x00, 0x00, 0x02, 0x00, 0x00, 0xff, 0xc0, 0x04, 0x00,
  0x03, 0xc0, 0x00, 0x06, 0x00, 0x0d, 0x00, 0x00, 0x01, 0x11, 0x27, 0x07,
  0x27, 0x37, 0x27, 0x01, 0x07, 0x17, 0x21, 0x11, 0x17, 0x37, 0x01, 0xc0,
  0xa0, 0xc0, 0x60, 0xc0, 0xa0, 0x03, 0xe0, 0xc0, 0xa0, 0xfe, 0x60, 0xa0,
  0xc0, 0x01, 0x80, 0xfe, 0x60, 0xa0, 0xc0, 0x60, 0xc0, 0xa0, 0x01, 0xe0,
  0xc0, 0xa0, 0x01, 0xa0, 0xa0, 0xc0, 0x00, 0x00, 0x00, 0x02, 0x00, 0x00,
  0xff, 0xc0, 0x04, 0x00, 0x03, 0xc0, 0x00, 0x27, 0x00, 0x33, 0x00, 0x00,
  0x01, 0x22, 0x07, 0x0e, 0x01, 0x07, 0x06, 0x15, 0x14, 0x16, 0x17, 0x01,
  0x15, 0x14, 0x16, 0x3b, 0x01, 0x35, 0x33, 0x35, 0x33, 0x35, 0x33, 0x37,
  0x1e, 0x01, 0x33, 0x32, 0x37, 0x3e, 0x01, 0x37, 0x36, 0x35, 0x34, 0x27,
  0x2e, 0x01, 0x27, 0x26, 0x13, 0x22, 0x26, 0x35, 0x34, 0x36, 0x33, 0x32,
  0x16, 0x15, 0x14, 0x06, 0x02, 0xc0, 0x42, 0x3b, 0x3a, 0x57, 0x19, 0x19,
  0x03, 0x02, 0xfe, 0x7b, 0x25, 0x1b, 0x40, 0x80, 0x80, 0x80, 0x53, 0x1a,
  0x36, 0x1d, 0x42, 0x3b, 0x3a, 0x57, 0x19, 0x19, 0x19, 0x19, 0x57, 0x3a,
  0x3b, 0x1e, 0x28, 0x38, 0x38, 0x28, 0x28, 0x38, 0x38, 0x03, 0xc0, 0x19,
  0x19, 0x57, 0x3a, 0x3b, 0x42, 0x0f, 0x1d, 0x0f, 0xfe, 0x7b, 0xc0, 0x1b,
  0x25, 0x40, 0x80, 0x80, 0x53, 0x09, 0x0a, 0x19, 0x19, 0x57, 0x3a, 0x3b,
  0x42, 0x42, 0x3b, 0x3a, 0x57, 0x19, 0x19, 0xfe, 0xc0, 0x38, 0x28, 0x28,
  0x38, 0x38, 0x28, 0x28, 0x38, 0x00, 0x00, 0x00, 0x00, 0x03, 0x00, 0x00,
  0xff, 0xc0, 0x03, 0xf4, 0x03, 0xc0, 0x00, 0x24, 0x00, 0x29, 0x00, 0x39,
  0x00, 0x00, 0x01, 0x27, 0x2e, 0x01, 0x2f, 0x01, 0x2e, 0x01, 0x07, 0x05,
  0x0e, 0x01, 0x1f, 0x01, 0x1e, 0x01, 0x17, 0x01, 0x07, 0x33, 0x35, 0x33,
  0x35, 0x33, 0x35, 0x33, 0x35, 0x1e, 0x01, 0x1f, 0x01, 0x16, 0x36, 0x37,
  0x13, 0x36, 0x26, 0x01, 0x27, 0x01, 0x17, 0x01, 0x01, 0x07, 0x06, 0x22,
  0x27, 0x01, 0x26, 0x34, 0x3f, 0x01, 0x36, 0x32, 0x17, 0x01, 0x16, 0x14,
  0x03, 0xea, 0x65, 0x13, 0x35, 0x12, 0x65, 0x13, 0x39, 0x16, 0xfe, 0xeb,
  0x16, 0x0e, 0x0c, 0x46, 0x02, 0x03, 0x03, 0xfe, 0x9b, 0x20, 0xc0, 0x80,
  0x80, 0x80, 0x05, 0x09, 0x04, 0x8d, 0x18, 0x36, 0x0f, 0xb8, 0x0e, 0x05,
  0xfc, 0x9a, 0x2e, 0x01, 0x38, 0x2d, 0xfe, 0xc9, 0x02, 0xfe, 0x2d, 0x0a,
  0x1a, 0x09, 0xfe, 0xf0, 0x09, 0x09, 0x2d, 0x0a, 0x1a, 0x09, 0x01, 0x10,
  0x09, 0x02, 0x86, 0x65, 0x12, 0x35, 0x13, 0x65, 0x13, 0x05, 0x0e, 0xb8,
  0x0f, 0x36, 0x18, 0x8d, 0x03, 0x07, 0x03, 0xfe, 0x9b, 0xe0, 0x40, 0x80,
  0x80, 0x47, 0x03, 0x05, 0x02, 0x46, 0x0c, 0x0e, 0x16, 0x01, 0x15, 0x16,
  0x39, 0xfd, 0xf6, 0x2e, 0x01, 0x37, 0x2d, 0xfe, 0xc8, 0x01, 0xaf, 0x2d,
  0x09, 0x09, 0x01, 0x10, 0x09, 0x1a, 0x0a, 0x2d, 0x09, 0x09, 0xfe, 0xf0,
  0x09, 0x1a, 0x00, 0x00, 0x00, 0x02, 0x00, 0x00, 0xff, 0xc0, 0x02, 0x80,
  0x03, 0xc0, 0x00, 0x19, 0x00, 0x23, 0x00, 0x00, 0x01, 0x23, 0x35, 0x34,
  0x26, 0x2b, 0x01, 0x22, 0x06, 0x1d, 0x01, 0x23, 0x22, 0x06, 0x15, 0x11,
  0x14, 0x16, 0x33, 0x21, 0x32, 0x36, 0x35, 0x11, 0x34, 0x26, 0x25, 0x34,
  0x36, 0x3b, 0x01, 0x32, 0x16, 0x1d, 0x01, 0x21, 0x02, 0x50, 0x10, 0x71,
  0x4f, 0x80, 0x4f, 0x71, 0x10, 0x14, 0x1c, 0x1c, 0x14, 0x02, 0x20, 0x14,
  0x1c, 0x1c, 0xfe, 0x5c, 0x26, 0x1a, 0x80, 0x1a, 0x26, 0xff, 0x00, 0x02,
  0x00, 0xc0, 0x4f, 0x71, 0x71, 0x4f, 0xc0, 0x1c, 0x14, 0xfe, 0x20, 0x14,
  0x1c, 0x1c, 0x14, 0x01, 0xe0, 0x14, 0x1c, 0xc0, 0x1a, 0x26, 0x26, 0x1a,
  0xc0, 0x00, 0x00, 0x00, 0x00, 0x01, 0x00, 0x00, 0xff, 0xc0, 0x03, 0xc0,
  0x03, 0xc0, 0x00, 0x23, 0x00, 0x00, 0x01, 0x32, 0x16, 0x1d, 0x01, 0x23,
  0x35, 0x34, 0x26, 0x2b, 0x01, 0x22, 0x06, 0x1d, 0x01, 0x33, 0x32, 0x16,
  0x15, 0x11, 0x14, 0x06, 0x23, 0x21, 0x22, 0x26, 0x35, 0x11, 0x34, 0x36,
  0x33, 0x21, 0x35, 0x34, 0x36, 0x33, 0x03, 0x00, 0x4f, 0x71, 0x80, 0x26,
  0x1a, 0x80, 0x1a, 0x26, 0x10, 0x14, 0x1c, 0x1c, 0x14, 0xfd, 0xe0, 0x14,
  0x1c, 0x1c, 0x14, 0x01, 0x90, 0x71, 0x4f, 0x03, 0x80, 0x71, 0x4f, 0xc0,
  0xc0, 0x1a, 0x26, 0x26, 0x1a, 0xc0, 0x1c, 0x14, 0xfe, 0x20, 0x14, 0x1c,
  0x1c, 0x14, 0x01, 0xe0, 0x14, 0x1c, 0xc0, 0x4f, 0x71, 0x00, 0x00, 0x00,
  0x00, 0x01, 0x00, 0x00, 0xff, 0xc0, 0x03, 0xee, 0x03, 0xc0, 0x00, 0x2b,
  0x00, 0x00, 0x25, 0x01, 0x3e, 0x01, 0x35, 0x34, 0x27, 0x2e, 0x01, 0x27,
  0x26, 0x23, 0x22, 0x06, 0x07, 0x17, 0x16, 0x14, 0x0f, 0x01, 0x06, 0x22,
  0x2f, 0x01, 0x0e, 0x01, 0x15, 0x14, 0x17, 0x1e, 0x01, 0x17, 0x16, 0x33,
  0x32, 0x36, 0x37, 0x01, 0x1e, 0x01, 0x3f, 0x01, 0x36, 0x26, 0x03, 0xeb,
  0xfe, 0x33, 0x10, 0x12, 0x17, 0x16, 0x4e, 0x35, 0x34, 0x3c, 0x16, 0x2a,
  0x14, 0xa7, 0x12, 0x12, 0x66, 0x12, 0x36, 0x12, 0xa7, 0x06, 0x06, 0x17,
  0x16, 0x4e, 0x35, 0x34, 0x3c, 0x25, 0x44, 0x1e, 0x01, 0x8b, 0x11, 0x33,
  0x13, 0x65, 0x13, 0x02, 0x8e, 0x01, 0x8b, 0x1e, 0x44, 0x25, 0x3c, 0x34,
  0x35, 0x4e, 0x16, 0x17, 0x06, 0x06, 0xa7, 0x12, 0x36, 0x12, 0x66, 0x12,
  0x12, 0xa7, 0x14, 0x2a, 0x16, 0x3c, 0x34, 0x35, 0x4e, 0x16, 0x17, 0x12,
  0x10, 0xfe, 0x33, 0x14, 0x02, 0x13, 0x65, 0x13, 0x33, 0x00, 0x00, 0x00,
  0x00, 0x06, 0x00, 0x00, 0xff, 0xc0, 0x04, 0x00, 0x03, 0xc0, 0x00, 0x17,
  0x00, 0x1b, 0x00, 0x33, 0x00, 0x37, 0x00, 0x4f, 0x00, 0x53, 0x00, 0x00,
  0x01, 0x35, 0x34, 0x26, 0x2b, 0x01, 0x22, 0x06, 0x1d, 0x01, 0x23, 0x15,
  0x33, 0x15, 0x14, 0x16, 0x3b, 0x01, 0x32, 0x36, 0x3d, 0x01, 0x21, 0x35,
  0x05, 0x35, 0x33, 0x15, 0x05, 0x34, 0x26, 0x2b, 0x01, 0x22, 0x06, 0x1d,
  0x01, 0x21, 0x15, 0x21, 0x15, 0x14, 0x16, 0x3b, 0x01, 0x32, 0x36, 0x3d,
  0x01, 0x33, 0x35, 0x23, 0x07, 0x35, 0x33, 0x15, 0x05, 0x34, 0x26, 0x2b,
  0x01, 0x22, 0x06, 0x1d, 0x01, 0x23, 0x15, 0x33, 0x15, 0x14, 0x16, 0x3b,
  0x01, 0x32, 0x36, 0x3d, 0x01, 0x21, 0x35, 0x21, 0x07, 0x35, 0x33, 0x15,
  0x01, 0xc0, 0x1c, 0x14, 0xa0, 0x14, 0x1c, 0xc0, 0xc0, 0x1c, 0x14, 0xa0,
  0x14, 0x1c, 0x02, 0x40, 0xfd, 0x00, 0x80, 0x01, 0xc0, 0x1c, 0x14, 0xa0,
  0x14, 0x1c, 0xfd, 0xc0, 0x02, 0x40, 0x1c, 0x14, 0xa0, 0x14, 0x1c, 0xc0,
  0xc0, 0xc0, 0x80, 0xfe, 0xc0, 0x1c, 0x14, 0xa0, 0x14, 0x1c, 0xc0, 0xc0,
  0x1c, 0x14, 0xa0, 0x14, 0x1c, 0x02, 0x40, 0xfd, 0xc0, 0xc0, 0x80, 0x03,
  0x40, 0x10, 0x14, 0x1c, 0x1c, 0x14, 0x10, 0x80, 0x10, 0x14, 0x1c, 0x1c,
  0x14, 0x10, 0x80, 0x80, 0x80, 0x80, 0xb0, 0x14, 0x1c, 0x1c, 0x14, 0x10,
  0x80, 0x10, 0x14, 0x1c, 0x1c, 0x14, 0x10, 0x80, 0x80, 0x80, 0x80, 0xb0,
  0x14, 0x1c, 0x1c, 0x14, 0x10, 0x80, 0x10, 0x14, 0x1c, 0x1c, 0x14, 0x10,
  0x80, 0x80, 0x80, 0x80, 0x00, 0x06, 0x00, 0x00, 0xff, 0xc0, 0x03, 0xc0,
  0x03, 0xc0, 0x00, 0x17, 0x00, 0x1b, 0x00, 0x33, 0x00, 0x37, 0x00, 0x4f,
  0x00, 0x53, 0x00, 0x00, 0x01, 0x33, 0x32, 0x36, 0x3d, 0x01, 0x34, 0x26,
  0x2b, 0x01, 0x35, 0x23, 0x15, 0x23, 0x22, 0x06, 0x1d, 0x01, 0x14, 0x16,
  0x3b, 0x01, 0x11, 0x33, 0x03, 0x33, 0x15, 0x23, 0x03, 0x32, 0x36, 0x3d,
  0x01, 0x34, 0x26, 0x2b, 0x01, 0x11, 0x23, 0x11, 0x23, 0x22, 0x06, 0x1d,
  0x01, 0x14, 0x16, 0x3b, 0x01, 0x15, 0x33, 0x35, 0x27, 0x33, 0x15, 0x23,
  0x03, 0x32, 0x36, 0x3d, 0x01, 0x34, 0x26, 0x2b, 0x01, 0x35, 0x23, 0x15,
  0x23, 0x22, 0x06, 0x1d, 0x01, 0x14, 0x16, 0x3b, 0x01, 0x11, 0x33, 0x11,
  0x27, 0x33, 0x15, 0x23, 0x03, 0x80, 0x10, 0x14, 0x1c, 0x1c, 0x14, 0x10,
  0x80, 0x10, 0x14, 0x1c, 0x1c, 0x14, 0x10, 0x80, 0x80, 0x80, 0x80, 0xb0,
  0x14, 0x1c, 0x1c, 0x14, 0x10, 0x80, 0x10, 0x14, 0x1c, 0x1c, 0x14, 0x10,
  0x80, 0x80, 0x80, 0x80, 0xb0, 0x14, 0x1c, 0x1c, 0x14, 0x10, 0x80, 0x10,
  0x14, 0x1c, 0x1c, 0x14, 0x10, 0x80, 0x80, 0x80, 0x80, 0x02, 0x00, 0x1c,
  0x14, 0xa0, 0x14, 0x1c, 0xc0, 0xc0, 0x1c, 0x14, 0xa0, 0x14, 0x1c, 0xfd,
  0xc0, 0x03, 0x00, 0x80, 0xfe, 0x40, 0x1c, 0x14, 0xa0, 0x14, 0x1c, 0x02,
  0x40, 0xfd, 0xc0, 0x1c, 0x14, 0xa0, 0x14, 0x1c, 0xc0, 0xc0, 0xc0, 0x80,
  0x01, 0x40, 0x1c, 0x14, 0xa0, 0x14, 0x1c, 0xc0, 0xc0, 0x1c, 0x14, 0xa0,
  0x14, 0x1c, 0xfd, 0xc0, 0x02, 0x40, 0xc0, 0x80, 0x00, 0x02, 0x00, 0x00,
  0xff, 0xc0, 0x03, 0xee, 0x03, 0xc0, 0x00, 0x42, 0x00, 0x5e, 0x00, 0x00,
  0x01, 0x26, 0x27, 0x26, 0x36, 0x37, 0x36, 0x37, 0x27, 0x0e, 0x01, 0x23,
  0x22, 0x27, 0x2e, 0x01, 0x27, 0x26, 0x35, 0x23, 0x14, 0x06, 0x07, 0x06,
  0x07, 0x0e, 0x01, 0x27, 0x26, 0x27, 0x07, 0x1e, 0x01, 0x17, 0x16, 0x17,
  0x16, 0x06, 0x07, 0x06, 0x07, 0x17, 0x3e, 0x01, 0x33, 0x32, 0x17, 0x1e,
  0x01, 0x17, 0x16, 0x15, 0x33, 0x34, 0x36, 0x37, 0x36, 0x37, 0x3e, 0x01,
  0x17, 0x16, 0x17, 0x37, 0x2e, 0x01, 0x27, 0x05, 0x22, 0x27, 0x2e, 0x01,
  0x27, 0x26, 0x35, 0x34, 0x37, 0x3e, 0x01, 0x37, 0x36, 0x33, 0x32, 0x17,
  0x1e, 0x01, 0x17, 0x16, 0x15, 0x14, 0x07, 0x0e, 0x01, 0x07, 0x06, 0x03,
  0xa6, 0x14, 0x05, 0x04, 0x13, 0x18, 0x17, 0x23, 0x65, 0x15, 0x32, 0x1b,
  0x28, 0x23, 0x24, 0x35, 0x0f, 0x0f, 0xc9, 0x0d, 0x0d, 0x15, 0x1f, 0x1f,
  0x48, 0x27, 0x26, 0x23, 0x65, 0x16, 0x25, 0x0d, 0x14, 0x04, 0x05, 0x14,
  0x17, 0x17, 0x23, 0x65, 0x15, 0x32, 0x1a, 0x28, 0x24, 0x23, 0x35, 0x0f,
  0x10, 0xc9, 0x0d, 0x0d, 0x14, 0x1f, 0x1f, 0x49, 0x26, 0x26, 0x24, 0x64,
  0x15, 0x25, 0x0d, 0xfe, 0x5a, 0x2b, 0x26, 0x25, 0x39, 0x10, 0x10, 0x10,
  0x10, 0x39, 0x25, 0x26, 0x2b, 0x2b, 0x26, 0x25, 0x39, 0x10, 0x10, 0x10,
  0x10, 0x39, 0x25, 0x26, 0x01, 0x5e, 0x23, 0x26, 0x26, 0x49, 0x1f, 0x1f,
  0x14, 0xaf, 0x0d, 0x0e, 0x0f, 0x10, 0x35, 0x24, 0x23, 0x29, 0x19, 0x32,
  0x17, 0x23, 0x17, 0x17, 0x13, 0x04, 0x05, 0x14, 0xae, 0x0d, 0x24, 0x17,
  0x23, 0x26, 0x26, 0x48, 0x20, 0x1f, 0x14, 0xae, 0x0c, 0x0e, 0x0f, 0x10,
  0x35, 0x23, 0x24, 0x28, 0x19, 0x31, 0x17, 0x23, 0x17, 0x17, 0x13, 0x04,
  0x05, 0x14, 0xaf, 0x0c, 0x24, 0x17, 0x6d, 0x10, 0x10, 0x39, 0x25, 0x26,
  0x2b, 0x2b, 0x26, 0x25, 0x39, 0x10, 0x10, 0x10, 0x10, 0x39, 0x25, 0x26,
  0x2b, 0x2b, 0x26, 0x25, 0x39, 0x10, 0x10, 0x00, 0x00, 0x04, 0x00, 0x00,
  0xff, 0xc0, 0x04, 0x00, 0x03, 0xc0, 0x00, 0x30, 0x00, 0x3c, 0x00, 0x9d,
  0x00, 0xa9, 0x00, 0x00, 0x25, 0x37, 0x27, 0x07, 0x2e, 0x01, 0x2f, 0x01,
  0x23, 0x07, 0x0e, 0x01, 0x07, 0x27, 0x07, 0x17, 0x0e, 0x01, 0x0f, 0x01,
  0x15, 0x17, 0x1e, 0x01, 0x17, 0x07, 0x17, 0x37, 0x1e, 0x01, 0x1f, 0x01,
  0x33, 0x37, 0x3e, 0x01, 0x37, 0x17, 0x37, 0x27, 0x3e, 0x01, 0x3f, 0x01,
  0x35, 0x27, 0x2e, 0x01, 0x27, 0x07, 0x22, 0x26, 0x35, 0x34, 0x36, 0x33,
  0x32, 0x16, 0x15, 0x14, 0x06, 0x01, 0x35, 0x27, 0x2e, 0x01, 0x27, 0x37,
  0x27, 0x07, 0x2e, 0x01, 0x27, 0x37, 0x27, 0x07, 0x2e, 0x01, 0x27, 0x37,
  0x27, 0x07, 0x2e, 0x01, 0x2f, 0x01, 0x23, 0x07, 0x0e, 0x01, 0x07, 0x27,
  0x07, 0x17, 0x0e, 0x01, 0x07, 0x27, 0x07, 0x17, 0x0e, 0x01, 0x07, 0x27,
  0x07, 0x17, 0x0e, 0x01, 0x0f, 0x01, 0x15, 0x17, 0x1e, 0x01, 0x17, 0x07,
  0x17, 0x37, 0x1e, 0x01, 0x17, 0x07, 0x17, 0x37, 0x1e, 0x01, 0x17, 0x07,
  0x17, 0x37, 0x1e, 0x01, 0x1f, 0x01, 0x33, 0x37, 0x3e, 0x01, 0x37, 0x17,
  0x37, 0x27, 0x3e, 0x01, 0x37, 0x17, 0x37, 0x27, 0x3e, 0x01, 0x37, 0x17,
  0x37, 0x27, 0x3e, 0x01, 0x3f, 0x01, 0x05, 0x22, 0x26, 0x35, 0x34, 0x36,
  0x33, 0x32, 0x16, 0x15, 0x14, 0x06, 0x01, 0x6c, 0x29, 0x2d, 0x3a, 0x08,
  0x11, 0x09, 0x0c, 0x40, 0x0c, 0x09, 0x11, 0x08, 0x3a, 0x2d, 0x29, 0x04,
  0x07, 0x03, 0x46, 0x46, 0x03, 0x07, 0x04, 0x29, 0x2d, 0x3a, 0x08, 0x11,
  0x09, 0x0c, 0x40, 0x0c, 0x09, 0x11, 0x08, 0x3a, 0x2d, 0x29, 0x04, 0x07,
  0x03, 0x46, 0x46, 0x03, 0x07, 0x04, 0x8c, 0x1b, 0x25, 0x25, 0x1b, 0x1b,
  0x25, 0x25, 0x03, 0x05, 0x43, 0x01, 0x03, 0x01, 0x39, 0x18, 0x43, 0x03,
  0x07, 0x03, 0x27, 0x2e, 0x38, 0x05, 0x0a, 0x05, 0x0e, 0x3b, 0x25, 0x06,
  0x0c, 0x06, 0x0c, 0x40, 0x0c, 0x06, 0x0c, 0x06, 0x25, 0x3b, 0x0e, 0x05,
  0x0a, 0x05, 0x38, 0x2e, 0x27, 0x03, 0x07, 0x03, 0x43, 0x18, 0x39, 0x01,
  0x03, 0x01, 0x43, 0x43, 0x01, 0x03, 0x01, 0x39, 0x18, 0x43, 0x03, 0x07,
  0x03, 0x27, 0x2e, 0x38, 0x05, 0x0a, 0x05, 0x0e, 0x3b, 0x25, 0x06, 0x0c,
  0x06, 0x0c, 0x40, 0x0c, 0x06, 0x0c, 0x06, 0x25, 0x3b, 0x0e, 0x05, 0x0a,
  0x05, 0x38, 0x2e, 0x27, 0x03, 0x07, 0x03, 0x43, 0x18, 0x39, 0x01, 0x03,
  0x01, 0x43, 0xfe, 0xa0, 0x3a, 0x51, 0x51, 0x3a, 0x3a, 0x51, 0x51, 0xee,
  0x3a, 0x2d, 0x29, 0x04, 0x07, 0x03, 0x46, 0x46, 0x03, 0x07, 0x04, 0x29,
  0x2d, 0x3a, 0x08, 0x11, 0x09, 0x0c, 0x40, 0x0c, 0x09, 0x11, 0x08, 0x3a,
  0x2d, 0x29, 0x04, 0x07, 0x03, 0x46, 0x46, 0x03, 0x07, 0x04, 0x29, 0x2d,
  0x3a, 0x08, 0x11, 0x09, 0x0c, 0x40, 0x0c, 0x09, 0x11, 0x08, 0x8e, 0x25,
  0x1b, 0x1b, 0x25, 0x25, 0x1b, 0x1b, 0x25, 0x01, 0xe0, 0x40, 0x0c, 0x06,
  0x0c, 0x06, 0x25, 0x3b, 0x0e, 0x05, 0x0a, 0x05, 0x38, 0x2e, 0x27, 0x03,
  0x07, 0x03, 0x43, 0x18, 0x39, 0x01, 0x03, 0x01, 0x43, 0x43, 0x01, 0x03,
  0x01, 0x39, 0x18, 0x43, 0x03, 0x07, 0x03, 0x27, 0x2e, 0x38, 0x05, 0x0a,
  0x05, 0x0e, 0x3b, 0x25, 0x06, 0x0c, 0x06, 0x0c, 0x40, 0x0c, 0x06, 0x0c,
  0x06, 0x25, 0x3b, 0x0e, 0x05, 0x0a, 0x05, 0x38, 0x2e, 0x27, 0x03, 0x07,
  0x03, 0x43, 0x18, 0x39, 0x01, 0x03, 0x01, 0x43, 0x43, 0x01, 0x03, 0x01,
  0x39, 0x18, 0x43, 0x03, 0x07, 0x03, 0x27, 0x2e, 0x38, 0x05, 0x0a, 0x05,
  0x0e, 0x3b, 0x25, 0x06, 0x0c, 0x06, 0x0c, 0x6b, 0x51, 0x3a, 0x3a, 0x51,
  0x51, 0x3a, 0x3a, 0x51, 0x00, 0x01, 0x00, 0x00, 0xff, 0xc0, 0x03, 0xf2,
  0x03, 0xc0, 0x00, 0x1d, 0x00, 0x00, 0x25, 0x01, 0x26, 0x22, 0x0f, 0x01,
  0x27, 0x01, 0x21, 0x07, 0x27, 0x23, 0x15, 0x17, 0x07, 0x17, 0x37, 0x17,
  0x07, 0x06, 0x14, 0x17, 0x01, 0x16, 0x32, 0x3f, 0x01, 0x36, 0x34, 0x27,
  0x03, 0xf2, 0xfe, 0xd2, 0x0e, 0x27, 0x0e, 0x17, 0xb8, 0x01, 0x2e, 0xfe,
  0xc0, 0x8e, 0x0e, 0x44, 0x0e, 0xce, 0xa0, 0xce, 0xb8, 0x17, 0x0e, 0x0e,
  0x01, 0x2e, 0x0e, 0x28, 0x0e, 0x71, 0x0e, 0x0e, 0x83, 0x01, 0x2e, 0x0e,
  0x0e, 0x17, 0xb8, 0x01, 0x2e, 0x8e, 0x0e, 0x44, 0x0e, 0xce, 0xa0, 0xce,
  0xb8, 0x17, 0x0e, 0x27, 0x0e, 0xfe, 0xd2, 0x0e, 0x0e, 0x71, 0x0e, 0x28,
  0x0e, 0x00, 0x00, 0x00, 0x00, 0x09, 0x00, 0x00, 0xff, 0xc0, 0x03, 0xf2,
  0x03, 0xc0, 0x00, 0x04, 0x00, 0x08, 0x00, 0x0c, 0x00, 0x11, 0x00, 0x15,
  0x00, 0x19, 0x00, 0x1e, 0x00, 0x2f, 0x00, 0x33, 0x00, 0x00, 0x01, 0x27,
  0x23, 0x15, 0x17, 0x13, 0x33, 0x15, 0x23, 0x05, 0x33, 0x15, 0x23, 0x13,
  0x35, 0x23, 0x07, 0x17, 0x05, 0x33, 0x15, 0x23, 0x05, 0x33, 0x15, 0x23,
  0x25, 0x15, 0x33, 0x37, 0x27, 0x09, 0x01, 0x26, 0x22, 0x0f, 0x01, 0x06,
  0x14, 0x17, 0x01, 0x16, 0x32, 0x3f, 0x01, 0x36, 0x34, 0x27, 0x01, 0x27,
  0x37, 0x17, 0x01, 0x00, 0x80, 0x40, 0x80, 0x80, 0x40, 0x40, 0x01, 0x00,
  0x80, 0x80, 0x40, 0x40, 0x80, 0x40, 0xfe, 0x00, 0x80, 0x80, 0x01, 0x40,
  0x40, 0x40, 0xff, 0x00, 0x40, 0x80, 0x40, 0x03, 0x32, 0xfd, 0x84, 0x0e,
  0x28, 0x0e, 0x3c, 0x0e, 0x0e, 0x02, 0x7c, 0x0e, 0x28, 0x0e, 0x3c, 0x0e,
  0x0e, 0xfd, 0xee, 0xc0, 0x40, 0xc0, 0x03, 0x00, 0x80, 0x40, 0x80, 0x01,
  0x00, 0x80, 0xc0, 0x40, 0x01, 0x00, 0x40, 0x80, 0x40, 0x40, 0x40, 0xc0,
  0x80, 0x80, 0x40, 0x80, 0x40, 0xfe, 0x4e, 0x02, 0x7c, 0x0e, 0x0e, 0x3c,
  0x0e, 0x28, 0x0e, 0xfd, 0x84, 0x0e, 0x0e, 0x3c, 0x0e, 0x28, 0x0e, 0x01,
  0x52, 0xc0, 0x40, 0xc0, 0x00, 0x03, 0x00, 0x00, 0xff, 0xc0, 0x04, 0x00,
  0x03, 0xc0, 0x00, 0x19, 0x00, 0x1d, 0x00, 0x29, 0x00, 0x00, 0x01, 0x23,
  0x35, 0x34, 0x26, 0x23, 0x21, 0x22, 0x06, 0x1d, 0x01, 0x23, 0x22, 0x06,
  0x15, 0x11, 0x14, 0x16, 0x33, 0x21, 0x32, 0x36, 0x35, 0x11, 0x34, 0x26,
  0x25, 0x21, 0x15, 0x21, 0x01, 0x23, 0x15, 0x23, 0x35, 0x23, 0x35, 0x33,
  0x35, 0x33, 0x15, 0x33, 0x03, 0x80, 0xc0, 0x26, 0x1a, 0xff, 0x00, 0x1a,
  0x26, 0xc0, 0x35, 0x4b, 0x4b, 0x35, 0x03, 0x00, 0x35, 0x4b, 0x4b, 0xfd,
  0xcb, 0x01, 0x00, 0xff, 0x00, 0x01, 0x80, 0xc0, 0x80, 0xc0, 0xc0, 0x80,
  0xc0, 0x02, 0xc0, 0x80, 0x1a, 0x26, 0x26, 0x1a, 0x80, 0x4b, 0x35, 0xfe,
  0x00, 0x35, 0x4b, 0x4b, 0x35, 0x02, 0x00, 0x35, 0x4b, 0x80, 0x80, 0xfe,
  0x40, 0xc0, 0xc0, 0x80, 0xc0, 0xc0, 0x00, 0x00, 0x00, 0x01, 0x00, 0x00,
  0xff, 0xc0, 0x04, 0x00, 0x03, 0xc0, 0x00, 0x3d, 0x00, 0x00, 0x01, 0x35,
  0x23, 0x2e, 0x01, 0x27, 0x33, 0x13, 0x27, 0x07, 0x23, 0x34, 0x26, 0x31,
  0x3e, 0x01, 0x35, 0x34, 0x26, 0x23, 0x22, 0x06, 0x15, 0x14, 0x16, 0x17,
  0x30, 0x06, 0x15, 0x23, 0x27, 0x07, 0x13, 0x33, 0x0e, 0x01, 0x07, 0x23,
  0x15, 0x33, 0x1e, 0x01, 0x17, 0x23, 0x03, 0x17, 0x37, 0x33, 0x1e, 0x01,
  0x33, 0x32, 0x36, 0x37, 0x33, 0x17, 0x37, 0x03, 0x23, 0x3e, 0x01, 0x37,
  0x04, 0x00, 0xc1, 0x05, 0x25, 0x1e, 0xa2, 0x46, 0x3e, 0x3a, 0xaf, 0x02,
  0x05, 0x05, 0x70, 0x50, 0x50, 0x70, 0x05, 0x05, 0x02, 0xaf, 0x3a, 0x3e,
  0x46, 0xa2, 0x1e, 0x25, 0x05, 0xc1, 0xc1, 0x03, 0x11, 0x0e, 0x7c, 0x46,
  0x3e, 0x3a, 0x70, 0x2c, 0x81, 0x4a, 0x4a, 0x81, 0x2c, 0x70, 0x3a, 0x3e,
  0x46, 0x7c, 0x0e, 0x11, 0x03, 0x01, 0x80, 0x40, 0x37, 0x61, 0x28, 0x01,
  0x18, 0x10, 0xe8, 0x01, 0x01, 0x0f, 0x1f, 0x11, 0x4f, 0x70, 0x70, 0x4f,
  0x11, 0x1f, 0x0f, 0x01, 0x01, 0xe8, 0x10, 0xfe, 0xe8, 0x28, 0x61, 0x37,
  0x40, 0x22, 0x41, 0x1d, 0xfe, 0xe8, 0x10, 0xe8, 0x3a, 0x45, 0x45, 0x3a,
  0xe8, 0x10, 0x01, 0x18, 0x1d, 0x41, 0x22, 0x00, 0x00, 0x02, 0x00, 0x00,
  0xff, 0xc0, 0x03, 0x91, 0x03, 0xc0, 0x00, 0x19, 0x00, 0x22, 0x00, 0x00,
  0x01, 0x11, 0x22, 0x07, 0x0e, 0x01, 0x07, 0x06, 0x15, 0x14, 0x17, 0x1e,
  0x01, 0x17, 0x16, 0x33, 0x32, 0x37, 0x3e, 0x01, 0x37, 0x36, 0x35, 0x34,
  0x26, 0x27, 0x37, 0x26, 0x27, 0x2e, 0x01, 0x27, 0x26, 0x23, 0x11, 0x01,
  0xc0, 0x5d, 0x51, 0x52, 0x7a, 0x23, 0x23, 0x23, 0x23, 0x7a, 0x52, 0x51,
  0x5d, 0x5d, 0x51, 0x52, 0x7a, 0x23, 0x23, 0x19, 0x16, 0x40, 0x1c, 0x29,
  0x2a, 0x67, 0x3d, 0x3c, 0x42, 0x01, 0x80, 0x01, 0xc0, 0x23, 0x23, 0x7a,
  0x52, 0x51, 0x5d, 0x5d, 0x51, 0x52, 0x7a, 0x23, 0x23, 0x23, 0x23, 0x7a,
  0x52, 0x51, 0x5d, 0x36, 0x65, 0x2d, 0x80, 0x37, 0x2e, 0x2e, 0x41, 0x12,
  0x12, 0xfe, 0x40, 0x00, 0x00, 0x02, 0x00, 0x00, 0xff, 0xc0, 0x04, 0x00,
  0x03, 0xc0, 0x00, 0x05, 0x00, 0x4e, 0x00, 0x00, 0x37, 0x21, 0x15, 0x21,
  0x11, 0x33, 0x13, 0x22, 0x26, 0x35, 0x34, 0x36, 0x33, 0x3a, 0x01, 0x33,
  0x37, 0x2e, 0x01, 0x35, 0x34, 0x36, 0x33, 0x32, 0x16, 0x15, 0x14, 0x06,
  0x07, 0x17, 0x3a, 0x01, 0x33, 0x3a, 0x01, 0x33, 0x13, 0x2e, 0x01, 0x35,
  0x34, 0x36, 0x33, 0x32, 0x16, 0x15, 0x14, 0x06, 0x23, 0x2a, 0x01, 0x23,
  0x03, 0x1e, 0x01, 0x15, 0x14, 0x06, 0x23, 0x22, 0x26, 0x35, 0x34, 0x36,
  0x37, 0x27, 0x2a, 0x01, 0x23, 0x2a, 0x01, 0x23, 0x07, 0x1e, 0x01, 0x15,
  0x14, 0x06, 0x23, 0x80, 0x03, 0x80, 0xfc, 0x00, 0x80, 0xa0, 0x28, 0x38,
  0x38, 0x28, 0x02, 0x04, 0x02, 0x68, 0x08, 0x08, 0x38, 0x28, 0x28, 0x38,
  0x08, 0x08, 0x68, 0x02, 0x04, 0x02, 0x02, 0x03, 0x01, 0xab, 0x08, 0x09,
  0x38, 0x28, 0x28, 0x38, 0x38, 0x28, 0x02, 0x03, 0x01, 0xab, 0x08, 0x09,
  0x38, 0x28, 0x28, 0x38, 0x08, 0x08, 0x68, 0x02, 0x04, 0x02, 0x02, 0x04,
  0x02, 0x68, 0x08, 0x08, 0x38, 0x28, 0x40, 0x80, 0x04, 0x00, 0xfc, 0xc0,
  0x38, 0x28, 0x28, 0x38, 0xac, 0x0b, 0x1a, 0x0f, 0x28, 0x38, 0x38, 0x28,
  0x0f, 0x1a, 0x0b, 0xac, 0x01, 0x2a, 0x0b, 0x1c, 0x0f, 0x28, 0x38, 0x38,
  0x28, 0x28, 0x38, 0xfe, 0xd6, 0x0b, 0x1c, 0x0f, 0x28, 0x38, 0x38, 0x28,
  0x0f, 0x1a, 0x0b, 0xac, 0xac, 0x0b, 0x1a, 0x0f, 0x28, 0x38, 0x00, 0x00,
  0x00, 0x05, 0x00, 0x00, 0xff, 0xc0, 0x04, 0x00, 0x03, 0xc0, 0x00, 0x03,
  0x00, 0x07, 0x00, 0x0b, 0x00, 0x0f, 0x00, 0x13, 0x00, 0x00, 0x37, 0x21,
  0x15, 0x21, 0x13, 0x33, 0x15, 0x23, 0x13, 0x33, 0x11, 0x23, 0x13, 0x33,
  0x11, 0x23, 0x13, 0x33, 0x11, 0x23, 0x00, 0x04, 0x00, 0xfc, 0x00, 0x80,
  0x80, 0x80, 0xc0, 0x80, 0x80, 0xc0, 0x80, 0x80, 0xc0, 0x80, 0x80, 0x80,
  0x80, 0x01, 0x80, 0xc0, 0x01, 0xc0, 0xfe, 0x40, 0x01, 0x00, 0xff, 0x00,
  0x02, 0x80, 0xfd, 0x80, 0x00, 0x06, 0x00, 0x00, 0xff, 0xc0, 0x03, 0xc0,
  0x03, 0xc0, 0x00, 0x0f, 0x00, 0x13, 0x00, 0x23, 0x00, 0x27, 0x00, 0x37,
  0x00, 0x3b, 0x00, 0x00, 0x01, 0x23, 0x22, 0x06, 0x15, 0x11, 0x14, 0x16,
  0x3b, 0x01, 0x32, 0x36, 0x35, 0x11, 0x34, 0x26, 0x03, 0x23, 0x11, 0x33,
  0x01, 0x23, 0x22, 0x06, 0x15, 0x11, 0x14, 0x16, 0x3b, 0x01, 0x32, 0x36,
  0x35, 0x11, 0x34, 0x26, 0x03, 0x23, 0x11, 0x33, 0x01, 0x23, 0x22, 0x06,
  0x15, 0x11, 0x14, 0x16, 0x3b, 0x01, 0x32, 0x36, 0x35, 0x11, 0x34, 0x26,
  0x03, 0x23, 0x11, 0x33, 0x01, 0x20, 0xc0, 0x0d, 0x13, 0x13, 0x0d, 0xc0,
  0x0d, 0x13, 0x13, 0x0d, 0xc0, 0xc0, 0x01, 0x40, 0xc0, 0x0d, 0x13, 0x13,
  0x0d, 0xc0, 0x0d, 0x13, 0x13, 0x0d, 0xc0, 0xc0, 0x01, 0x40, 0xc0, 0x0d,
  0x13, 0x13, 0x0d, 0xc0, 0x0d, 0x13, 0x13, 0x0d, 0xc0, 0xc0, 0x02, 0x40,
  0x13, 0x0d, 0xfd, 0xc0, 0x0d, 0x13, 0x13, 0x0d, 0x02, 0x40, 0x0d, 0x13,
  0xfd, 0xc0, 0x01, 0x00, 0x01, 0xc0, 0x13, 0x0d, 0xfd, 0x40, 0x0d, 0x13,
  0x13, 0x0d, 0x02, 0xc0, 0x0d, 0x13, 0xfd, 0x40, 0x01, 0x40, 0x02, 0x00,
  0x13, 0x0d, 0xfc, 0xc0, 0x0d, 0x13, 0x13, 0x0d, 0x03, 0x40, 0x0d, 0x13,
  0xfc, 0xc0, 0x01, 0x80, 0x00, 0x03, 0x00, 0x00, 0xff, 0xc0, 0x04, 0x00,
  0x03, 0xc0, 0x00, 0x24, 0x00, 0x30, 0x00, 0x3c, 0x00, 0x00, 0x01, 0x35,
  0x21, 0x15, 0x23, 0x15, 0x14, 0x16, 0x33, 0x32, 0x36, 0x37, 0x1e, 0x01,
  0x17, 0x15, 0x23, 0x22, 0x06, 0x15, 0x21, 0x34, 0x26, 0x2b, 0x01, 0x35,
  0x3e, 0x01, 0x37, 0x1e, 0x01, 0x33, 0x32, 0x36, 0x3d, 0x01, 0x23, 0x05,
  0x22, 0x26, 0x3d, 0x01, 0x33, 0x15, 0x14, 0x16, 0x17, 0x0e, 0x01, 0x25,
  0x14, 0x06, 0x23, 0x22, 0x26, 0x27, 0x3e, 0x01, 0x3d, 0x01, 0x33, 0x03,
  0x40, 0xfd, 0x80, 0xc0, 0x70, 0x50, 0x0f, 0x1d, 0x0e, 0x22, 0x67, 0x3d,
  0x40, 0x35, 0x4b, 0x02, 0x00, 0x4b, 0x35, 0x40, 0x3d, 0x67, 0x22, 0x0e,
  0x1d, 0x0f, 0x50, 0x70, 0xc0, 0xfd, 0x80, 0x30, 0x44, 0x74, 0x0b, 0x0a,
  0x05, 0x0b, 0x02, 0xef, 0x44, 0x30, 0x05, 0x0b, 0x05, 0x0a, 0x0b, 0x74,
  0x03, 0x00, 0x80, 0x80, 0x80, 0x50, 0x70, 0x05, 0x04, 0x32, 0x44, 0x0d,
  0xc6, 0x4b, 0x35, 0x35, 0x4b, 0xc6, 0x0d, 0x44, 0x32, 0x04, 0x05, 0x70,
  0x50, 0x80, 0xf4, 0x44, 0x30, 0x40, 0x40, 0x1e, 0x39, 0x1b, 0x01, 0x01,
  0x74, 0x30, 0x44, 0x01, 0x01, 0x1b, 0x39, 0x1e, 0x40, 0x00, 0x00, 0x00,
  0x00, 0x07, 0x00, 0x00, 0xff, 0xc0, 0x03, 0xc0, 0x03, 0xc0, 0x00, 0x2a,
  0x00, 0x3a, 0x00, 0x54, 0x00, 0x58, 0x00, 0x5c, 0x00, 0x60, 0x00, 0x64,
  0x00, 0x00, 0x01, 0x3e, 0x01, 0x37, 0x3e, 0x01, 0x37, 0x36, 0x26, 0x27,
  0x2e, 0x01, 0x23, 0x22, 0x06, 0x07, 0x0e, 0x01, 0x07, 0x2e, 0x01, 0x27,
  0x2e, 0x01, 0x23, 0x22, 0x06, 0x07, 0x06, 0x16, 0x17, 0x1e, 0x01, 0x17,
  0x23, 0x11, 0x33, 0x11, 0x21, 0x11, 0x33, 0x11, 0x23, 0x27, 0x3e, 0x01,
  0x33, 0x32, 0x16, 0x17, 0x16, 0x06, 0x07, 0x0e, 0x01, 0x07, 0x23, 0x3e,
  0x01, 0x25, 0x26, 0x36, 0x37, 0x3e, 0x01, 0x33, 0x31, 0x32, 0x16, 0x17,
  0x1e, 0x01, 0x17, 0x14, 0x16, 0x17, 0x26, 0x22, 0x27, 0x2e, 0x01, 0x27,
  0x2e, 0x01, 0x27, 0x13, 0x21, 0x11, 0x21, 0x35, 0x21, 0x35, 0x21, 0x01,
  0x21, 0x11, 0x21, 0x37, 0x21, 0x35, 0x21, 0x03, 0x04, 0x0d, 0x1a, 0x0c,
  0x19, 0x20, 0x06, 0x06, 0x11, 0x15, 0x10, 0x2d, 0x1a, 0x25, 0x4b, 0x20,
  0x31, 0x3d, 0x10, 0x0b, 0x32, 0x2d, 0x18, 0x3a, 0x1e, 0x17, 0x2c, 0x11,
  0x25, 0x09, 0x2b, 0x10, 0x24, 0x13, 0xd9, 0x40, 0x03, 0x00, 0x40, 0xbc,
  0x62, 0x15, 0x31, 0x17, 0x08, 0x14, 0x08, 0x14, 0x13, 0x20, 0x21, 0x53,
  0x26, 0x33, 0x0e, 0x34, 0xfe, 0x71, 0x01, 0x04, 0x09, 0x08, 0x12, 0x07,
  0x10, 0x20, 0x0d, 0x1a, 0x29, 0x0e, 0x01, 0x01, 0x02, 0x03, 0x01, 0x33,
  0x4f, 0x1a, 0x0c, 0x0e, 0x01, 0xd6, 0xff, 0x00, 0x01, 0x00, 0xfe, 0xc0,
  0x01, 0x40, 0x01, 0x80, 0xff, 0x00, 0x01, 0x00, 0x40, 0xfe, 0xc0, 0x01,
  0x40, 0x02, 0x80, 0x0a, 0x15, 0x0c, 0x19, 0x3c, 0x1f, 0x22, 0x3c, 0x15,
  0x11, 0x11, 0x22, 0x1f, 0x32, 0x7d, 0x31, 0x31, 0x79, 0x2c, 0x18, 0x19,
  0x11, 0x10, 0x26, 0x73, 0x2c, 0x0f, 0x1a, 0x0b, 0xff, 0x00, 0xfe, 0x40,
  0x01, 0xc0, 0x01, 0x00, 0xc0, 0x15, 0x17, 0x05, 0x08, 0x13, 0x4e, 0x20,
  0x21, 0x2e, 0x0f, 0x2b, 0x6b, 0x09, 0x07, 0x16, 0x0a, 0x07, 0x05, 0x0e,
  0x0d, 0x1a, 0x4f, 0x33, 0x02, 0x02, 0x02, 0x01, 0x01, 0x0e, 0x29, 0x19,
  0x0c, 0x1d, 0x0f, 0xfc, 0xe1, 0x01, 0xa0, 0x20, 0x80, 0xfd, 0xc0, 0x01,
  0xa0, 0x20, 0x80, 0x00, 0x00, 0x02, 0x00, 0x00, 0xff, 0xc0, 0x03, 0x40,
  0x03, 0xc0, 0x00, 0x29, 0x00, 0x38, 0x00, 0x00, 0x01, 0x2e, 0x01, 0x23,
  0x21, 0x22, 0x06, 0x07, 0x0e, 0x01, 0x15, 0x14, 0x16, 0x17, 0x1e, 0x01,
  0x17, 0x11, 0x23, 0x22, 0x06, 0x15, 0x14, 0x16, 0x33, 0x21, 0x32, 0x36,
  0x35, 0x34, 0x26, 0x2b, 0x01, 0x11, 0x3e, 0x01, 0x37, 0x3e, 0x01, 0x35,
  0x34, 0x26, 0x25, 0x21, 0x1e, 0x01, 0x15, 0x1c, 0x01, 0x15, 0x21, 0x3c,
  0x01, 0x35, 0x34, 0x36, 0x37, 0x03, 0x0a, 0x04, 0x10, 0x08, 0xfe, 0x24,
  0x08, 0x10, 0x04, 0x1a, 0x1c, 0x2f, 0x2c, 0x22, 0x54, 0x2f, 0x60, 0x0d,
  0x13, 0x13, 0x0d, 0x01, 0x40, 0x0d, 0x13, 0x13, 0x0d, 0x60, 0x2f, 0x54,
  0x22, 0x2c, 0x2f, 0x1c, 0xfe, 0x02, 0x01, 0xb4, 0x13, 0x13, 0xfe, 0x00,
  0x13, 0x13, 0x03, 0xaf, 0x08, 0x09, 0x09, 0x08, 0x31, 0x72, 0x3c, 0x4f,
  0x91, 0x38, 0x2b, 0x39, 0x0c, 0xfe, 0xb8, 0x13, 0x0d, 0x0d, 0x13, 0x13,
  0x0d, 0x0d, 0x13, 0x01, 0x48, 0x0c, 0x39, 0x2b, 0x38, 0x91, 0x4f, 0x3c,
  0x72, 0x02, 0x28, 0x59, 0x2f, 0x04, 0x08, 0x04, 0x04, 0x08, 0x04, 0x2f,
  0x59, 0x28, 0x00, 0x00, 0x00, 0x02, 0x00, 0x00, 0xff, 0xc0, 0x03, 0x7d,
  0x03, 0xc0, 0x00, 0x1f, 0x00, 0x23, 0x00, 0x00, 0x01, 0x3e, 0x01, 0x27,
  0x2e, 0x01, 0x23, 0x21, 0x22, 0x06, 0x07, 0x06, 0x16, 0x17, 0x01, 0x11,
  0x23, 0x22, 0x06, 0x15, 0x14, 0x16, 0x33, 0x21, 0x32, 0x36, 0x35, 0x34,
  0x26, 0x2b, 0x01, 0x11, 0x13, 0x07, 0x21, 0x27, 0x03, 0x79, 0x06, 0x02,
  0x04, 0x04, 0x10, 0x09, 0xfd, 0x40, 0x09, 0x10, 0x04, 0x04, 0x02, 0x06,
  0x01, 0x39, 0x60, 0x0d, 0x13, 0x13, 0x0d, 0x01, 0x40, 0x0d, 0x13, 0x13,
  0x0d, 0x60, 0xde, 0x64, 0xfe, 0x8c, 0x64, 0x03, 0x0c, 0x07, 0x13, 0x08,
  0x08, 0x0a, 0x0a, 0x08, 0x08, 0x13, 0x07, 0xfe, 0x72, 0xfe, 0x82, 0x13,
  0x0d, 0x0d, 0x13, 0x13, 0x0d, 0x0d, 0x13, 0x01, 0x7e, 0x01, 0x82, 0x80,
  0x80, 0x00, 0x00, 0x00, 0x00, 0x03, 0x00, 0x00, 0xff, 0xc0, 0x04, 0x00,
  0x03, 0xc0, 0x00, 0x27, 0x00, 0x3f, 0x00, 0x43, 0x00, 0x00, 0x01, 0x23,
  0x35, 0x34, 0x27, 0x2e, 0x01, 0x27, 0x26, 0x23, 0x22, 0x07, 0x0e, 0x01,
  0x07, 0x06, 0x15, 0x11, 0x14, 0x17, 0x1e, 0x01, 0x17, 0x16, 0x33, 0x32,
  0x37, 0x3e, 0x01, 0x37, 0x36, 0x3d, 0x01, 0x33, 0x32, 0x36, 0x35, 0x11,
  0x34, 0x26, 0x25, 0x2e, 0x01, 0x27, 0x3e, 0x01, 0x37, 0x3e, 0x01, 0x33,
  0x32, 0x16, 0x17, 0x1e, 0x01, 0x17, 0x0e, 0x01, 0x07, 0x0e, 0x01, 0x23,
  0x22, 0x26, 0x01, 0x23, 0x35, 0x33, 0x03, 0xc0, 0xc0, 0x1e, 0x1e, 0x69,
  0x46, 0x45, 0x50, 0x50, 0x45, 0x46, 0x69, 0x1e, 0x1e, 0x1e, 0x1e, 0x69,
  0x46, 0x45, 0x50, 0x50, 0x45, 0x46, 0x69, 0x1e, 0x1e, 0xc0, 0x1b, 0x25,
  0x25, 0xfc, 0xd5, 0x1c, 0x22, 0x09, 0x09, 0x22, 0x1c, 0x2c, 0x6b, 0x39,
  0x39, 0x6b, 0x2c, 0x1c, 0x22, 0x09, 0x09, 0x22, 0x1c, 0x2c, 0x6b, 0x39,
  0x39, 0x6b, 0x02, 0xa4, 0x80, 0x80, 0x02, 0x80, 0x60, 0x21, 0x1d, 0x1d,
  0x2c, 0x0c, 0x0d, 0x0d, 0x0c, 0x2c, 0x1d, 0x1d, 0x21, 0xfd, 0x80, 0x21,
  0x1d, 0x1d, 0x2c, 0x0c, 0x0d, 0x0d, 0x0c, 0x2c, 0x1d, 0x1d, 0x21, 0x60,
  0x25, 0x1b, 0x01, 0x40, 0x1b, 0x25, 0x3e, 0x09, 0x12, 0x07, 0x07, 0x12,
  0x09, 0x0f, 0x0f, 0x0f, 0x0f, 0x09, 0x12, 0x07, 0x07, 0x12, 0x09, 0x0f,
  0x0f, 0x0f, 0xfe, 0x91, 0xc0, 0x00, 0x00, 0x00, 0x00, 0x02, 0x00, 0x00,
  0xff, 0xc0, 0x03, 0x80, 0x03, 0xc0, 0x00, 0x1c, 0x00, 0x39, 0x00, 0x00,
  0x13, 0x22, 0x07, 0x0e, 0x01, 0x07, 0x06, 0x15, 0x14, 0x16, 0x17, 0x03,
  0x06, 0x16, 0x3b, 0x01, 0x32, 0x36, 0x27, 0x03, 0x3e, 0x01, 0x35, 0x34,
  0x27, 0x2e, 0x01, 0x27, 0x26, 0x21, 0x03, 0x23, 0x03, 0x23, 0x03, 0x23,
  0x03, 0x23, 0x11, 0x14, 0x16, 0x3b, 0x01, 0x03, 0x06, 0x16, 0x3b, 0x01,
  0x32, 0x36, 0x27, 0x03, 0x33, 0x32, 0x36, 0x35, 0x11, 0x23, 0xe0, 0x28,
  0x23, 0x23, 0x34, 0x0f, 0x0f, 0x54, 0x40, 0x20, 0x02, 0x24, 0x1a, 0x20,
  0x1a, 0x24, 0x02, 0x20, 0x40, 0x54, 0x0f, 0x0f, 0x34, 0x23, 0x23, 0x02,
  0x5d, 0x35, 0x28, 0x1b, 0x1a, 0x1b, 0x28, 0x35, 0x1b, 0x13, 0x0d, 0x53,
  0x1f, 0x02, 0x24, 0x1a, 0x20, 0x1a, 0x24, 0x02, 0x1f, 0x53, 0x0d, 0x13,
  0x1b, 0x03, 0xc0, 0x12, 0x11, 0x3d, 0x29, 0x29, 0x2e, 0x4f, 0x79, 0x12,
  0xfd, 0xfa, 0x1a, 0x26, 0x26, 0x1a, 0x02, 0x06, 0x12, 0x79, 0x4f, 0x2e,
  0x29, 0x29, 0x3d, 0x11, 0x12, 0xfe, 0xc0, 0x01, 0x40, 0xfe, 0xc0, 0x01,
  0x40, 0xfe, 0x60, 0x0d, 0x13, 0xfe, 0x00, 0x1a, 0x26, 0x26, 0x1a, 0x02,
  0x00, 0x13, 0x0d, 0x01, 0xa0, 0x00, 0x00, 0x00, 0x00, 0x01, 0x00, 0x00,
  0xff, 0xc0, 0x04, 0x00, 0x03, 0xc0, 0x00, 0x49, 0x00, 0x00, 0x01, 0x26,
  0x27, 0x2e, 0x01, 0x27, 0x26, 0x23, 0x22, 0x07, 0x0e, 0x01, 0x07, 0x06,
  0x07, 0x0e, 0x01, 0x07, 0x06, 0x16, 0x17, 0x36, 0x37, 0x3e, 0x01, 0x37,
  0x36, 0x33, 0x30, 0x07, 0x0e, 0x01, 0x07, 0x06, 0x07, 0x30, 0x06, 0x07,
  0x0e, 0x01, 0x07, 0x06, 0x07, 0x0e, 0x01, 0x07, 0x06, 0x15, 0x33, 0x30,
  0x26, 0x37, 0x1e, 0x01, 0x33, 0x32, 0x36, 0x37, 0x3e, 0x01, 0x37, 0x36,
  0x37, 0x3e, 0x01, 0x37, 0x36, 0x37, 0x3e, 0x01, 0x37, 0x34, 0x26, 0x27,
  0x03, 0xf3, 0x29, 0x34, 0x34, 0x75, 0x40, 0x40, 0x42, 0x51, 0x48, 0x49,
  0x7c, 0x31, 0x32, 0x22, 0x20, 0x23, 0x03, 0x03, 0x13, 0x15, 0x23, 0x42,
  0x41, 0xaf, 0x69, 0x68, 0x73, 0x2f, 0x30, 0x8d, 0x51, 0x51, 0x44, 0x03,
  0x03, 0x1b, 0x2f, 0x11, 0x0f, 0x0e, 0x0e, 0x15, 0x07, 0x06, 0x80, 0x0b,
  0x19, 0x2a, 0x4b, 0x22, 0x58, 0x81, 0x2f, 0x29, 0x35, 0x18, 0x13, 0x15,
  0x16, 0x3c, 0x2b, 0x2b, 0x3d, 0x07, 0x08, 0x01, 0x06, 0x07, 0x03, 0x3a,
  0x1f, 0x19, 0x19, 0x22, 0x09, 0x0a, 0x0e, 0x0e, 0x35, 0x27, 0x26, 0x31,
  0x2f, 0x6d, 0x3e, 0x37, 0x7a, 0x41, 0x6b, 0x5c, 0x5d, 0x89, 0x27, 0x27,
  0x0f, 0x10, 0x48, 0x3b, 0x3b, 0x57, 0x05, 0x04, 0x24, 0x53, 0x2e, 0x24,
  0x2a, 0x2a, 0x60, 0x36, 0x35, 0x3b, 0x9d, 0x6a, 0x06, 0x06, 0x28, 0x29,
  0x24, 0x60, 0x34, 0x28, 0x2a, 0x2a, 0x52, 0x28, 0x27, 0x23, 0x04, 0x0e,
  0x08, 0x08, 0x0f, 0x05, 0x00, 0x01, 0x00, 0x00, 0xff, 0xc0, 0x04, 0x00,
  0x03, 0xc0, 0x00, 0x17, 0x00, 0x00, 0x09, 0x01, 0x23, 0x03, 0x30, 0x37,
  0x3e, 0x01, 0x37, 0x36, 0x17, 0x09, 0x01, 0x16, 0x07, 0x0e, 0x01, 0x07,
  0x06, 0x31, 0x25, 0x35, 0x01, 0x13, 0x02, 0xc0, 0xfe, 0xc0, 0xc0, 0xc0,
  0x22, 0x21, 0x63, 0x38, 0x38, 0x2c, 0xfe, 0xbe, 0x01, 0xa6, 0x16, 0x03,
  0x03, 0x1a, 0x0e, 0x0e, 0x01, 0x00, 0x01, 0x40, 0x40, 0x03, 0x80, 0xfe,
  0xc0, 0xff, 0x00, 0x08, 0x09, 0x10, 0x04, 0x03, 0x0a, 0xfe, 0x62, 0x01,
  0x48, 0x32, 0x3a, 0x3a, 0x61, 0x21, 0x20, 0xc0, 0xc0, 0x01, 0x40, 0x01,
  0x40, 0x00, 0x00, 0x00, 0x00, 0x02, 0x00, 0x00, 0xff, 0xc0, 0x04, 0x00,
  0x03, 0xc0, 0x00, 0x1c, 0x00, 0x5f, 0x00, 0x00, 0x01, 0x32, 0x17, 0x1e,
  0x01, 0x17, 0x16, 0x15, 0x14, 0x07, 0x0e, 0x01, 0x07, 0x06, 0x07, 0x21,
  0x26, 0x27, 0x2e, 0x01, 0x27, 0x26, 0x35, 0x34, 0x37, 0x3e, 0x01, 0x37,
  0x36, 0x01, 0x36, 0x37, 0x3e, 0x01, 0x37, 0x36, 0x35, 0x23, 0x35, 0x33,
  0x2e, 0x01, 0x27, 0x23, 0x35, 0x33, 0x2e, 0x01, 0x27, 0x2e, 0x01, 0x27,
  0x15, 0x23, 0x35, 0x2e, 0x01, 0x23, 0x22, 0x06, 0x07, 0x15, 0x23, 0x35,
  0x0e, 0x01, 0x07, 0x0e, 0x01, 0x07, 0x33, 0x15, 0x23, 0x0e, 0x01, 0x07,
  0x33, 0x15, 0x23, 0x14, 0x17, 0x1e, 0x01, 0x17, 0x16, 0x17, 0x1e, 0x01,
  0x17, 0x33, 0x13, 0x33, 0x13, 0x33, 0x3e, 0x01, 0x02, 0x00, 0x6a, 0x5d,
  0x5e, 0x8b, 0x28, 0x28, 0x13, 0x13, 0x46, 0x30, 0x31, 0x3b, 0xfe, 0x10,
  0x3b, 0x31, 0x30, 0x46, 0x13, 0x13, 0x28, 0x28, 0x8b, 0x5e, 0x5d, 0x01,
  0x8c, 0x1d, 0x16, 0x17, 0x1e, 0x08, 0x08, 0x5a, 0x55, 0x05, 0x16, 0x10,
  0x6a, 0x40, 0x07, 0x0f, 0x08, 0x23, 0x52, 0x2d, 0x40, 0x10, 0x20, 0x10,
  0x10, 0x20, 0x10, 0x40, 0x2d, 0x52, 0x23, 0x08, 0x0f, 0x07, 0x40, 0x6a,
  0x10, 0x16, 0x05, 0x55, 0x5a, 0x08, 0x08, 0x1e, 0x17, 0x16, 0x1d, 0x08,
  0x11, 0x09, 0xc0, 0x25, 0x36, 0x25, 0xc0, 0x09, 0x11, 0x03, 0x80, 0x28,
  0x28, 0x8b, 0x5e, 0x5d, 0x6a, 0x48, 0x43, 0x43, 0x73, 0x2f, 0x2f, 0x21,
  0x21, 0x2f, 0x2f, 0x73, 0x43, 0x43, 0x48, 0x6a, 0x5d, 0x5e, 0x8b, 0x28,
  0x28, 0xfc, 0xde, 0x1d, 0x22, 0x21, 0x4a, 0x27, 0x28, 0x29, 0x40, 0x22,
  0x40, 0x1e, 0x40, 0x09, 0x11, 0x08, 0x23, 0x32, 0x0f, 0x46, 0x55, 0x02,
  0x03, 0x03, 0x02, 0x55, 0x46, 0x0f, 0x32, 0x23, 0x08, 0x11, 0x09, 0x40,
  0x1e, 0x40, 0x22, 0x40, 0x29, 0x28, 0x27, 0x4a, 0x21, 0x22, 0x1d, 0x08,
  0x0f, 0x07, 0x02, 0x00, 0xfe, 0x00, 0x07, 0x0f, 0x00, 0x03, 0x00, 0x00,
  0xff, 0xc0, 0x04, 0x00, 0x03, 0xc0, 0x00, 0x1b, 0x00, 0x41, 0x00, 0x53,
  0x00, 0x00, 0x01, 0x22, 0x07, 0x0e, 0x01, 0x07, 0x06, 0x15, 0x14, 0x17,
  0x1e, 0x01, 0x17, 0x16, 0x33, 0x32, 0x37, 0x3e, 0x01, 0x37, 0x36, 0x35,
  0x34, 0x27, 0x2e, 0x01, 0x27, 0x26, 0x01, 0x3e, 0x01, 0x35, 0x34, 0x27,
  0x2e, 0x01, 0x27, 0x26, 0x27, 0x3e, 0x01, 0x37, 0x3e, 0x01, 0x33, 0x32,
  0x16, 0x17, 0x1e, 0x01, 0x17, 0x06, 0x07, 0x0e, 0x01, 0x07, 0x06, 0x15,
  0x14, 0x16, 0x17, 0x0e, 0x01, 0x23, 0x22, 0x26, 0x37, 0x1e, 0x01, 0x1d,
  0x01, 0x14, 0x06, 0x2b, 0x01, 0x22, 0x26, 0x3d, 0x01, 0x34, 0x36, 0x37,
  0x13, 0x33, 0x02, 0x00, 0x6a, 0x5d, 0x5e, 0x8b, 0x28, 0x28, 0x28, 0x28,
  0x8b, 0x5e, 0x5d, 0x6a, 0x6a, 0x5d, 0x5e, 0x8b, 0x28, 0x28, 0x28, 0x28,
  0x8b, 0x5e, 0x5d, 0xfe, 0xc5, 0x08, 0x09, 0x0e, 0x0e, 0x32, 0x23, 0x23,
  0x29, 0x07, 0x38, 0x2e, 0x37, 0x8c, 0x4d, 0x4d, 0x8c, 0x37, 0x2e, 0x38,
  0x07, 0x29, 0x23, 0x23, 0x32, 0x0e, 0x0e, 0x09, 0x08, 0x2e, 0x6a, 0x39,
  0x39, 0x6a, 0xcb, 0x0a, 0x0e, 0x13, 0x0d, 0x40, 0x0d, 0x13, 0x0e, 0x0a,
  0x18, 0x20, 0x03, 0xc0, 0x28, 0x28, 0x8b, 0x5e, 0x5d, 0x6a, 0x6a, 0x5d,
  0x5e, 0x8b, 0x28, 0x28, 0x28, 0x28, 0x8b, 0x5e, 0x5d, 0x6a, 0x6a, 0x5d,
  0x5e, 0x8b, 0x28, 0x28, 0xfc, 0xbe, 0x17, 0x31, 0x1a, 0x2f, 0x2a, 0x2b,
  0x46, 0x1b, 0x1a, 0x10, 0x3f, 0x73, 0x2f, 0x36, 0x3a, 0x3a, 0x36, 0x2f,
  0x73, 0x3f, 0x10, 0x1a, 0x1b, 0x46, 0x2b, 0x2a, 0x2f, 0x1a, 0x31, 0x17,
  0x1e, 0x20, 0x20, 0xdf, 0x03, 0x11, 0x0b, 0x40, 0x0d, 0x13, 0x13, 0x0d,
  0x40, 0x0b, 0x11, 0x03, 0x01, 0xc1, 0x00, 0x00, 0x00, 0x01, 0x00, 0x00,
  0xff, 0xc0, 0x03, 0xf8, 0x03, 0xc0, 0x00, 0x36, 0x00, 0x00, 0x25, 0x01,
  0x37, 0x3e, 0x01, 0x37, 0x32, 0x36, 0x33, 0x37, 0x36, 0x26, 0x2f, 0x01,
  0x2e, 0x01, 0x0f, 0x01, 0x14, 0x06, 0x15, 0x0e, 0x01, 0x0f, 0x01, 0x0e,
  0x01, 0x07, 0x06, 0x22, 0x0f, 0x01, 0x06, 0x16, 0x1f, 0x01, 0x1e, 0x01,
  0x3f, 0x01, 0x30, 0x36, 0x35, 0x3e, 0x01, 0x3f, 0x01, 0x01, 0x1e, 0x01,
  0x3f, 0x01, 0x36, 0x26, 0x27, 0x03, 0xf2, 0xfd, 0xdc, 0x19, 0x10, 0x11,
  0x01, 0x01, 0x01, 0x01, 0x67, 0x0a, 0x01, 0x0b, 0xb3, 0x0c, 0x22, 0x0c,
  0x40, 0x01, 0x15, 0x27, 0x10, 0x61, 0x10, 0x11, 0x01, 0x01, 0x01, 0x01,
  0x67, 0x0b, 0x02, 0x0b, 0xb3, 0x0c, 0x21, 0x0d, 0x40, 0x01, 0x15, 0x27,
  0x10, 0x1c, 0x01, 0xf2, 0x0b, 0x1d, 0x0a, 0x32, 0x09, 0x03, 0x0c, 0x2c,
  0x01, 0xf4, 0x19, 0x10, 0x27, 0x15, 0x01, 0x41, 0x0c, 0x22, 0x0b, 0xb4,
  0x0b, 0x02, 0x0b, 0x67, 0x01, 0x01, 0x01, 0x01, 0x11, 0x10, 0x62, 0x10,
  0x27, 0x14, 0x01, 0x01, 0x40, 0x0d, 0x21, 0x0c, 0xb3, 0x0c, 0x01, 0x0a,
  0x68, 0x02, 0x01, 0x01, 0x11, 0x10, 0x1c, 0xfd, 0xda, 0x0c, 0x03, 0x09,
  0x33, 0x09, 0x1d, 0x0b, 0x00, 0x01, 0x00, 0x00, 0xff, 0xc0, 0x03, 0xa3,
  0x03, 0xc0, 0x00, 0x40, 0x00, 0x00, 0x05, 0x26, 0x36, 0x37, 0x3e, 0x01,
  0x31, 0x30, 0x16, 0x07, 0x36, 0x37, 0x3e, 0x01, 0x37, 0x36, 0x27, 0x16,
  0x17, 0x1e, 0x01, 0x07, 0x06, 0x07, 0x36, 0x37, 0x36, 0x26, 0x27, 0x26,
  0x27, 0x16, 0x06, 0x07, 0x26, 0x27, 0x2e, 0x01, 0x27, 0x26, 0x31, 0x16,
  0x07, 0x0e, 0x01, 0x07, 0x06, 0x07, 0x2e, 0x01, 0x27, 0x06, 0x07, 0x0e,
  0x01, 0x07, 0x06, 0x07, 0x06, 0x17, 0x1e, 0x01, 0x17, 0x16, 0x17, 0x01,
  0x41, 0x33, 0x20, 0x28, 0x2b, 0x1d, 0x28, 0x0d, 0x1e, 0x12, 0x13, 0x12,
  0x01, 0x01, 0x04, 0x43, 0x2f, 0x2f, 0x2c, 0x07, 0x06, 0x27, 0xcf, 0x2f,
  0x2e, 0x42, 0x47, 0x47, 0x1b, 0x12, 0x01, 0x25, 0x1f, 0x30, 0x31, 0x5b,
  0x22, 0x21, 0x09, 0x0e, 0x0e, 0x39, 0x27, 0x27, 0x28, 0x03, 0x0e, 0x19,
  0x03, 0x10, 0x0f, 0x28, 0x13, 0x13, 0x09, 0x0c, 0x06, 0x05, 0x38, 0x35,
  0x35, 0x51, 0x40, 0x6b, 0x88, 0x39, 0x3f, 0x68, 0x52, 0x44, 0x21, 0x29,
  0x29, 0x50, 0x22, 0x23, 0x14, 0x2f, 0x48, 0x47, 0xa4, 0x55, 0x56, 0x4c,
  0x75, 0x8a, 0x89, 0xf4, 0x58, 0x59, 0x14, 0x28, 0x71, 0x20, 0x75, 0x49,
  0x4a, 0x52, 0x0f, 0x0f, 0x3c, 0x3f, 0x3e, 0x79, 0x39, 0x38, 0x32, 0x30,
  0x4c, 0x2e, 0x2b, 0x29, 0x28, 0x50, 0x28, 0x29, 0x2b, 0x3c, 0x34, 0x34,
  0x60, 0x2e, 0x2d, 0x2e, 0x00, 0x02, 0x00, 0x00, 0xff, 0xc0, 0x03, 0xbc,
  0x03, 0xc0, 0x00, 0x19, 0x00, 0x20, 0x00, 0x00, 0x25, 0x01, 0x35, 0x33,
  0x32, 0x36, 0x35, 0x34, 0x26, 0x23, 0x21, 0x22, 0x06, 0x15, 0x14, 0x16,
  0x3b, 0x01, 0x15, 0x01, 0x06, 0x16, 0x33, 0x21, 0x32, 0x36, 0x25, 0x13,
  0x35, 0x33, 0x15, 0x13, 0x21, 0x03, 0xbc, 0xfe, 0xc4, 0x20, 0x0d, 0x13,
  0x13, 0x0d, 0xfe, 0xc0, 0x0d, 0x13, 0x13, 0x0d, 0x20, 0xfe, 0xc4, 0x37,
  0x49, 0x6a, 0x02, 0x80, 0x6a, 0x49, 0xfc, 0xfe, 0xcf, 0x80, 0xcf, 0xfd,
  0xe2, 0x9c, 0x02, 0x0f, 0xd5, 0x13, 0x0d, 0x0d, 0x13, 0x13, 0x0d, 0x0d,
  0x13, 0xd5, 0xfd, 0xf1, 0x5b, 0x81, 0x81, 0xff, 0x01, 0x59, 0xe7, 0xe7,
  0xfe, 0xa7, 0x00, 0x00, 0x00, 0x02, 0x00, 0x00, 0xff, 0xc0, 0x03, 0xc0,
  0x03, 0xc0, 0x00, 0x19, 0x00, 0x3b, 0x00, 0x00, 0x01, 0x21, 0x13, 0x14,
  0x06, 0x23, 0x22, 0x26, 0x35, 0x13, 0x21, 0x03, 0x14, 0x17, 0x1e, 0x01,
  0x17, 0x16, 0x33, 0x32, 0x37, 0x3e, 0x01, 0x37, 0x36, 0x35, 0x03, 0x0e,
  0x01, 0x23, 0x22, 0x26, 0x27, 0x2e, 0x01, 0x27, 0x13, 0x33, 0x03, 0x15,
  0x14, 0x16, 0x17, 0x1e, 0x01, 0x33, 0x32, 0x36, 0x37, 0x3e, 0x01, 0x3d,
  0x02, 0x03, 0x33, 0x13, 0x0e, 0x01, 0x07, 0x03, 0x80, 0xff, 0x00, 0x40,
  0x70, 0x50, 0x50, 0x70, 0x40, 0xff, 0x00, 0x40, 0x23, 0x23, 0x7a, 0x52,
  0x51, 0x5d, 0x5d, 0x51, 0x52, 0x7a, 0x23, 0x23, 0xb6, 0x35, 0x8a, 0x4b,
  0x4b, 0x8a, 0x35, 0x34, 0x39, 0x01, 0x24, 0x6f, 0x23, 0x28, 0x25, 0x26,
  0x60, 0x35, 0x35, 0x60, 0x26, 0x25, 0x28, 0x23, 0x6f, 0x24, 0x01, 0x39,
  0x34, 0x03, 0xc0, 0xfd, 0xc0, 0x50, 0x70, 0x70, 0x50, 0x02, 0x40, 0xfd,
  0xc0, 0x5d, 0x51, 0x52, 0x7a, 0x23, 0x23, 0x23, 0x23, 0x7a, 0x52, 0x51,
  0x5d, 0xfe, 0xf6, 0x35, 0x39, 0x39, 0x35, 0x35, 0x87, 0x4a, 0x01, 0x45,
  0xfe, 0xc3, 0x04, 0x35, 0x60, 0x26, 0x25, 0x28, 0x28, 0x25, 0x26, 0x60,
  0x35, 0x04, 0x04, 0x01, 0x39, 0xfe, 0xbb, 0x4a, 0x87, 0x35, 0x00, 0x00,
  0x00, 0x07, 0x00, 0x00, 0xff, 0xc0, 0x03, 0x80, 0x03, 0xc0, 0x00, 0x09,
  0x00, 0x0d, 0x00, 0x11, 0x00, 0x15, 0x00, 0x19, 0x00, 0x2d, 0x00, 0x31,
  0x00, 0x00, 0x13, 0x11, 0x14, 0x16, 0x33, 0x21, 0x32, 0x36, 0x35, 0x11,
  0x01, 0x23, 0x11, 0x33, 0x13, 0x23, 0x11, 0x33, 0x13, 0x23, 0x11, 0x33,
  0x13, 0x23, 0x11, 0x33, 0x13, 0x23, 0x35, 0x34, 0x26, 0x2b, 0x01, 0x22,
  0x06, 0x1d, 0x01, 0x23, 0x22, 0x06, 0x1d, 0x01, 0x21, 0x35, 0x34, 0x26,
  0x21, 0x23, 0x35, 0x33, 0x80, 0x26, 0x1a, 0x02, 0x40, 0x1a, 0x26, 0xfe,
  0x00, 0x40, 0x40, 0x80, 0x40, 0x40, 0x80, 0x40, 0x40, 0x80, 0x40, 0x40,
  0x90, 0xd0, 0x1c, 0x14, 0xe0, 0x14, 0x1c, 0xd0, 0x14, 0x1c, 0x03, 0x40,
  0x1c, 0xfe, 0xdc, 0xc0, 0xc0, 0x02, 0x80, 0xfd, 0x80, 0x1a, 0x26, 0x26,
  0x1a, 0x02, 0x80, 0xfd, 0xc0, 0x01, 0xc0, 0xfe, 0x40, 0x01, 0xc0, 0xfe,
  0x40, 0x01, 0xc0, 0xfe, 0x40, 0x01, 0xc0, 0x01, 0x40, 0x50, 0x14, 0x1c,
  0x1c, 0x14, 0x50, 0x1c, 0x14, 0x50, 0x50, 0x14, 0x1c, 0x3f, 0x00, 0x00,
  0x00, 0x03, 0x00, 0x00, 0xff, 0xc0, 0x03, 0xc0, 0x03, 0xc0, 0x00, 0x03,
  0x00, 0x0d, 0x00, 0x11, 0x00, 0x00, 0x17, 0x21, 0x13, 0x21, 0x25, 0x35,
  0x21, 0x15, 0x21, 0x15, 0x37, 0x21, 0x17, 0x35, 0x21, 0x23, 0x35, 0x33,
  0xc0, 0x02, 0x80, 0x40, 0xfd, 0x00, 0x02, 0x00, 0xff, 0x00, 0xfe, 0xc0,
  0x40, 0x03, 0x00, 0x40, 0xfe, 0x80, 0x80, 0x80, 0x40, 0x02, 0xc0, 0xc0,
  0x80, 0x80, 0xc0, 0x40, 0x40, 0xc0, 0x40, 0x00, 0x00, 0x03, 0x00, 0x00,
  0xff, 0xc0, 0x04, 0x00, 0x03, 0xc0, 0x00, 0x19, 0x00, 0x23, 0x00, 0x3b,
  0x00, 0x00, 0x01, 0x21, 0x35, 0x34, 0x26, 0x23, 0x21, 0x22, 0x06, 0x1d,
  0x01, 0x21, 0x22, 0x06, 0x15, 0x11, 0x14, 0x16, 0x33, 0x21, 0x32, 0x36,
  0x35, 0x11, 0x34, 0x26, 0x25, 0x38, 0x01, 0x31, 0x21, 0x38, 0x01, 0x31,
  0x15, 0x21, 0x01, 0x23, 0x15, 0x14, 0x06, 0x2b, 0x01, 0x22, 0x26, 0x3d,
  0x01, 0x21, 0x15, 0x14, 0x06, 0x2b, 0x01, 0x22, 0x26, 0x3d, 0x01, 0x23,
  0x35, 0x21, 0x03, 0xc0, 0xff, 0x00, 0x26, 0x1a, 0xff, 0x00, 0x1a, 0x26,
  0xff, 0x00, 0x1a, 0x26, 0x26, 0x1a, 0x03, 0x80, 0x1a, 0x26, 0x26, 0xfd,
  0xa6, 0x01, 0x00, 0xff, 0x00, 0x02, 0x40, 0x80, 0x13, 0x0d, 0x40, 0x0d,
  0x13, 0xfe, 0x80, 0x13, 0x0d, 0x40, 0x0d, 0x13, 0x80, 0x03, 0x80, 0x02,
  0xc0, 0x40, 0x1a, 0x26, 0x26, 0x1a, 0x40, 0x26, 0x1a, 0xfd, 0xc0, 0x1a,
  0x26, 0x26, 0x1a, 0x02, 0x40, 0x1a, 0x26, 0x40, 0x40, 0xff, 0x00, 0x60,
  0x0d, 0x13, 0x13, 0x0d, 0x60, 0x60, 0x0d, 0x13, 0x13, 0x0d, 0x60, 0x40,
  0x00, 0x01, 0x00, 0x00, 0xff, 0xc0, 0x04, 0x00, 0x03, 0xc0, 0x00, 0x16,
  0x00, 0x00, 0x01, 0x27, 0x01, 0x27, 0x05, 0x27, 0x2e, 0x01, 0x07, 0x06,
  0x16, 0x1f, 0x01, 0x03, 0x17, 0x01, 0x17, 0x11, 0x33, 0x3f, 0x01, 0x35,
  0x21, 0x03, 0x00, 0xb7, 0x01, 0xb7, 0x80, 0xfd, 0xdb, 0xac, 0x26, 0x5a,
  0x1b, 0x1a, 0x0f, 0x26, 0xac, 0xdb, 0x80, 0x01, 0x49, 0xb7, 0x80, 0x40,
  0xc0, 0xff, 0x00, 0x01, 0x40, 0xb7, 0x01, 0x49, 0x80, 0xdb, 0xac, 0x26,
  0x0f, 0x1a, 0x1b, 0x5a, 0x26, 0xac, 0xfd, 0xdb, 0x80, 0x01, 0xb7, 0xb7,
  0xff, 0x00, 0xc0, 0x40, 0x80, 0x00, 0x00, 0x00, 0x00, 0x02, 0x00, 0x00,
  0xff, 0xc0, 0x04, 0x00, 0x03, 0xc0, 0x00, 0x27, 0x00, 0x2b, 0x00, 0x00,
  0x01, 0x03, 0x23, 0x35, 0x34, 0x26, 0x23, 0x21, 0x22, 0x06, 0x15, 0x11,
  0x17, 0x33, 0x0e, 0x01, 0x15, 0x14, 0x16, 0x33, 0x32, 0x36, 0x35, 0x34,
  0x26, 0x27, 0x21, 0x0e, 0x01, 0x15, 0x14, 0x16, 0x33, 0x32, 0x36, 0x35,
  0x34, 0x26, 0x27, 0x33, 0x25, 0x35, 0x33, 0x17, 0x04, 0x00, 0x80, 0xc0,
  0x26, 0x1a, 0xfd, 0xc0, 0x1a, 0x26, 0x40, 0x51, 0x08, 0x09, 0x4b, 0x35,
  0x35, 0x4b, 0x09, 0x08, 0x01, 0x62, 0x08, 0x09, 0x4b, 0x35, 0x35, 0x4b,
  0x09, 0x08, 0x51, 0xfe, 0xc0, 0x85, 0x60, 0x01, 0x80, 0x01, 0x00, 0x80,
  0x1a, 0x26, 0x26, 0x1a, 0xfe, 0x00, 0x40, 0x0e, 0x21, 0x11, 0x35, 0x4b,
  0x4b, 0x35, 0x11, 0x21, 0x0e, 0x0e, 0x21, 0x11, 0x35, 0x4b, 0x4b, 0x35,
  0x11, 0x21, 0x0e, 0xc0, 0xc0, 0xc0, 0x00, 0x00, 0x00, 0x02, 0x00, 0x00,
  0xff, 0xc0, 0x04, 0x00, 0x03, 0xc0, 0x00, 0x0b, 0x00, 0x0f, 0x00, 0x00,
  0x05, 0x21, 0x01, 0x23, 0x13, 0x23, 0x13, 0x23, 0x01, 0x21, 0x13, 0x21,
  0x25, 0x13, 0x33, 0x13, 0x02, 0xc0, 0x01, 0x40, 0xff, 0x00, 0xc0, 0x20,
  0xc0, 0x20, 0xc0, 0xff, 0x00, 0x01, 0x40, 0x20, 0x01, 0x40, 0xfe, 0xd0,
  0x20, 0xe0, 0x20, 0x40, 0x04, 0x00, 0xff, 0x00, 0x01, 0x00, 0xfc, 0x00,
  0x01, 0x00, 0x80, 0x01, 0x00, 0xff, 0x00, 0x00, 0x00, 0x02, 0x00, 0x00,
  0xff, 0xc0, 0x03, 0xca, 0x03, 0xc0, 0x00, 0x0b, 0x00, 0x1b, 0x00, 0x00,
  0x01, 0x34, 0x36, 0x33, 0x32, 0x16, 0x15, 0x14, 0x06, 0x23, 0x22, 0x26,
  0x17, 0x25, 0x27, 0x05, 0x23, 0x25, 0x07, 0x05, 0x11, 0x03, 0x17, 0x13,
  0x33, 0x13, 0x37, 0x03, 0x01, 0xa0, 0x38, 0x28, 0x28, 0x38, 0x38, 0x28,
  0x28, 0x38, 0xe0, 0x01, 0x4a, 0x18, 0xfe, 0x6e, 0x40, 0xfe, 0x6e, 0x18,
  0x01, 0x4a, 0x83, 0x3c, 0xb9, 0x1c, 0xb9, 0x3c, 0x83, 0x03, 0x60, 0x28,
  0x38, 0x38, 0x28, 0x28, 0x38, 0x38, 0xb8, 0x8e, 0x3c, 0x8a, 0x8a, 0x3c,
  0x8e, 0xff, 0x00, 0xfe, 0x57, 0x16, 0x01, 0x9f, 0xfe, 0x61, 0x16, 0x01,
  0xa9, 0x00, 0x00, 0x00, 0x00, 0x06, 0x00, 0x00, 0xff, 0xc0, 0x04, 0x00,
  0x03, 0xc0, 0x00, 0x27, 0x00, 0x33, 0x00, 0x3f, 0x00, 0x4b, 0x00, 0x58,
  0x00, 0x65, 0x00, 0x00, 0x01, 0x23, 0x26, 0x27, 0x2e, 0x01, 0x27, 0x26,
  0x27, 0x35, 0x23, 0x15, 0x06, 0x07, 0x0e, 0x01, 0x07, 0x06, 0x07, 0x23,
  0x15, 0x33, 0x16, 0x17, 0x1e, 0x01, 0x17, 0x16, 0x17, 0x15, 0x33, 0x35,
  0x36, 0x37, 0x3e, 0x01, 0x37, 0x36, 0x37, 0x33, 0x27, 0x23, 0x2e, 0x01,
  0x27, 0x35, 0x16, 0x17, 0x1e, 0x01, 0x17, 0x16, 0x05, 0x22, 0x26, 0x35,
  0x34, 0x36, 0x33, 0x32, 0x16, 0x15, 0x14, 0x06, 0x03, 0x15, 0x0e, 0x01,
  0x07, 0x23, 0x36, 0x37, 0x3e, 0x01, 0x37, 0x36, 0x03, 0x33, 0x1e, 0x01,
  0x17, 0x15, 0x26, 0x27, 0x2e, 0x01, 0x27, 0x26, 0x27, 0x05, 0x35, 0x3e,
  0x01, 0x37, 0x33, 0x06, 0x07, 0x0e, 0x01, 0x07, 0x06, 0x07, 0x04, 0x00,
  0x65, 0x0a, 0x1f, 0x1e, 0x5c, 0x3a, 0x3b, 0x43, 0x80, 0x43, 0x3b, 0x3a,
  0x5c, 0x1e, 0x1f, 0x0a, 0x65, 0x65, 0x0a, 0x1f, 0x1e, 0x5c, 0x3a, 0x3b,
  0x43, 0x80, 0x43, 0x3b, 0x3a, 0x5c, 0x1e, 0x1f, 0x0a, 0x65, 0xe7, 0x64,
  0x0e, 0x3e, 0x29, 0x28, 0x24, 0x23, 0x39, 0x14, 0x14, 0xfe, 0xf0, 0x1b,
  0x25, 0x25, 0x1b, 0x1b, 0x25, 0x25, 0x5b, 0x29, 0x3e, 0x0e, 0x64, 0x09,
  0x14, 0x14, 0x39, 0x23, 0x24, 0xb1, 0x64, 0x0e, 0x3e, 0x29, 0x28, 0x24,
  0x23, 0x39, 0x14, 0x14, 0x09, 0x01, 0x59, 0x29, 0x3e, 0x0e, 0x64, 0x09,
  0x14, 0x14, 0x39, 0x23, 0x24, 0x28, 0x02, 0x00, 0x43, 0x3b, 0x3a, 0x5c,
  0x1e, 0x1f, 0x0a, 0x65, 0x65, 0x0a, 0x1f, 0x1e, 0x5c, 0x3a, 0x3b, 0x43,
  0x80, 0x43, 0x3b, 0x3a, 0x5c, 0x1e, 0x1f, 0x0a, 0x65, 0x65, 0x0a, 0x1f,
  0x1e, 0x5c, 0x3a, 0x3b, 0x43, 0x80, 0x29, 0x3e, 0x0e, 0x64, 0x09, 0x14,
  0x14, 0x39, 0x23, 0x24, 0xa8, 0x25, 0x1b, 0x1b, 0x25, 0x25, 0x1b, 0x1b,
  0x25, 0x01, 0x59, 0x64, 0x0e, 0x3e, 0x29, 0x28, 0x24, 0x23, 0x39, 0x14,
  0x14, 0xfe, 0xb0, 0x29, 0x3e, 0x0e, 0x64, 0x09, 0x14, 0x14, 0x39, 0x23,
  0x24, 0x28, 0xd9, 0x64, 0x0e, 0x3e, 0x29, 0x28, 0x24, 0x23, 0x39, 0x14,
  0x14, 0x09, 0x00, 0x00, 0x00, 0x02, 0x00, 0x00, 0xff, 0xc0, 0x03, 0xc0,
  0x03, 0xc0, 0x00, 0x09, 0x00, 0x1a, 0x00, 0x00, 0x01, 0x05, 0x25, 0x30,
  0x06, 0x17, 0x05, 0x25, 0x36, 0x26, 0x05, 0x16, 0x17, 0x1e, 0x01, 0x17,
  0x16, 0x17, 0x36, 0x37, 0x3e, 0x01, 0x37, 0x36, 0x37, 0x05, 0x25, 0x03,
  0xc0, 0xfe, 0x40, 0xfe, 0x40, 0x03, 0x03, 0x01, 0xc0, 0x01, 0xc0, 0x03,
  0x03, 0xfc, 0x88, 0x09, 0x18, 0x18, 0x63, 0x51, 0x51, 0x7a, 0x7a, 0x51,
  0x51, 0x63, 0x18, 0x18, 0x09, 0xfe, 0x48, 0xfe, 0x48, 0x03, 0xc0, 0x80,
  0x80, 0x47, 0x39, 0x8c, 0x8c, 0x39, 0x47, 0xc3, 0x5e, 0x77, 0x78, 0xea,
  0x66, 0x65, 0x3b, 0x3b, 0x65, 0x66, 0xea, 0x78, 0x77, 0x5e, 0xa5, 0xa5,
  0x00, 0x01, 0x00, 0x00, 0xff, 0xc0, 0x04, 0x00, 0x03, 0xc0, 0x00, 0x06,
  0x00, 0x00, 0x09, 0x01, 0x21, 0x09, 0x01, 0x21, 0x01, 0x01, 0x80, 0xfe,
  0x80, 0x01, 0x80, 0xff, 0x00, 0x03, 0x80, 0xfe, 0x00, 0x01, 0x80, 0x03,
  0xc0, 0xfe, 0x00, 0xfe, 0x00, 0x02, 0x80, 0x01, 0x80, 0x00, 0x00, 0x00,
  0x00, 0x02, 0x00, 0x00, 0xff, 0xc0, 0x03, 0xc0, 0x03, 0xc0, 0x00, 0x35,
  0x00, 0x39, 0x00, 0x00, 0x01, 0x15, 0x1e, 0x01, 0x17, 0x1e, 0x01, 0x15,
  0x14, 0x06, 0x07, 0x0e, 0x01, 0x23, 0x22, 0x26, 0x27, 0x2e, 0x01, 0x35,
  0x34, 0x36, 0x37, 0x3e, 0x01, 0x37, 0x35, 0x06, 0x07, 0x0e, 0x01, 0x07,
  0x06, 0x15, 0x14, 0x17, 0x1e, 0x01, 0x17, 0x16, 0x33, 0x32, 0x37, 0x3e,
  0x01, 0x37, 0x36, 0x35, 0x34, 0x27, 0x2e, 0x01, 0x27, 0x26, 0x25, 0x33,
  0x11, 0x23, 0x02, 0x80, 0x1b, 0x32, 0x15, 0x2e, 0x30, 0x30, 0x2e, 0x2d,
  0x75, 0x40, 0x40, 0x75, 0x2d, 0x2e, 0x30, 0x30, 0x2e, 0x15, 0x32, 0x1b,
  0x45, 0x3b, 0x3b, 0x55, 0x18, 0x18, 0x23, 0x23, 0x7a, 0x52, 0x51, 0x5d,
  0x5d, 0x51, 0x52, 0x7a, 0x23, 0x23, 0x18, 0x18, 0x55, 0x3b, 0x3b, 0xfe,
  0xfb, 0x80, 0x80, 0x03, 0x2d, 0x88, 0x0b, 0x22, 0x16, 0x2d, 0x75, 0x40,
  0x40, 0x75, 0x2d, 0x2e, 0x30, 0x30, 0x2e, 0x2d, 0x75, 0x40, 0x40, 0x75,
  0x2d, 0x16, 0x22, 0x0b, 0x88, 0x14, 0x29, 0x2a, 0x70, 0x45, 0x45, 0x4c,
  0x5d, 0x51, 0x52, 0x7a, 0x23, 0x23, 0x23, 0x23, 0x7a, 0x52, 0x51, 0x5d,
  0x4c, 0x45, 0x45, 0x70, 0x2a, 0x29, 0xa7, 0xfe, 0x00, 0x00, 0x00, 0x00,
  0x00, 0x02, 0x00, 0x00, 0xff, 0xc0, 0x04, 0x00, 0x03, 0xc0, 0x00, 0x0b,
  0x00, 0x23, 0x00, 0x00, 0x01, 0x27, 0x07, 0x27, 0x37, 0x27, 0x07, 0x27,
  0x07, 0x01, 0x37, 0x27, 0x07, 0x01, 0x06, 0x07, 0x0e, 0x01, 0x07, 0x06,
  0x17, 0x07, 0x06, 0x14, 0x1f, 0x01, 0x16, 0x32, 0x3f, 0x01, 0x16, 0x37,
  0x3e, 0x01, 0x37, 0x36, 0x04, 0x00, 0x5b, 0xb2, 0x66, 0xb3, 0x5b, 0xb2,
  0x73, 0x57, 0x02, 0x00, 0x57, 0x73, 0x33, 0xfe, 0x44, 0x24, 0x23, 0x23,
  0x2d, 0x03, 0x03, 0x1c, 0x84, 0x18, 0x18, 0x0e, 0x18, 0x42, 0x18, 0x84,
  0x39, 0x3d, 0x3c, 0x75, 0x35, 0x36, 0x02, 0xa5, 0x5b, 0xb3, 0x66, 0xb2,
  0x5b, 0xb3, 0x73, 0x57, 0xfe, 0x00, 0x57, 0x73, 0xd5, 0x01, 0xbc, 0x2b,
  0x36, 0x35, 0x75, 0x3c, 0x3d, 0x39, 0x84, 0x18, 0x42, 0x18, 0x0e, 0x18,
  0x18, 0x84, 0x1c, 0x03, 0x03, 0x2d, 0x23, 0x23, 0x00, 0x04, 0x00, 0x00,
  0xff, 0xc0, 0x03, 0xc0, 0x03, 0xc0, 0x00, 0x16, 0x00, 0x22, 0x00, 0x30,
  0x00, 0x36, 0x00, 0x00, 0x01, 0x21, 0x34, 0x26, 0x23, 0x22, 0x06, 0x15,
  0x21, 0x22, 0x06, 0x15, 0x11, 0x14, 0x16, 0x33, 0x21, 0x32, 0x36, 0x35,
  0x11, 0x34, 0x26, 0x25, 0x32, 0x16, 0x15, 0x14, 0x06, 0x23, 0x22, 0x26,
  0x35, 0x34, 0x36, 0x01, 0x21, 0x11, 0x33, 0x15, 0x14, 0x16, 0x33, 0x21,
  0x32, 0x36, 0x3d, 0x01, 0x33, 0x01, 0x27, 0x37, 0x17, 0x25, 0x17, 0x03,
  0xa0, 0xfe, 0xe0, 0x4b, 0x35, 0x35, 0x4b, 0xfe, 0xe0, 0x0d, 0x13, 0x13,
  0x0d, 0x03, 0x40, 0x0d, 0x13, 0x13, 0xfe, 0x53, 0x1b, 0x25, 0x25, 0x1b,
  0x1b, 0x25, 0x25, 0x01, 0x9b, 0xfd, 0x00, 0x80, 0x13, 0x0d, 0x01, 0xc0,
  0x0d, 0x13, 0x80, 0xfe, 0x40, 0xcd, 0x3a, 0x93, 0x01, 0x13, 0x3a, 0x03,
  0x40, 0x35, 0x4b, 0x4b, 0x35, 0x13, 0x0d, 0xfc, 0xc0, 0x0d, 0x13, 0x13,
  0x0d, 0x03, 0x40, 0x0d, 0x13, 0x40, 0x25, 0x1b, 0x1b, 0x25, 0x25, 0x1b,
  0x1b, 0x25, 0xfc, 0x80, 0x03, 0x00, 0x60, 0x0d, 0x13, 0x13, 0x0d, 0x60,
  0xfd, 0x65, 0xee, 0x3a, 0x72, 0xf2, 0x3a, 0x00, 0x00, 0x06, 0x00, 0x00,
  0xff, 0xc0, 0x04, 0x00, 0x03, 0xc0, 0x00, 0x03, 0x00, 0x07, 0x00, 0x0b,
  0x00, 0x11, 0x00, 0x1d, 0x00, 0x29, 0x00, 0x00, 0x25, 0x21, 0x15, 0x21,
  0x11, 0x21, 0x15, 0x21, 0x11, 0x21, 0x15, 0x21, 0x27, 0x11, 0x23, 0x35,
  0x23, 0x35, 0x13, 0x15, 0x33, 0x15, 0x23, 0x35, 0x37, 0x35, 0x23, 0x35,
  0x33, 0x15, 0x15, 0x11, 0x23, 0x35, 0x33, 0x35, 0x23, 0x35, 0x33, 0x35,
  0x23, 0x35, 0x01, 0x80, 0x02, 0x80, 0xfd, 0x80, 0x02, 0x80, 0xfd, 0x80,
  0x02, 0x80, 0xfd, 0x80, 0xc0, 0x40, 0x40, 0x40, 0x80, 0xc0, 0x80, 0x80,
  0xc0, 0xc0, 0x80, 0x80, 0x80, 0x80, 0x80, 0x80, 0x02, 0x00, 0x80, 0x02,
  0x00, 0x80, 0xc0, 0xff, 0x00, 0xc0, 0x40, 0xfd, 0xf2, 0x32, 0x40, 0x92,
  0x3c, 0x32, 0x40, 0x92, 0xee, 0xfe, 0xc0, 0x40, 0x40, 0x40, 0x40, 0x40,
  0x00, 0x06, 0x00, 0x00, 0xff, 0xc0, 0x04, 0x00, 0x03, 0xc0, 0x00, 0x03,
  0x00, 0x07, 0x00, 0x0b, 0x00, 0x0f, 0x00, 0x13, 0x00, 0x17, 0x00, 0x00,
  0x13, 0x21, 0x11, 0x21, 0x25, 0x21, 0x15, 0x21, 0x05, 0x21, 0x11, 0x21,
  0x25, 0x21, 0x15, 0x21, 0x05, 0x21, 0x11, 0x21, 0x25, 0x21, 0x15, 0x21,
  0x00, 0x01, 0x00, 0xff, 0x00, 0x01, 0x80, 0x02, 0x80, 0xfd, 0x80, 0xfe,
  0x80, 0x01, 0x00, 0xff, 0x00, 0x01, 0x80, 0x02, 0x80, 0xfd, 0x80, 0xfe,
  0x80, 0x01, 0x00, 0xff, 0x00, 0x01, 0x80, 0x02, 0x80, 0xfd, 0x80, 0x03,
  0xc0, 0xff, 0x00, 0xc0, 0x80, 0xc0, 0xff, 0x00, 0xc0, 0x80, 0xc0, 0xff,
  0x00, 0xc0, 0x80, 0x00, 0x00, 0x06, 0x00, 0x00, 0xff, 0xc0, 0x04, 0x00,
  0x03, 0xc0, 0x00, 0x03, 0x00, 0x07, 0x00, 0x0b, 0x00, 0x17, 0x00, 0x23,
  0x00, 0x2f, 0x00, 0x00, 0x01, 0x21, 0x15, 0x21, 0x11, 0x21, 0x15, 0x21,
  0x11, 0x21, 0x15, 0x21, 0x01, 0x34, 0x36, 0x33, 0x32, 0x16, 0x15, 0x14,
  0x06, 0x23, 0x22, 0x26, 0x11, 0x34, 0x36, 0x33, 0x32, 0x16, 0x15, 0x14,
  0x06, 0x23, 0x22, 0x26, 0x11, 0x34, 0x36, 0x33, 0x32, 0x16, 0x15, 0x14,
  0x06, 0x23, 0x22, 0x26, 0x01, 0x80, 0x02, 0x80, 0xfd, 0x80, 0x02, 0x80,
  0xfd, 0x80, 0x02, 0x80, 0xfd, 0x80, 0xfe, 0x80, 0x4b, 0x35, 0x35, 0x4b,
  0x4b, 0x35, 0x35, 0x4b, 0x4b, 0x35, 0x35, 0x4b, 0x4b, 0x35, 0x35, 0x4b,
  0x4b, 0x35, 0x35, 0x4b, 0x4b, 0x35, 0x35, 0x4b, 0x03, 0x80, 0x80, 0xff,
  0x00, 0x80, 0xff, 0x00, 0x80, 0x03, 0x40, 0x35, 0x4b, 0x4b, 0x35, 0x35,
  0x4b, 0x4b, 0xfe, 0xb5, 0x35, 0x4b, 0x4b, 0x35, 0x35, 0x4b, 0x4b, 0xfe,
  0xb5, 0x35, 0x4b, 0x4b, 0x35, 0x35, 0x4b, 0x4b, 0x00, 0x05, 0x00, 0x00,
  0xff, 0xc0, 0x04, 0x00, 0x03, 0xc0, 0x00, 0x55, 0x00, 0x59, 0x00, 0x5d,
  0x00, 0x61, 0x00, 0x65, 0x00, 0x00, 0x25, 0x23, 0x35, 0x34, 0x26, 0x23,
  0x21, 0x35, 0x33, 0x32, 0x36, 0x3d, 0x01, 0x34, 0x26, 0x2b, 0x01, 0x22,
  0x06, 0x1d, 0x01, 0x14, 0x16, 0x3b, 0x01, 0x15, 0x21, 0x22, 0x06, 0x1d,
  0x01, 0x23, 0x22, 0x06, 0x1d, 0x01, 0x14, 0x16, 0x3b, 0x01, 0x32, 0x36,
  0x3d, 0x01, 0x34, 0x26, 0x2b, 0x01, 0x35, 0x21, 0x15, 0x23, 0x22, 0x06,
  0x1d, 0x01, 0x14, 0x16, 0x3b, 0x01, 0x32, 0x36, 0x3d, 0x01, 0x34, 0x26,
  0x2b, 0x01, 0x35, 0x21, 0x15, 0x23, 0x22, 0x06, 0x1d, 0x01, 0x14, 0x16,
  0x3b, 0x01, 0x32, 0x36, 0x3d, 0x01, 0x34, 0x26, 0x05, 0x23, 0x35, 0x33,
  0x05, 0x23, 0x35, 0x33, 0x03, 0x35, 0x33, 0x15, 0x01, 0x23, 0x35, 0x33,
  0x03, 0xd0, 0x10, 0x42, 0x2e, 0xfe, 0xf0, 0x10, 0x14, 0x1c, 0x1c, 0x14,
  0xa0, 0x14, 0x1c, 0x1c, 0x14, 0x10, 0xfe, 0xf0, 0x2e, 0x42, 0x10, 0x14,
  0x1c, 0x1c, 0x14, 0xa0, 0x14, 0x1c, 0x1c, 0x14, 0x10, 0x01, 0x00, 0x10,
  0x14, 0x1c, 0x1c, 0x14, 0xa0, 0x14, 0x1c, 0x1c, 0x14, 0x10, 0x01, 0x00,
  0x10, 0x14, 0x1c, 0x1c, 0x14, 0xa0, 0x14, 0x1c, 0x1c, 0xfc, 0xdc, 0x80,
  0x80, 0x01, 0x80, 0x80, 0x80, 0x80, 0x80, 0x01, 0x80, 0x80, 0x80, 0xc0,
  0xd0, 0x2e, 0x42, 0x80, 0x1c, 0x14, 0xa0, 0x14, 0x1c, 0x1c, 0x14, 0xa0,
  0x14, 0x1c, 0x80, 0x42, 0x2e, 0xd0, 0x1c, 0x14, 0xa0, 0x14, 0x1c, 0x1c,
  0x14, 0xa0, 0x14, 0x1c, 0xc0, 0xc0, 0x1c, 0x14, 0xa0, 0x14, 0x1c, 0x1c,
  0x14, 0xa0, 0x14, 0x1c, 0xc0, 0xc0, 0x1c, 0x14, 0xa0, 0x14, 0x1c, 0x1c,
  0x14, 0xa0, 0x14, 0x1c, 0xc0, 0x80, 0x80, 0x80, 0x02, 0x40, 0x80, 0x80,
  0xfd, 0x40, 0x80, 0x00, 0x00, 0x03, 0x00, 0x00, 0xff, 0xc0, 0x03, 0xc0,
  0x03, 0xc0, 0x00, 0x03, 0x00, 0x07, 0x00, 0x0b, 0x00, 0x00, 0x13, 0x21,
  0x15, 0x21, 0x15, 0x21, 0x15, 0x21, 0x15, 0x21, 0x15, 0x21, 0x40, 0x03,
  0x80, 0xfc, 0x80, 0x03, 0x80, 0xfc, 0x80, 0x03, 0x80, 0xfc, 0x80, 0x03,
  0x00, 0xc0, 0x40, 0xc0, 0x40, 0xc0, 0x00, 0x00, 0x00, 0x05, 0x00, 0x00,
  0xff, 0xc0, 0x05, 0x60, 0x03, 0xc0, 0x00, 0x03, 0x00, 0x07, 0x00, 0x0b,
  0x00, 0x0e, 0x00, 0x11, 0x00, 0x00, 0x13, 0x21, 0x15, 0x21, 0x15, 0x21,
  0x15, 0x21, 0x15, 0x21, 0x15, 0x21, 0x01, 0x17, 0x37, 0x35, 0x27, 0x07,
  0x00, 0x03, 0x80, 0xfc, 0x80, 0x03, 0x80, 0xfc, 0x80, 0x03, 0x80, 0xfc,
  0x80, 0x03, 0xe0, 0xc0, 0xc0, 0xc0, 0xc0, 0x03, 0x00, 0xc0, 0x40, 0xc0,
  0x40, 0xc0, 0x01, 0x40, 0xc0, 0xc0, 0x40, 0xc0, 0xc0, 0x00, 0x00, 0x00,
  0x00, 0x04, 0x00, 0x00, 0xff, 0xc0, 0x05, 0x60, 0x03, 0xc0, 0x00, 0x03,
  0x00, 0x07, 0x00, 0x0b, 0x00, 0x0e, 0x00, 0x00, 0x13, 0x21, 0x15, 0x21,
  0x15, 0x21, 0x15, 0x21, 0x15, 0x21, 0x15, 0x21, 0x01, 0x17, 0x37, 0x00,
  0x03, 0x80, 0xfc, 0x80, 0x03, 0x80, 0xfc, 0x80, 0x03, 0x80, 0xfc, 0x80,
  0x03, 0xe0, 0xc0, 0xc0, 0x03, 0x00, 0xc0, 0x40, 0xc0, 0x40, 0xc0, 0x01,
  0xc0, 0xc0, 0xc0, 0x00, 0x00, 0x04, 0x00, 0x00, 0xff, 0xc0, 0x05, 0x60,
  0x03, 0xc0, 0x00, 0x03, 0x00, 0x07, 0x00, 0x0b, 0x00, 0x0e, 0x00, 0x00,
  0x13, 0x21, 0x15, 0x21, 0x15, 0x21, 0x15, 0x21, 0x15, 0x21, 0x15, 0x21,
  0x01, 0x37, 0x17, 0x00, 0x03, 0x80, 0xfc, 0x80, 0x03, 0x80, 0xfc, 0x80,
  0x03, 0x80, 0xfc, 0x80, 0x03, 0xe0, 0xc0, 0xc0, 0x03, 0x00, 0xc0, 0x40,
  0xc0, 0x40, 0xc0, 0x01, 0x00, 0xc0, 0xc0, 0x00, 0x00, 0x01, 0x00, 0x00,
  0xff, 0xc0, 0x04, 0x00, 0x03, 0xc0, 0x00, 0x2a, 0x00, 0x00, 0x01, 0x34,
  0x26, 0x27, 0x26, 0x27, 0x2e, 0x01, 0x27, 0x26, 0x23, 0x22, 0x06, 0x07,
  0x2e, 0x01, 0x23, 0x22, 0x06, 0x15, 0x14, 0x16, 0x15, 0x2e, 0x01, 0x23,
  0x22, 0x07, 0x0e, 0x01, 0x07, 0x06, 0x15, 0x14, 0x17, 0x1e, 0x01, 0x17,
  0x16, 0x33, 0x21, 0x32, 0x36, 0x04, 0x00, 0x4c, 0x39, 0x01, 0x13, 0x13,
  0x41, 0x2b, 0x2a, 0x31, 0x39, 0x61, 0x21, 0x12, 0x37, 0x20, 0x38, 0x4e,
  0x01, 0x08, 0x11, 0x09, 0x28, 0x24, 0x23, 0x35, 0x0f, 0x0f, 0x0f, 0x0f,
  0x35, 0x23, 0x24, 0x28, 0x02, 0x90, 0x48, 0x66, 0x01, 0x2e, 0x3e, 0x5e,
  0x0e, 0x30, 0x2a, 0x2b, 0x3f, 0x12, 0x12, 0x31, 0x2a, 0x18, 0x1c, 0x4e,
  0x37, 0x05, 0x0a, 0x04, 0x01, 0x02, 0x10, 0x0f, 0x34, 0x24, 0x23, 0x28,
  0x28, 0x24, 0x23, 0x35, 0x0f, 0x0f, 0x66, 0x00, 0x00, 0x02, 0x00, 0x00,
  0xff, 0xc0, 0x04, 0x00, 0x03, 0xc0, 0x00, 0x2e, 0x00, 0x35, 0x00, 0x00,
  0x01, 0x26, 0x27, 0x2e, 0x01, 0x27, 0x26, 0x23, 0x22, 0x06, 0x07, 0x2e,
  0x01, 0x23, 0x22, 0x06, 0x15, 0x14, 0x16, 0x15, 0x2e, 0x01, 0x23, 0x22,
  0x07, 0x0e, 0x01, 0x07, 0x06, 0x15, 0x14, 0x17, 0x1e, 0x01, 0x17, 0x16,
  0x3b, 0x01, 0x17, 0x37, 0x33, 0x32, 0x36, 0x35, 0x34, 0x26, 0x27, 0x01,
  0x27, 0x33, 0x35, 0x33, 0x15, 0x33, 0x03, 0x7b, 0x01, 0x13, 0x13, 0x41,
  0x2b, 0x2a, 0x31, 0x39, 0x61, 0x21, 0x12, 0x37, 0x20, 0x38, 0x4e, 0x01,
  0x08, 0x11, 0x09, 0x28, 0x24, 0x23, 0x35, 0x0f, 0x0f, 0x0f, 0x0f, 0x35,
  0x23, 0x24, 0x28, 0x5b, 0xe3, 0xe3, 0x6f, 0x48, 0x66, 0x4c, 0x39, 0xfe,
  0x85, 0xc0, 0x80, 0x80, 0x80, 0x02, 0x58, 0x30, 0x2a, 0x2b, 0x3f, 0x12,
  0x12, 0x31, 0x2a, 0x18, 0x1c, 0x4e, 0x37, 0x05, 0x0a, 0x04, 0x01, 0x02,
  0x10, 0x0f, 0x34, 0x24, 0x23, 0x28, 0x28, 0x24, 0x23, 0x35, 0x0f, 0x0f,
  0xeb, 0xeb, 0x66, 0x48, 0x3e, 0x5e, 0x0e, 0xfe, 0x28, 0xc0, 0xc0, 0xc0,
  0x00, 0x02, 0x00, 0x00, 0xff, 0xc0, 0x04, 0x00, 0x03, 0xc0, 0x00, 0x2a,
  0x00, 0x31, 0x00, 0x00, 0x01, 0x3e, 0x01, 0x35, 0x34, 0x26, 0x23, 0x22,
  0x06, 0x07, 0x2e, 0x01, 0x23, 0x22, 0x06, 0x07, 0x2e, 0x01, 0x23, 0x22,
  0x07, 0x0e, 0x01, 0x07, 0x06, 0x15, 0x14, 0x17, 0x1e, 0x01, 0x17, 0x16,
  0x3b, 0x01, 0x15, 0x21, 0x35, 0x33, 0x32, 0x36, 0x35, 0x34, 0x26, 0x05,
  0x15, 0x23, 0x35, 0x23, 0x37, 0x17, 0x03, 0x7c, 0x02, 0x02, 0x5e, 0x42,
  0x0b, 0x14, 0x0a, 0x13, 0x64, 0x40, 0x42, 0x65, 0x11, 0x11, 0x24, 0x13,
  0x35, 0x2f, 0x2e, 0x46, 0x14, 0x14, 0x14, 0x14, 0x46, 0x2e, 0x2f, 0x35,
  0x80, 0x01, 0x00, 0xe0, 0x42, 0x5e, 0x4c, 0xfe, 0x8c, 0x80, 0xa0, 0xe0,
  0xe0, 0x02, 0x3e, 0x08, 0x11, 0x09, 0x42, 0x5e, 0x03, 0x02, 0x3a, 0x4b,
  0x4e, 0x3c, 0x05, 0x05, 0x14, 0x14, 0x46, 0x2e, 0x2f, 0x35, 0x35, 0x2f,
  0x2e, 0x46, 0x14, 0x14, 0xc0, 0xc0, 0x5e, 0x42, 0x3b, 0x58, 0xf3, 0xc0,
  0xc0, 0xe0, 0xe0, 0x00, 0x00, 0x02, 0x00, 0x00, 0xff, 0xc0, 0x04, 0x00,
  0x03, 0xc0, 0x00, 0x26, 0x00, 0x2c, 0x00, 0x00, 0x01, 0x3e, 0x01, 0x35,
  0x34, 0x26, 0x23, 0x22, 0x06, 0x07, 0x2e, 0x01, 0x23, 0x22, 0x06, 0x07,
  0x2e, 0x01, 0x23, 0x22, 0x07, 0x0e, 0x01, 0x07, 0x06, 0x15, 0x14, 0x17,
  0x1e, 0x01, 0x17, 0x16, 0x33, 0x21, 0x32, 0x36, 0x35, 0x34, 0x26, 0x05,
  0x27, 0x37, 0x17, 0x37, 0x17, 0x03, 0x7c, 0x02, 0x02, 0x5e, 0x42, 0x0b,
  0x14, 0x0a, 0x13, 0x64, 0x40, 0x42, 0x65, 0x11, 0x11, 0x24, 0x13, 0x35,
  0x2f, 0x2e, 0x46, 0x14, 0x14, 0x14, 0x14, 0x46, 0x2e, 0x2f, 0x35, 0x02,
  0x60, 0x42, 0x5e, 0x4c, 0xfd, 0xec, 0xa0, 0x40, 0x60, 0xe0, 0x40, 0x01,
  0xbe, 0x08, 0x11, 0x09, 0x42, 0x5e, 0x03, 0x02, 0x3a, 0x4b, 0x4e, 0x3c,
  0x05, 0x05, 0x14, 0x14, 0x46, 0x2e, 0x2f, 0x35, 0x35, 0x2f, 0x2e, 0x46,
  0x14, 0x14, 0x5e, 0x42, 0x3b, 0x58, 0xf3, 0xa0, 0x40, 0x60, 0xe0, 0x40,
  0x00, 0x03, 0x00, 0x00, 0xff, 0xc0, 0x04, 0x00, 0x03, 0xc0, 0x00, 0x08,
  0x00, 0x0c, 0x00, 0x13, 0x00, 0x00, 0x01, 0x23, 0x07, 0x27, 0x23, 0x03,
  0x15, 0x21, 0x35, 0x05, 0x21, 0x15, 0x21, 0x01, 0x11, 0x23, 0x11, 0x23,
  0x09, 0x01, 0x03, 0x80, 0xa0, 0xe0, 0xe0, 0xa0, 0x80, 0x04, 0x00, 0xfc,
  0x00, 0x04, 0x00, 0xfc, 0x00, 0x02, 0x40, 0x80, 0xe0, 0x01, 0x20, 0x01,
  0x20, 0x01, 0xc0, 0xe0, 0xe0, 0xff, 0x00, 0x40, 0x40, 0x80, 0x40, 0x02,
  0x80, 0x01, 0x00, 0xff, 0x00, 0xfe, 0xe0, 0x01, 0x20, 0x00, 0x00, 0x00,
  0x00, 0x03, 0x00, 0x00, 0xff, 0xc0, 0x04, 0x00, 0x03, 0xc0, 0x00, 0x03,
  0x00, 0x0d, 0x00, 0x14, 0x00, 0x00, 0x37, 0x21, 0x15, 0x21, 0x25, 0x15,
  0x21, 0x35, 0x13, 0x21, 0x15, 0x21, 0x35, 0x21, 0x25, 0x09, 0x01, 0x23,
  0x11, 0x23, 0x11, 0x00, 0x04, 0x00, 0xfc, 0x00, 0x04, 0x00, 0xfc, 0x00,
  0x80, 0x01, 0x00, 0x01, 0x00, 0x01, 0x00, 0xfd, 0x60, 0x01, 0x20, 0x01,
  0x20, 0xe0, 0x80, 0x40, 0x40, 0xc0, 0x40, 0x40, 0x01, 0x00, 0x80, 0x80,
  0xc0, 0x01, 0x20, 0xfe, 0xe0, 0xff, 0x00, 0x01, 0x00, 0x00, 0x00, 0x00,
  0x00, 0x03, 0x00, 0x00, 0xff, 0xc0, 0x03, 0xc0, 0x03, 0xc0, 0x00, 0x06,
  0x00, 0x0b, 0x00, 0x0f, 0x00, 0x00, 0x09, 0x02, 0x33, 0x11, 0x33, 0x11,
  0x03, 0x21, 0x11, 0x21, 0x11, 0x07, 0x23, 0x35, 0x33, 0x02, 0xe0, 0xff,
  0x00, 0xff, 0x00, 0xa0, 0xc0, 0x60, 0xfe, 0x20, 0x03, 0xc0, 0x40, 0x80,
  0x80, 0x02, 0x00, 0xff, 0x00, 0x01, 0x00, 0x01, 0x80, 0xfe, 0x80, 0xff,
  0x00, 0xff, 0x00, 0x01, 0x00, 0x80, 0x40, 0x00, 0x00, 0x03, 0x00, 0x00,
  0xff, 0xc0, 0x03, 0xc0, 0x03, 0xc0, 0x00, 0x04, 0x00, 0x08, 0x00, 0x0f,
  0x00, 0x00, 0x01, 0x21, 0x11, 0x21, 0x11, 0x07, 0x23, 0x35, 0x33, 0x09,
  0x02, 0x23, 0x11, 0x23, 0x11, 0x01, 0xe0, 0xfe, 0x20, 0x03, 0xc0, 0x40,
  0x80, 0x80, 0xfd, 0x60, 0x01, 0x00, 0x01, 0x00, 0xa0, 0xc0, 0x01, 0x00,
  0xff, 0x00, 0x01, 0x00, 0x80, 0x40, 0x01, 0xc0, 0x01, 0x00, 0xff, 0x00,
  0xfe, 0xc0, 0x01, 0x40, 0x00, 0x11, 0x00, 0x00, 0xff, 0xc0, 0x03, 0xc0,
  0x03, 0xc0, 0x00, 0x1b, 0x00, 0x24, 0x00, 0x2d, 0x00, 0x34, 0x00, 0x40,
  0x00, 0x4c, 0x00, 0x53, 0x00, 0x5b, 0x00, 0x61, 0x00, 0x6c, 0x00, 0x77,
  0x00, 0x7d, 0x00, 0x86, 0x00, 0x91, 0x00, 0x9b, 0x00, 0xa5, 0x00, 0xb0,
  0x00, 0x00, 0x01, 0x22, 0x07, 0x0e, 0x01, 0x07, 0x06, 0x15, 0x14, 0x17,
  0x1e, 0x01, 0x17, 0x16, 0x33, 0x32, 0x37, 0x3e, 0x01, 0x37, 0x36, 0x35,
  0x34, 0x27, 0x2e, 0x01, 0x27, 0x26, 0x13, 0x3e, 0x01, 0x37, 0x33, 0x0e,
  0x01, 0x07, 0x23, 0x01, 0x0e, 0x01, 0x07, 0x23, 0x3e, 0x01, 0x37, 0x33,
  0x21, 0x1e, 0x01, 0x17, 0x23, 0x35, 0x33, 0x27, 0x35, 0x1e, 0x01, 0x17,
  0x1e, 0x01, 0x17, 0x1e, 0x01, 0x17, 0x23, 0x27, 0x3e, 0x01, 0x37, 0x3e,
  0x01, 0x37, 0x15, 0x23, 0x3e, 0x01, 0x37, 0x17, 0x15, 0x23, 0x3e, 0x01,
  0x37, 0x33, 0x01, 0x2e, 0x01, 0x27, 0x33, 0x1e, 0x01, 0x17, 0x37, 0x33,
  0x15, 0x23, 0x2e, 0x01, 0x17, 0x15, 0x2e, 0x01, 0x27, 0x2e, 0x01, 0x27,
  0x2e, 0x01, 0x27, 0x05, 0x0e, 0x01, 0x07, 0x0e, 0x01, 0x07, 0x35, 0x33,
  0x0e, 0x01, 0x27, 0x35, 0x33, 0x0e, 0x01, 0x07, 0x37, 0x2e, 0x01, 0x27,
  0x33, 0x1e, 0x01, 0x17, 0x23, 0x37, 0x23, 0x2e, 0x01, 0x27, 0x1e, 0x01,
  0x17, 0x1e, 0x01, 0x17, 0x25, 0x3e, 0x01, 0x37, 0x0e, 0x01, 0x07, 0x23,
  0x3e, 0x01, 0x03, 0x33, 0x1e, 0x01, 0x17, 0x2e, 0x01, 0x27, 0x2e, 0x01,
  0x05, 0x0e, 0x01, 0x07, 0x3e, 0x01, 0x37, 0x33, 0x0e, 0x01, 0x07, 0x01,
  0xe0, 0x63, 0x58, 0x57, 0x83, 0x25, 0x26, 0x26, 0x25, 0x83, 0x57, 0x58,
  0x63, 0x63, 0x58, 0x57, 0x83, 0x25, 0x26, 0x26, 0x25, 0x83, 0x57, 0x58,
  0xad, 0x06, 0x08, 0x01, 0x80, 0x03, 0x0f, 0x0d, 0x70, 0xfd, 0xe0, 0x06,
  0x08, 0x01, 0x80, 0x03, 0x0f, 0x0d, 0x70, 0x01, 0xde, 0x07, 0x09, 0x01,
  0xbf, 0xae, 0xae, 0x0b, 0x16, 0x0a, 0x14, 0x26, 0x10, 0x0b, 0x13, 0x08,
  0x9b, 0xb5, 0x10, 0x26, 0x14, 0x0a, 0x16, 0x0b, 0x9b, 0x08, 0x13, 0x0b,
  0x75, 0xbf, 0x01, 0x09, 0x07, 0xae, 0xfe, 0xa0, 0x0d, 0x0f, 0x03, 0x80,
  0x01, 0x08, 0x06, 0x31, 0xbf, 0xae, 0x07, 0x09, 0xbe, 0x0b, 0x16, 0x0a,
  0x14, 0x26, 0x10, 0x0b, 0x13, 0x08, 0x01, 0x50, 0x10, 0x26, 0x14, 0x0a,
  0x16, 0x0b, 0x9b, 0x08, 0x13, 0x80, 0xbf, 0x01, 0x09, 0x07, 0x51, 0x01,
  0x08, 0x06, 0x70, 0x0d, 0x0f, 0x03, 0x80, 0x40, 0x60, 0x0e, 0x26, 0x18,
  0x20, 0x3a, 0x19, 0x10, 0x1d, 0x0c, 0xfd, 0x7b, 0x19, 0x3a, 0x20, 0x18,
  0x26, 0x0e, 0x60, 0x0c, 0x1d, 0x29, 0x60, 0x0e, 0x26, 0x18, 0x20, 0x3a,
  0x19, 0x10, 0x1d, 0x02, 0x79, 0x19, 0x3a, 0x20, 0x18, 0x26, 0x0e, 0x60,
  0x0c, 0x1d, 0x10, 0x03, 0x80, 0x26, 0x25, 0x83, 0x57, 0x58, 0x63, 0x63,
  0x58, 0x57, 0x83, 0x25, 0x26, 0x26, 0x25, 0x83, 0x57, 0x58, 0x63, 0x63,
  0x58, 0x57, 0x83, 0x25, 0x26, 0xfd, 0x80, 0x1e, 0x41, 0x21, 0x21, 0x40,
  0x1f, 0x01, 0x40, 0x1e, 0x41, 0x21, 0x21, 0x40, 0x1f, 0x1f, 0x40, 0x21,
  0x80, 0x40, 0xbb, 0x03, 0x0b, 0x07, 0x0e, 0x2b, 0x1b, 0x12, 0x29, 0x17,
  0x52, 0x1b, 0x2b, 0x0e, 0x07, 0x0b, 0x03, 0xbb, 0x17, 0x29, 0x12, 0x92,
  0x80, 0x21, 0x40, 0x1f, 0xfe, 0xc0, 0x1f, 0x40, 0x21, 0x21, 0x41, 0x1e,
  0x80, 0x80, 0x1f, 0x40, 0x9f, 0xbb, 0x03, 0x0b, 0x07, 0x0e, 0x2b, 0x1b,
  0x12, 0x29, 0x17, 0x52, 0x1b, 0x2b, 0x0e, 0x07, 0x0b, 0x03, 0xbb, 0x17,
  0x29, 0x80, 0x80, 0x21, 0x40, 0x1f, 0xc0, 0x21, 0x41, 0x1e, 0x1f, 0x40,
  0x21, 0xc0, 0x2c, 0x4d, 0x1e, 0x0f, 0x29, 0x19, 0x10, 0x23, 0x13, 0x46,
  0x19, 0x29, 0x0f, 0x1e, 0x4d, 0x2c, 0x13, 0x23, 0xfe, 0x0a, 0x2c, 0x4d,
  0x1e, 0x0f, 0x29, 0x19, 0x10, 0x23, 0x33, 0x19, 0x29, 0x0f, 0x1e, 0x4d,
  0x2c, 0x13, 0x23, 0x10, 0x00, 0x02, 0x00, 0x00, 0xff, 0xc0, 0x04, 0x00,
  0x03, 0xc0, 0x00, 0x1b, 0x00, 0x73, 0x00, 0x00, 0x01, 0x22, 0x07, 0x0e,
  0x01, 0x07, 0x06, 0x15, 0x14, 0x17, 0x1e, 0x01, 0x17, 0x16, 0x33, 0x32,
  0x37, 0x3e, 0x01, 0x37, 0x36, 0x35, 0x34, 0x27, 0x2e, 0x01, 0x27, 0x26,
  0x03, 0x22, 0x26, 0x27, 0x13, 0x3e, 0x01, 0x3d, 0x01, 0x34, 0x26, 0x23,
  0x22, 0x27, 0x2e, 0x01, 0x27, 0x26, 0x35, 0x2e, 0x01, 0x2b, 0x01, 0x22,
  0x06, 0x1d, 0x01, 0x14, 0x16, 0x1f, 0x01, 0x15, 0x26, 0x27, 0x2e, 0x01,
  0x27, 0x26, 0x35, 0x34, 0x36, 0x37, 0x33, 0x32, 0x36, 0x3f, 0x01, 0x3e,
  0x01, 0x3d, 0x01, 0x3e, 0x01, 0x33, 0x32, 0x16, 0x17, 0x0e, 0x01, 0x07,
  0x0e, 0x01, 0x15, 0x14, 0x16, 0x17, 0x1e, 0x01, 0x33, 0x3a, 0x01, 0x33,
  0x16, 0x17, 0x1e, 0x01, 0x07, 0x06, 0x07, 0x14, 0x06, 0x15, 0x06, 0x07,
  0x0e, 0x01, 0x07, 0x06, 0x02, 0x00, 0x6a, 0x5d, 0x5e, 0x8b, 0x28, 0x28,
  0x28, 0x28, 0x8b, 0x5e, 0x5d, 0x6a, 0x6a, 0x5d, 0x5e, 0x8b, 0x28, 0x28,
  0x28, 0x28, 0x8b, 0x5e, 0x5d, 0x6a, 0x2f, 0x59, 0x29, 0xe9, 0x04, 0x04,
  0x13, 0x0d, 0x2a, 0x2a, 0x2a, 0x42, 0x14, 0x15, 0x05, 0x0c, 0x06, 0x80,
  0x0d, 0x13, 0x0a, 0x08, 0x6e, 0x2c, 0x23, 0x23, 0x33, 0x0d, 0x0e, 0x16,
  0x15, 0x75, 0x06, 0x0c, 0x05, 0x80, 0x04, 0x05, 0x1e, 0x41, 0x21, 0x35,
  0x63, 0x2c, 0x03, 0x06, 0x03, 0x1b, 0x1d, 0x1d, 0x1b, 0x1c, 0x46, 0x26,
  0x02, 0x05, 0x02, 0x06, 0x06, 0x05, 0x04, 0x06, 0x05, 0x12, 0x01, 0x1e,
  0x25, 0x24, 0x51, 0x2c, 0x2d, 0x03, 0xc0, 0x28, 0x28, 0x8b, 0x5e, 0x5d,
  0x6a, 0x6a, 0x5d, 0x5e, 0x8b, 0x28, 0x28, 0x28, 0x28, 0x8b, 0x5e, 0x5d,
  0x6a, 0x6a, 0x5d, 0x5e, 0x8b, 0x28, 0x28, 0xfc, 0x40, 0x13, 0x11, 0x01,
  0x07, 0x04, 0x0b, 0x06, 0x60, 0x0d, 0x13, 0x12, 0x13, 0x2c, 0x13, 0x12,
  0x01, 0x04, 0x05, 0x13, 0x0d, 0xc0, 0x09, 0x10, 0x04, 0x37, 0xbc, 0x1f,
  0x28, 0x27, 0x5f, 0x35, 0x35, 0x39, 0x34, 0x60, 0x2c, 0x05, 0x04, 0x80,
  0x05, 0x0c, 0x06, 0x4d, 0x09, 0x0a, 0x17, 0x16, 0x03, 0x05, 0x03, 0x1b,
  0x47, 0x26, 0x26, 0x47, 0x1b, 0x1b, 0x1d, 0x13, 0x23, 0x22, 0x5f, 0x3c,
  0x3b, 0x46, 0x01, 0x03, 0x01, 0x20, 0x18, 0x19, 0x23, 0x0a, 0x09, 0x00,
  0x00, 0x02, 0x00, 0x00, 0xff, 0xc0, 0x03, 0xe2, 0x03, 0xc0, 0x00, 0x33,
  0x00, 0x64, 0x00, 0x00, 0x01, 0x22, 0x26, 0x27, 0x26, 0x27, 0x26, 0x34,
  0x37, 0x36, 0x3f, 0x01, 0x3e, 0x01, 0x33, 0x32, 0x16, 0x17, 0x16, 0x17,
  0x16, 0x14, 0x07, 0x06, 0x0f, 0x01, 0x06, 0x22, 0x27, 0x26, 0x34, 0x3f,
  0x01, 0x36, 0x34, 0x27, 0x2e, 0x01, 0x23, 0x22, 0x06, 0x0f, 0x01, 0x06,
  0x14, 0x17, 0x16, 0x14, 0x07, 0x0e, 0x01, 0x23, 0x03, 0x22, 0x26, 0x27,
  0x26, 0x27, 0x26, 0x34, 0x37, 0x36, 0x3f, 0x01, 0x36, 0x32, 0x17, 0x16,
  0x14, 0x0f, 0x01, 0x06, 0x14, 0x17, 0x1e, 0x01, 0x33, 0x32, 0x36, 0x3f,
  0x01, 0x36, 0x34, 0x27, 0x26, 0x34, 0x37, 0x36, 0x32, 0x17, 0x16, 0x17,
  0x16, 0x14, 0x07, 0x06, 0x0f, 0x01, 0x0e, 0x01, 0x23, 0x01, 0xb8, 0x0a,
  0x13, 0x08, 0x23, 0x12, 0x12, 0x12, 0x12, 0x23, 0xc0, 0x23, 0x59, 0x31,
  0x31, 0x59, 0x23, 0x23, 0x12, 0x12, 0x12, 0x12, 0x23, 0x58, 0x0f, 0x2c,
  0x0f, 0x0f, 0x0f, 0x58, 0x29, 0x29, 0x14, 0x33, 0x1c, 0x1c, 0x33, 0x14,
  0xc0, 0x29, 0x29, 0x0f, 0x0f, 0x08, 0x13, 0x0a, 0xb8, 0x31, 0x59, 0x23,
  0x23, 0x12, 0x12, 0x12, 0x12, 0x23, 0x58, 0x0f, 0x2c, 0x0f, 0x0f, 0x0f,
  0x58, 0x29, 0x29, 0x14, 0x33, 0x1c, 0x1c, 0x33, 0x14, 0xc0, 0x29, 0x29,
  0x0f, 0x0f, 0x0f, 0x2b, 0x10, 0x23, 0x12, 0x12, 0x12, 0x12, 0x23, 0xc0,
  0x23, 0x59, 0x31, 0x01, 0x44, 0x08, 0x07, 0x24, 0x2d, 0x2d, 0x5e, 0x2d,
  0x2d, 0x24, 0xc0, 0x22, 0x25, 0x25, 0x22, 0x24, 0x2d, 0x2d, 0x5e, 0x2d,
  0x2d, 0x24, 0x57, 0x10, 0x10, 0x0f, 0x2b, 0x0f, 0x58, 0x29, 0x74, 0x29,
  0x14, 0x15, 0x15, 0x14, 0xc0, 0x29, 0x74, 0x29, 0x0f, 0x2b, 0x10, 0x07,
  0x08, 0xfe, 0x88, 0x25, 0x22, 0x24, 0x2d, 0x2d, 0x5e, 0x2d, 0x2d, 0x24,
  0x57, 0x10, 0x10, 0x0f, 0x2b, 0x0f, 0x58, 0x29, 0x74, 0x29, 0x14, 0x15,
  0x15, 0x14, 0xc0, 0x29, 0x74, 0x29, 0x0f, 0x2b, 0x10, 0x0f, 0x0f, 0x24,
  0x2d, 0x2d, 0x5e, 0x2d, 0x2d, 0x24, 0xc0, 0x22, 0x25, 0x00, 0x00, 0x00,
  0x00, 0x03, 0x00, 0x00, 0xff, 0xc0, 0x04, 0x00, 0x03, 0xc0, 0x00, 0x03,
  0x00, 0x11, 0x00, 0x20, 0x00, 0x00, 0x13, 0x33, 0x11, 0x23, 0x01, 0x32,
  0x36, 0x37, 0x11, 0x0e, 0x01, 0x23, 0x22, 0x26, 0x27, 0x11, 0x1e, 0x01,
  0x03, 0x2e, 0x01, 0x23, 0x22, 0x06, 0x07, 0x11, 0x3e, 0x01, 0x33, 0x32,
  0x16, 0x17, 0x11, 0x00, 0x80, 0x80, 0x03, 0x40, 0x3e, 0x66, 0x1c, 0x1c,
  0x66, 0x3e, 0x3e, 0x66, 0x1c, 0x1c, 0x66, 0xa2, 0x23, 0x64, 0x39, 0x48,
  0x77, 0x21, 0x21, 0x77, 0x48, 0x39, 0x64, 0x23, 0x03, 0xc0, 0xfc, 0x00,
  0x01, 0x7d, 0x1b, 0x16, 0x02, 0x00, 0x16, 0x1b, 0x1b, 0x16, 0xfe, 0x00,
  0x16, 0x1b, 0x02, 0x62, 0x0f, 0x12, 0x1b, 0x17, 0xfe, 0x00, 0x17, 0x1b,
  0x12, 0x0f, 0x02, 0x00, 0x00, 0x01, 0x00, 0x00, 0xff, 0xc0, 0x03, 0x8f,
  0x03, 0xc0, 0x00, 0x54, 0x00, 0x00, 0x01, 0x27, 0x01, 0x06, 0x14, 0x17,
  0x16, 0x32, 0x37, 0x01, 0x36, 0x37, 0x36, 0x34, 0x27, 0x26, 0x27, 0x26,
  0x27, 0x26, 0x22, 0x07, 0x06, 0x07, 0x01, 0x06, 0x30, 0x31, 0x06, 0x07,
  0x06, 0x14, 0x17, 0x16, 0x17, 0x16, 0x17, 0x16, 0x32, 0x37, 0x36, 0x37,
  0x38, 0x01, 0x37, 0x31, 0x01, 0x27, 0x01, 0x06, 0x30, 0x31, 0x06, 0x07,
  0x06, 0x22, 0x27, 0x26, 0x27, 0x26, 0x27, 0x26, 0x34, 0x37, 0x36, 0x37,
  0x38, 0x01, 0x37, 0x31, 0x01, 0x36, 0x32, 0x17, 0x16, 0x14, 0x07, 0x01,
  0x06, 0x22, 0x27, 0x26, 0x34, 0x37, 0x01, 0x02, 0x9a, 0x41, 0xfe, 0xbb,
  0x28, 0x28, 0x28, 0x73, 0x28, 0x01, 0x86, 0x21, 0x11, 0x11, 0x11, 0x11,
  0x21, 0x22, 0x2a, 0x2b, 0x58, 0x2a, 0x2a, 0x22, 0xfe, 0x67, 0x01, 0x2f,
  0x18, 0x17, 0x17, 0x18, 0x2f, 0x2f, 0x3b, 0x3b, 0x7b, 0x3b, 0x3b, 0x2f,
  0x01, 0x01, 0x17, 0x41, 0xfe, 0xe9, 0x01, 0x22, 0x2a, 0x2a, 0x58, 0x2a,
  0x2a, 0x21, 0x22, 0x10, 0x11, 0x11, 0x10, 0x22, 0x01, 0x01, 0x99, 0x28,
  0x72, 0x29, 0x28, 0x28, 0xfe, 0x7a, 0x0d, 0x27, 0x0d, 0x0d, 0x0d, 0x01,
  0x45, 0x02, 0x79, 0x41, 0xfe, 0xbb, 0x28, 0x72, 0x29, 0x28, 0x28, 0x01,
  0x86, 0x22, 0x2a, 0x2a, 0x58, 0x2b, 0x2a, 0x22, 0x21, 0x11, 0x11, 0x11,
  0x11, 0x21, 0xfe, 0x67, 0x01, 0x2f, 0x3b, 0x3b, 0x7b, 0x3b, 0x3b, 0x2f,
  0x2f, 0x18, 0x17, 0x17, 0x18, 0x2f, 0x01, 0x01, 0x17, 0x41, 0xfe, 0xe9,
  0x01, 0x22, 0x10, 0x11, 0x11, 0x10, 0x22, 0x21, 0x2a, 0x2a, 0x58, 0x2a,
  0x2a, 0x22, 0x01, 0x01, 0x99, 0x28, 0x28, 0x29, 0x72, 0x28, 0xfe, 0x7a,
  0x0d, 0x0d, 0x0e, 0x26, 0x0d, 0x01, 0x45, 0x00, 0x00, 0x03, 0x00, 0x00,
  0xff, 0xc0, 0x04, 0x00, 0x03, 0xc0, 0x00, 0x1b, 0x00, 0x49, 0x00, 0x55,
  0x00, 0x00, 0x01, 0x22, 0x07, 0x0e, 0x01, 0x07, 0x06, 0x07, 0x16, 0x17,
  0x1e, 0x01, 0x17, 0x16, 0x33, 0x32, 0x37, 0x3e, 0x01, 0x37, 0x36, 0x37,
  0x26, 0x27, 0x2e, 0x01, 0x27, 0x26, 0x17, 0x1e, 0x01, 0x17, 0x0e, 0x01,
  0x07, 0x0e, 0x01, 0x23, 0x22, 0x26, 0x27, 0x2e, 0x01, 0x27, 0x3e, 0x01,
  0x37, 0x3e, 0x01, 0x37, 0x0e, 0x01, 0x15, 0x14, 0x17, 0x1e, 0x01, 0x17,
  0x16, 0x33, 0x32, 0x37, 0x3e, 0x01, 0x37, 0x36, 0x35, 0x34, 0x26, 0x27,
  0x1e, 0x01, 0x17, 0x31, 0x07, 0x14, 0x06, 0x23, 0x22, 0x26, 0x35, 0x34,
  0x36, 0x33, 0x32, 0x16, 0x02, 0x00, 0x54, 0x4d, 0x4d, 0x84, 0x35, 0x35,
  0x24, 0x24, 0x35, 0x35, 0x84, 0x4d, 0x4d, 0x54, 0x54, 0x4d, 0x4d, 0x84,
  0x35, 0x35, 0x24, 0x24, 0x35, 0x35, 0x84, 0x4d, 0x4d, 0xa8, 0x2e, 0x4b,
  0x1d, 0x1d, 0x4b, 0x2e, 0x38, 0x81, 0x43, 0x43, 0x81, 0x38, 0x2e, 0x4b,
  0x1d, 0x1d, 0x4b, 0x2e, 0x02, 0x06, 0x03, 0x07, 0x08, 0x14, 0x14, 0x46,
  0x2e, 0x2f, 0x35, 0x35, 0x2f, 0x2e, 0x46, 0x14, 0x14, 0x08, 0x07, 0x03,
  0x06, 0x02, 0xfc, 0x38, 0x28, 0x28, 0x38, 0x38, 0x28, 0x28, 0x38, 0x03,
  0x00, 0x17, 0x18, 0x54, 0x3b, 0x3b, 0x47, 0x47, 0x3b, 0x3b, 0x54, 0x18,
  0x17, 0x17, 0x18, 0x54, 0x3b, 0x3b, 0x47, 0x47, 0x3b, 0x3b, 0x54, 0x18,
  0x17, 0xaa, 0x1c, 0x4d, 0x2d, 0x2d, 0x4d, 0x1c, 0x24, 0x26, 0x26, 0x24,
  0x1c, 0x4d, 0x2d, 0x2d, 0x4d, 0x1c, 0x02, 0x04, 0x02, 0x15, 0x2c, 0x17,
  0x35, 0x2f, 0x2e, 0x46, 0x14, 0x14, 0x14, 0x14, 0x46, 0x2e, 0x2f, 0x35,
  0x17, 0x2c, 0x15, 0x02, 0x04, 0x02, 0x36, 0x28, 0x38, 0x38, 0x28, 0x28,
  0x38, 0x38, 0x00, 0x00, 0x00, 0x03, 0x00, 0x00, 0xff, 0xc0, 0x04, 0x00,
  0x03, 0xc0, 0x00, 0x0b, 0x00, 0x5a, 0x00, 0x66, 0x00, 0x00, 0x01, 0x23,
  0x35, 0x23, 0x15, 0x23, 0x15, 0x33, 0x15, 0x33, 0x35, 0x33, 0x07, 0x1e,
  0x01, 0x17, 0x0e, 0x01, 0x07, 0x0e, 0x01, 0x23, 0x22, 0x26, 0x27, 0x2e,
  0x01, 0x27, 0x3e, 0x01, 0x37, 0x3e, 0x01, 0x37, 0x0e, 0x01, 0x15, 0x14,
  0x17, 0x1e, 0x01, 0x17, 0x16, 0x33, 0x32, 0x37, 0x3e, 0x01, 0x37, 0x36,
  0x35, 0x3c, 0x01, 0x31, 0x26, 0x27, 0x2e, 0x01, 0x27, 0x26, 0x27, 0x2e,
  0x01, 0x23, 0x22, 0x07, 0x0e, 0x01, 0x07, 0x06, 0x07, 0x16, 0x17, 0x1e,
  0x01, 0x17, 0x16, 0x33, 0x32, 0x37, 0x3e, 0x01, 0x37, 0x36, 0x37, 0x2e,
  0x01, 0x27, 0x0e, 0x01, 0x07, 0x25, 0x32, 0x16, 0x15, 0x14, 0x06, 0x23,
  0x22, 0x26, 0x35, 0x34, 0x36, 0x04, 0x00, 0x80, 0x80, 0x80, 0x80, 0x80,
  0x80, 0xa0, 0x0e, 0x19, 0x0b, 0x1d, 0x4b, 0x2e, 0x38, 0x81, 0x43, 0x43,
  0x81, 0x38, 0x2e, 0x4b, 0x1d, 0x1d, 0x4b, 0x2e, 0x02, 0x06, 0x03, 0x07,
  0x08, 0x14, 0x14, 0x46, 0x2e, 0x2f, 0x35, 0x35, 0x2f, 0x2e, 0x46, 0x14,
  0x14, 0x29, 0x23, 0x23, 0x33, 0x0f, 0x0e, 0x01, 0x10, 0x20, 0x10, 0x54,
  0x4d, 0x4d, 0x84, 0x35, 0x35, 0x24, 0x24, 0x35, 0x35, 0x84, 0x4d, 0x4d,
  0x54, 0x54, 0x4d, 0x4d, 0x84, 0x35, 0x35, 0x24, 0x0d, 0x20, 0x12, 0x16,
  0x31, 0x1a, 0xfe, 0x40, 0x28, 0x38, 0x38, 0x28, 0x28, 0x38, 0x38, 0x03,
  0x40, 0x80, 0x80, 0x80, 0x80, 0x80, 0xbe, 0x0f, 0x21, 0x12, 0x2d, 0x4d,
  0x1c, 0x24, 0x26, 0x26, 0x24, 0x1c, 0x4d, 0x2d, 0x2d, 0x4d, 0x1c, 0x02,
  0x04, 0x02, 0x15, 0x2c, 0x17, 0x35, 0x2f, 0x2e, 0x46, 0x14, 0x14, 0x14,
  0x14, 0x46, 0x2e, 0x2f, 0x35, 0x01, 0x01, 0x0b, 0x17, 0x17, 0x40, 0x28,
  0x27, 0x2c, 0x02, 0x02, 0x17, 0x18, 0x54, 0x3b, 0x3b, 0x47, 0x47, 0x3b,
  0x3b, 0x54, 0x18, 0x17, 0x17, 0x18, 0x54, 0x3b, 0x3b, 0x47, 0x1a, 0x32,
  0x17, 0x0d, 0x11, 0x03, 0x7e, 0x38, 0x28, 0x28, 0x38, 0x38, 0x28, 0x28,
  0x38, 0x00, 0x00, 0x00, 0x00, 0x04, 0x00, 0x00, 0xff, 0xc0, 0x04, 0x00,
  0x03, 0xc0, 0x00, 0x03, 0x00, 0x21, 0x00, 0x2d, 0x00, 0x5a, 0x00, 0x00,
  0x01, 0x21, 0x15, 0x21, 0x17, 0x21, 0x35, 0x2e, 0x01, 0x23, 0x22, 0x07,
  0x0e, 0x01, 0x07, 0x06, 0x07, 0x16, 0x17, 0x1e, 0x01, 0x17, 0x16, 0x33,
  0x32, 0x37, 0x3e, 0x01, 0x37, 0x36, 0x37, 0x2e, 0x01, 0x27, 0x21, 0x32,
  0x16, 0x15, 0x14, 0x06, 0x23, 0x22, 0x26, 0x35, 0x34, 0x36, 0x01, 0x0e,
  0x01, 0x23, 0x22, 0x26, 0x27, 0x2e, 0x01, 0x27, 0x3e, 0x01, 0x37, 0x3e,
  0x01, 0x37, 0x0e, 0x01, 0x15, 0x14, 0x17, 0x1e, 0x01, 0x17, 0x16, 0x33,
  0x32, 0x37, 0x3e, 0x01, 0x37, 0x36, 0x35, 0x34, 0x26, 0x27, 0x1e, 0x01,
  0x17, 0x1e, 0x01, 0x17, 0x0e, 0x01, 0x07, 0x02, 0x80, 0x01, 0x80, 0xfe,
  0x80, 0xe6, 0xfe, 0xda, 0x10, 0x20, 0x10, 0x54, 0x4d, 0x4d, 0x84, 0x35,
  0x35, 0x24, 0x24, 0x35, 0x35, 0x84, 0x4d, 0x4d, 0x54, 0x54, 0x4d, 0x4d,
  0x84, 0x35, 0x35, 0x24, 0x1c, 0x4e, 0x30, 0xfe, 0x3a, 0x28, 0x38, 0x38,
  0x28, 0x28, 0x38, 0x38, 0x01, 0x84, 0x38, 0x81, 0x43, 0x43, 0x81, 0x38,
  0x2e, 0x4b, 0x1d, 0x1d, 0x4b, 0x2e, 0x02, 0x06, 0x03, 0x07, 0x08, 0x14,
  0x14, 0x46, 0x2e, 0x2f, 0x35, 0x35, 0x2f, 0x2e, 0x46, 0x14, 0x14, 0x08,
  0x07, 0x03, 0x06, 0x02, 0x2e, 0x4b, 0x1d, 0x1d, 0x4b, 0x2e, 0x03, 0x40,
  0x80, 0x40, 0x7c, 0x02, 0x02, 0x17, 0x18, 0x54, 0x3b, 0x3b, 0x47, 0x47,
  0x3b, 0x3b, 0x54, 0x18, 0x17, 0x17, 0x18, 0x54, 0x3b, 0x3b, 0x47, 0x38,
  0x61, 0x27, 0x38, 0x28, 0x28, 0x38, 0x38, 0x28, 0x28, 0x38, 0xfe, 0xaa,
  0x24, 0x26, 0x26, 0x24, 0x1c, 0x4d, 0x2d, 0x2d, 0x4d, 0x1c, 0x02, 0x04,
  0x02, 0x15, 0x2c, 0x17, 0x35, 0x2f, 0x2e, 0x46, 0x14, 0x14, 0x14, 0x14,
  0x46, 0x2e, 0x2f, 0x35, 0x17, 0x2c, 0x15, 0x02, 0x04, 0x02, 0x1c, 0x4d,
  0x2d, 0x2d, 0x4d, 0x1c, 0x00, 0x05, 0x00, 0x00, 0xff, 0xc0, 0x04, 0x00,
  0x03, 0xc0, 0x00, 0x1e, 0x00, 0x28, 0x00, 0x39, 0x00, 0x47, 0x00, 0x66,
  0x00, 0x00, 0x01, 0x26, 0x22, 0x0f, 0x01, 0x2e, 0x01, 0x23, 0x22, 0x07,
  0x0e, 0x01, 0x07, 0x06, 0x07, 0x1e, 0x01, 0x17, 0x07, 0x06, 0x14, 0x17,
  0x1e, 0x01, 0x33, 0x32, 0x36, 0x37, 0x01, 0x36, 0x34, 0x01, 0x32, 0x16,
  0x17, 0x07, 0x2e, 0x01, 0x35, 0x34, 0x36, 0x05, 0x3e, 0x01, 0x37, 0x3e,
  0x01, 0x37, 0x0e, 0x01, 0x15, 0x14, 0x16, 0x17, 0x07, 0x2e, 0x01, 0x27,
  0x25, 0x34, 0x26, 0x27, 0x01, 0x1e, 0x01, 0x33, 0x32, 0x37, 0x3e, 0x01,
  0x37, 0x36, 0x37, 0x07, 0x1e, 0x01, 0x15, 0x1e, 0x01, 0x17, 0x0e, 0x01,
  0x07, 0x0e, 0x01, 0x23, 0x22, 0x26, 0x27, 0x07, 0x1e, 0x01, 0x33, 0x32,
  0x37, 0x3e, 0x01, 0x37, 0x36, 0x37, 0x2e, 0x01, 0x27, 0x03, 0xb2, 0x0e,
  0x28, 0x0e, 0xca, 0x27, 0x52, 0x2b, 0x54, 0x4d, 0x4d, 0x84, 0x35, 0x35,
  0x24, 0x1f, 0x58, 0x36, 0x9f, 0x0e, 0x0e, 0x07, 0x12, 0x09, 0x09, 0x12,
  0x07, 0x03, 0x60, 0x0e, 0xfd, 0xe0, 0x20, 0x31, 0x0a, 0x7a, 0x1c, 0x25,
  0x38, 0xfe, 0xf6, 0x1d, 0x4b, 0x2e, 0x02, 0x06, 0x03, 0x07, 0x08, 0x19,
  0x16, 0x3d, 0x28, 0x42, 0x1a, 0x02, 0x92, 0x06, 0x06, 0xfe, 0xbe, 0x13,
  0x27, 0x14, 0x35, 0x2f, 0x2e, 0x46, 0x14, 0x14, 0x3e, 0x45, 0x01, 0x02,
  0x2e, 0x4b, 0x1d, 0x1d, 0x4b, 0x2e, 0x38, 0x81, 0x43, 0x1d, 0x39, 0x1c,
  0x4d, 0x2d, 0x60, 0x32, 0x54, 0x4d, 0x4d, 0x84, 0x35, 0x35, 0x24, 0x22,
  0x63, 0x3d, 0x03, 0xb2, 0x0e, 0x0e, 0xca, 0x0c, 0x0c, 0x17, 0x18, 0x54,
  0x3b, 0x3b, 0x47, 0x3e, 0x69, 0x28, 0x9f, 0x0e, 0x28, 0x0e, 0x07, 0x07,
  0x07, 0x07, 0x03, 0x60, 0x0e, 0x28, 0xfe, 0xdc, 0x25, 0x1c, 0x7a, 0x0a,
  0x31, 0x20, 0x28, 0x38, 0xc0, 0x2d, 0x4d, 0x1c, 0x02, 0x04, 0x02, 0x15,
  0x2c, 0x17, 0x29, 0x4b, 0x1f, 0x3d, 0x1b, 0x46, 0x29, 0x46, 0x14, 0x27,
  0x13, 0xfe, 0xbe, 0x06, 0x06, 0x14, 0x14, 0x46, 0x2e, 0x2f, 0xcd, 0x45,
  0x01, 0x01, 0x01, 0x1c, 0x4d, 0x2d, 0x2d, 0x4d, 0x1c, 0x24, 0x26, 0x07,
  0x07, 0x4d, 0x10, 0x11, 0x17, 0x18, 0x54, 0x3b, 0x3b, 0x47, 0x43, 0x71,
  0x2a, 0x00, 0x00, 0x00, 0x00, 0x01, 0x00, 0x00, 0xff, 0xc0, 0x03, 0x40,
  0x03, 0xc0, 0x00, 0x04, 0x00, 0x00, 0x13, 0x11, 0x09, 0x01, 0x11, 0xc0,
  0x01, 0x40, 0x01, 0x40, 0x03, 0xc0, 0xfc, 0x00, 0x01, 0x40, 0xfe, 0xc0,
  0x04, 0x00, 0x00, 0x00, 0x00, 0x02, 0x00, 0x00, 0xff, 0xc0, 0x03, 0x80,
  0x03, 0xc0, 0x00, 0x04, 0x00, 0x0a, 0x00, 0x00, 0x01, 0x11, 0x09, 0x01,
  0x11, 0x27, 0x21, 0x11, 0x37, 0x11, 0x21, 0x01, 0x00, 0x01, 0x40, 0x01,
  0x40, 0x80, 0xfd, 0x80, 0x40, 0x02, 0x40, 0x03, 0x40, 0xfc, 0x80, 0x01,
  0x40, 0xfe, 0xc0, 0x03, 0x80, 0x80, 0xfc, 0x80, 0x40, 0x03, 0x00, 0x00,
  0x00, 0x0a, 0x00, 0x00, 0xff, 0xc0, 0x04, 0x00, 0x03, 0xc0, 0x00, 0x0d,
  0x00, 0x1b, 0x00, 0x29, 0x00, 0x37, 0x00, 0x46, 0x00, 0x54, 0x00, 0x63,
  0x00, 0x72, 0x00, 0x8e, 0x00, 0x9a, 0x00, 0x00, 0x25, 0x32, 0x16, 0x1d,
  0x01, 0x14, 0x06, 0x23, 0x22, 0x26, 0x3d, 0x01, 0x34, 0x36, 0x13, 0x22,
  0x26, 0x3d, 0x01, 0x34, 0x36, 0x33, 0x32, 0x16, 0x1d, 0x01, 0x14, 0x06,
  0x01, 0x32, 0x16, 0x15, 0x14, 0x06, 0x2b, 0x01, 0x22, 0x26, 0x35, 0x34,
  0x36, 0x33, 0x05, 0x14, 0x06, 0x2b, 0x01, 0x22, 0x26, 0x35, 0x34, 0x36,
  0x3b, 0x01, 0x32, 0x16, 0x05, 0x17, 0x16, 0x14, 0x07, 0x06, 0x22, 0x2f,
  0x01, 0x26, 0x34, 0x37, 0x36, 0x32, 0x17, 0x01, 0x27, 0x26, 0x34, 0x37,
  0x36, 0x32, 0x1f, 0x01, 0x16, 0x14, 0x07, 0x06, 0x22, 0x25, 0x06, 0x22,
  0x27, 0x26, 0x34, 0x3f, 0x01, 0x36, 0x32, 0x17, 0x16, 0x14, 0x0f, 0x01,
  0x01, 0x36, 0x32, 0x17, 0x16, 0x14, 0x0f, 0x01, 0x06, 0x22, 0x27, 0x26,
  0x34, 0x3f, 0x01, 0x01, 0x22, 0x07, 0x0e, 0x01, 0x07, 0x06, 0x15, 0x14,
  0x17, 0x1e, 0x01, 0x17, 0x16, 0x33, 0x32, 0x37, 0x3e, 0x01, 0x37, 0x36,
  0x35, 0x34, 0x27, 0x2e, 0x01, 0x27, 0x26, 0x03, 0x22, 0x26, 0x35, 0x34,
  0x36, 0x33, 0x32, 0x16, 0x15, 0x14, 0x06, 0x02, 0x00, 0x1b, 0x25, 0x25,
  0x1b, 0x1b, 0x25, 0x25, 0x1b, 0x1b, 0x25, 0x25, 0x1b, 0x1b, 0x25, 0x25,
  0x01, 0xa5, 0x1b, 0x25, 0x25, 0x1b, 0x40, 0x1b, 0x25, 0x25, 0x1b, 0xfd,
  0x40, 0x25, 0x1b, 0x40, 0x1b, 0x25, 0x25, 0x1b, 0x40, 0x1b, 0x25, 0x02,
  0x7d, 0x2d, 0x13, 0x13, 0x13, 0x35, 0x12, 0x2e, 0x12, 0x12, 0x13, 0x35,
  0x13, 0xfd, 0x86, 0x2d, 0x13, 0x13, 0x13, 0x35, 0x12, 0x2e, 0x12, 0x12,
  0x13, 0x35, 0x02, 0x67, 0x13, 0x35, 0x13, 0x12, 0x12, 0x2e, 0x12, 0x35,
  0x13, 0x13, 0x13, 0x2d, 0xfd, 0x86, 0x13, 0x35, 0x13, 0x12, 0x12, 0x2e,
  0x12, 0x35, 0x13, 0x13, 0x13, 0x2d, 0x01, 0x3d, 0x35, 0x2f, 0x2e, 0x46,
  0x14, 0x14, 0x14, 0x14, 0x46, 0x2e, 0x2f, 0x35, 0x35, 0x2f, 0x2e, 0x46,
  0x14, 0x14, 0x14, 0x14, 0x46, 0x2e, 0x2f, 0x35, 0x42, 0x5e, 0x5e, 0x42,
  0x42, 0x5e, 0x5e, 0x80, 0x25, 0x1b, 0x40, 0x1b, 0x25, 0x25, 0x1b, 0x40,
  0x1b, 0x25, 0x02, 0x80, 0x25, 0x1b, 0x40, 0x1b, 0x25, 0x25, 0x1b, 0x40,
  0x1b, 0x25, 0xff, 0x00, 0x25, 0x1b, 0x1b, 0x25, 0x25, 0x1b, 0x1b, 0x25,
  0x40, 0x1b, 0x25, 0x25, 0x1b, 0x1b, 0x25, 0x25, 0xfd, 0x2e, 0x12, 0x35,
  0x13, 0x13, 0x13, 0x2d, 0x13, 0x35, 0x13, 0x12, 0x12, 0x01, 0xc4, 0x2e,
  0x12, 0x35, 0x13, 0x13, 0x13, 0x2d, 0x13, 0x35, 0x13, 0x12, 0x12, 0x12,
  0x12, 0x13, 0x35, 0x13, 0x2d, 0x13, 0x13, 0x13, 0x35, 0x12, 0x2e, 0xfe,
  0x3c, 0x12, 0x12, 0x13, 0x35, 0x13, 0x2d, 0x13, 0x13, 0x13, 0x35, 0x12,
  0x2e, 0x01, 0xe2, 0x14, 0x14, 0x46, 0x2e, 0x2f, 0x35, 0x35, 0x2f, 0x2e,
  0x46, 0x14, 0x14, 0x14, 0x14, 0x46, 0x2e, 0x2f, 0x35, 0x35, 0x2f, 0x2e,
  0x46, 0x14, 0x14, 0xfe, 0x60, 0x5e, 0x42, 0x42, 0x5e, 0x5e, 0x42, 0x42,
  0x5e, 0x00, 0x00, 0x00, 0x00, 0x02, 0x00, 0x00, 0xff, 0xc0, 0x04, 0x00,
  0x03, 0xc0, 0x00, 0x1b, 0x00, 0x2a, 0x00, 0x00, 0x01, 0x22, 0x07, 0x0e,
  0x01, 0x07, 0x06, 0x15, 0x14, 0x17, 0x1e, 0x01, 0x17, 0x16, 0x33, 0x32,
  0x37, 0x3e, 0x01, 0x37, 0x36, 0x35, 0x34, 0x27, 0x2e, 0x01, 0x27, 0x26,
  0x01, 0x34, 0x37, 0x3e, 0x01, 0x37, 0x36, 0x33, 0x11, 0x22, 0x27, 0x2e,
  0x01, 0x27, 0x26, 0x02, 0x00, 0x6a, 0x5d, 0x5e, 0x8b, 0x28, 0x28, 0x28,
  0x28, 0x8b, 0x5e, 0x5d, 0x6a, 0x6a, 0x5d, 0x5e, 0x8b, 0x28, 0x28, 0x28,
  0x28, 0x8b, 0x5e, 0x5d, 0xfe, 0x16, 0x1e, 0x1e, 0x69, 0x46, 0x45, 0x50,
  0x50, 0x45, 0x46, 0x69, 0x1e, 0x1e, 0x03, 0xc0, 0x28, 0x28, 0x8b, 0x5e,
  0x5d, 0x6a, 0x6a, 0x5d, 0x5e, 0x8b, 0x28, 0x28, 0x28, 0x28, 0x8b, 0x5e,
  0x5d, 0x6a, 0x6a, 0x5d, 0x5e, 0x8b, 0x28, 0x28, 0xfe, 0x00, 0x50, 0x45,
  0x46, 0x69, 0x1e, 0x1e, 0xfd, 0x00, 0x1e, 0x1e, 0x69, 0x46, 0x45, 0x00,
  0x00, 0x0a, 0x00, 0x00, 0xff, 0xc0, 0x04, 0x00, 0x03, 0xc0, 0x00, 0x1b,
  0x00, 0x22, 0x00, 0x30, 0x00, 0x3e, 0x00, 0x4c, 0x00, 0x5a, 0x00, 0x68,
  0x00, 0x76, 0x00, 0x85, 0x00, 0x94, 0x00, 0x00, 0x01, 0x22, 0x07, 0x0e,
  0x01, 0x07, 0x06, 0x15, 0x14, 0x17, 0x1e, 0x01, 0x17, 0x16, 0x33, 0x32,
  0x37, 0x3e, 0x01, 0x37, 0x36, 0x35, 0x34, 0x27, 0x2e, 0x01, 0x27, 0x26,
  0x03, 0x11, 0x32, 0x16, 0x15, 0x14, 0x06, 0x07, 0x32, 0x16, 0x1d, 0x01,
  0x14, 0x06, 0x23, 0x22, 0x26, 0x3d, 0x01, 0x34, 0x36, 0x13, 0x22, 0x26,
  0x3d, 0x01, 0x34, 0x36, 0x33, 0x32, 0x16, 0x1d, 0x01, 0x14, 0x06, 0x01,
  0x32, 0x16, 0x15, 0x14, 0x06, 0x2b, 0x01, 0x22, 0x26, 0x35, 0x34, 0x36,
  0x33, 0x05, 0x14, 0x06, 0x2b, 0x01, 0x22, 0x26, 0x35, 0x34, 0x36, 0x3b,
  0x01, 0x32, 0x16, 0x05, 0x17, 0x16, 0x14, 0x07, 0x06, 0x22, 0x2f, 0x01,
  0x26, 0x34, 0x37, 0x36, 0x32, 0x01, 0x27, 0x26, 0x34, 0x37, 0x36, 0x32,
  0x1f, 0x01, 0x16, 0x14, 0x07, 0x06, 0x22, 0x25, 0x06, 0x22, 0x27, 0x26,
  0x34, 0x3f, 0x01, 0x36, 0x32, 0x17, 0x16, 0x14, 0x0f, 0x01, 0x01, 0x36,
  0x32, 0x17, 0x16, 0x14, 0x0f, 0x01, 0x06, 0x22, 0x27, 0x26, 0x34, 0x3f,
  0x01, 0x02, 0x00, 0x35, 0x2f, 0x2e, 0x46, 0x14, 0x14, 0x14, 0x14, 0x46,
  0x2e, 0x2f, 0x35, 0x35, 0x2f, 0x2e, 0x46, 0x14, 0x14, 0x14, 0x14, 0x46,
  0x2e, 0x2f, 0x35, 0x42, 0x5e, 0x5e, 0x42, 0x1b, 0x25, 0x25, 0x1b, 0x1b,
  0x25, 0x25, 0x1b, 0x1b, 0x25, 0x25, 0x1b, 0x1b, 0x25, 0x25, 0x01, 0xa5,
  0x1b, 0x25, 0x25, 0x1b, 0x40, 0x1b, 0x25, 0x25, 0x1b, 0xfd, 0x40, 0x25,
  0x1b, 0x40, 0x1b, 0x25, 0x25, 0x1b, 0x40, 0x1b, 0x25, 0x02, 0x7d, 0x2d,
  0x13, 0x13, 0x13, 0x35, 0x12, 0x2e, 0x12, 0x12, 0x13, 0x35, 0xfd, 0x99,
  0x2d, 0x13, 0x13, 0x13, 0x35, 0x12, 0x2e, 0x12, 0x12, 0x13, 0x35, 0x02,
  0x67, 0x13, 0x35, 0x13, 0x12, 0x12, 0x2e, 0x12, 0x35, 0x13, 0x13, 0x13,
  0x2d, 0xfd, 0x86, 0x13, 0x35, 0x13, 0x12, 0x12, 0x2e, 0x12, 0x35, 0x13,
  0x13, 0x13, 0x2d, 0x02, 0xc0, 0x14, 0x14, 0x46, 0x2e, 0x2f, 0x35, 0x35,
  0x2f, 0x2e, 0x46, 0x14, 0x14, 0x14, 0x14, 0x46, 0x2e, 0x2f, 0x35, 0x35,
  0x2f, 0x2e, 0x46, 0x14, 0x14, 0xfe, 0x60, 0x01, 0x40, 0x5e, 0x42, 0x42,
  0x5e, 0xa0, 0x25, 0x1b, 0x40, 0x1b, 0x25, 0x25, 0x1b, 0x40, 0x1b, 0x25,
  0x02, 0x80, 0x25, 0x1b, 0x40, 0x1b, 0x25, 0x25, 0x1b, 0x40, 0x1b, 0x25,
  0xff, 0x00, 0x25, 0x1b, 0x1b, 0x25, 0x25, 0x1b, 0x1b, 0x25, 0x40, 0x1b,
  0x25, 0x25, 0x1b, 0x1b, 0x25, 0x25, 0xfd, 0x2e, 0x12, 0x35, 0x13, 0x13,
  0x13, 0x2d, 0x13, 0x35, 0x13, 0x12, 0x01, 0xb2, 0x2e, 0x12, 0x35, 0x13,
  0x13, 0x13, 0x2d, 0x13, 0x35, 0x13, 0x12, 0x12, 0x12, 0x12, 0x13, 0x35,
  0x13, 0x2d, 0x13, 0x13, 0x13, 0x35, 0x12, 0x2e, 0xfe, 0x3c, 0x12, 0x12,
  0x13, 0x35, 0x13, 0x2d, 0x13, 0x13, 0x13, 0x35, 0x12, 0x2e, 0x00, 0x00,
  0x00, 0x02, 0x00, 0x00, 0xff, 0xc0, 0x04, 0x00, 0x03, 0xc0, 0x00, 0x0a,
  0x00, 0x14, 0x00, 0x00, 0x01, 0x25, 0x0b, 0x01, 0x0d, 0x01, 0x03, 0x25,
  0x05, 0x03, 0x25, 0x01, 0x07, 0x37, 0x27, 0x3f, 0x01, 0x1f, 0x01, 0x07,
  0x17, 0x04, 0x00, 0xfe, 0x9e, 0x9e, 0x9e, 0xfe, 0x9e, 0x01, 0x00, 0x3c,
  0x01, 0x3c, 0x01, 0x3c, 0x3c, 0x01, 0x00, 0xfe, 0x00, 0xdf, 0x2a, 0xb5,
  0xfa, 0x70, 0x70, 0xfa, 0xb5, 0x2a, 0x02, 0x33, 0x33, 0x01, 0x41, 0xfe,
  0xbf, 0x33, 0xfa, 0xfe, 0xa0, 0xa6, 0xa6, 0x01, 0x60, 0xfa, 0xfe, 0x9c,
  0x76, 0xf9, 0xb0, 0x24, 0xe3, 0xe3, 0x24, 0xb0, 0xf9, 0x00, 0x00, 0x00,
  0x00, 0x02, 0x00, 0x00, 0xff, 0xc0, 0x04, 0x00, 0x03, 0xc0, 0x00, 0x0a,
  0x00, 0x12, 0x00, 0x00, 0x01, 0x25, 0x0b, 0x01, 0x0d, 0x01, 0x03, 0x25,
  0x05, 0x03, 0x25, 0x01, 0x07, 0x13, 0x1f, 0x01, 0x07, 0x17, 0x27, 0x04,
  0x00, 0xfe, 0x9e, 0x9e, 0x9e, 0xfe, 0x9e, 0x01, 0x00, 0x3c, 0x01, 0x3c,
  0x01, 0x3c, 0x3c, 0x01, 0x00, 0xfe, 0x00, 0x01, 0x01, 0x70, 0xfa, 0xb5,
  0x2a, 0xdf, 0x02, 0x33, 0x33, 0x01, 0x41, 0xfe, 0xbf, 0x33, 0xfa, 0xfe,
  0xa0, 0xa6, 0xa6, 0x01, 0x60, 0xfa, 0xfe, 0x9c, 0x01, 0x02, 0x3b, 0xe3,
  0x24, 0xb0, 0xf9, 0x76, 0x00, 0x01, 0x00, 0x00, 0xff, 0xc0, 0x04, 0x00,
  0x03, 0xc0, 0x00, 0x0a, 0x00, 0x00, 0x01, 0x25, 0x0b, 0x01, 0x0d, 0x01,
  0x03, 0x25, 0x05, 0x03, 0x25, 0x04, 0x00, 0xfe, 0x9e, 0x9e, 0x9e, 0xfe,
  0x9e, 0x01, 0x00, 0x3c, 0x01, 0x3c, 0x01, 0x3c, 0x3c, 0x01, 0x00, 0x02,
  0x33, 0x33, 0x01, 0x41, 0xfe, 0xbf, 0x33, 0xfa, 0xfe, 0xa0, 0xa6, 0xa6,
  0x01, 0x60, 0xfa, 0x00, 0x00, 0x01, 0x00, 0x00, 0xff, 0xc0, 0x04, 0x00,
  0x03, 0xc0, 0x00, 0x29, 0x00, 0x00, 0x01, 0x22, 0x07, 0x0e, 0x01, 0x07,
  0x06, 0x07, 0x26, 0x27, 0x2e, 0x01, 0x27, 0x26, 0x23, 0x22, 0x07, 0x0e,
  0x01, 0x07, 0x06, 0x15, 0x14, 0x17, 0x1e, 0x01, 0x17, 0x16, 0x17, 0x36,
  0x37, 0x3e, 0x01, 0x37, 0x36, 0x35, 0x34, 0x27, 0x2e, 0x01, 0x27, 0x26,
  0x02, 0xf3, 0x28, 0x25, 0x25, 0x3f, 0x19, 0x19, 0x10, 0x10, 0x19, 0x19,
  0x3f, 0x25, 0x25, 0x28, 0x38, 0x31, 0x31, 0x49, 0x15, 0x15, 0x33, 0x33,
  0x99, 0x59, 0x5a, 0x4e, 0x4a, 0x59, 0x59, 0x9b, 0x35, 0x34, 0x15, 0x15,
  0x49, 0x31, 0x31, 0x03, 0x80, 0x0f, 0x0f, 0x32, 0x20, 0x21, 0x22, 0x22,
  0x21, 0x20, 0x32, 0x0f, 0x0f, 0x15, 0x15, 0x49, 0x31, 0x31, 0x38, 0x71,
  0x4e, 0x4f, 0x8e, 0x4e, 0x4d, 0x70, 0x6f, 0x4f, 0x4f, 0x90, 0x4e, 0x4f,
  0x6d, 0x38, 0x31, 0x31, 0x49, 0x15, 0x15, 0x00, 0x00, 0x01, 0x00, 0x00,
  0xff, 0xc0, 0x04, 0x00, 0x03, 0xc0, 0x00, 0x28, 0x00, 0x00, 0x01, 0x32,
  0x17, 0x1e, 0x01, 0x17, 0x16, 0x15, 0x14, 0x07, 0x0e, 0x01, 0x07, 0x06,
  0x07, 0x26, 0x27, 0x2e, 0x01, 0x27, 0x26, 0x35, 0x34, 0x37, 0x3e, 0x01,
  0x37, 0x36, 0x33, 0x32, 0x16, 0x17, 0x07, 0x17, 0x03, 0x01, 0x27, 0x37,
  0x3e, 0x01, 0x33, 0x02, 0xf3, 0x38, 0x31, 0x31, 0x49, 0x15, 0x15, 0x34,
  0x35, 0x9b, 0x59, 0x59, 0x4a, 0x4e, 0x5a, 0x59, 0x99, 0x33, 0x33, 0x15,
  0x15, 0x49, 0x31, 0x31, 0x38, 0x2d, 0x52, 0x22, 0x4e, 0xe0, 0x80, 0x01,
  0x60, 0xe0, 0x3e, 0x1a, 0x3c, 0x1f, 0x03, 0x80, 0x15, 0x15, 0x49, 0x31,
  0x31, 0x38, 0x6d, 0x4f, 0x4e, 0x90, 0x4f, 0x4f, 0x6f, 0x70, 0x4d, 0x4e,
  0x8e, 0x4f, 0x4e, 0x71, 0x38, 0x31, 0x31, 0x49, 0x15, 0x15, 0x26, 0x1e,
  0x7c, 0x80, 0xfe, 0xc0, 0x01, 0x80, 0x80, 0x5d, 0x10, 0x13, 0x00, 0x00,
  0x00, 0x02, 0x00, 0x00, 0xff, 0xc0, 0x02, 0x80, 0x03, 0xc0, 0x00, 0x0b,
  0x00, 0x1d, 0x00, 0x00, 0x01, 0x14, 0x06, 0x23, 0x22, 0x26, 0x35, 0x34,
  0x36, 0x33, 0x32, 0x16, 0x15, 0x23, 0x22, 0x06, 0x15, 0x11, 0x33, 0x11,
  0x33, 0x11, 0x33, 0x11, 0x33, 0x11, 0x33, 0x11, 0x34, 0x26, 0x02, 0x40,
  0x38, 0x28, 0x28, 0x38, 0x38, 0x28, 0x28, 0x38, 0xc0, 0x1b, 0x25, 0x40,
  0x50, 0x20, 0x50, 0x40, 0x25, 0x03, 0x60, 0x28, 0x38, 0x38, 0x28, 0x28,
  0x38, 0x38, 0xc8, 0x25, 0x1b, 0xfe, 0xc0, 0xfe, 0x80, 0x01, 0x80, 0xfe,
  0x80, 0x01, 0x80, 0x01, 0x40, 0x1b, 0x25, 0x00, 0x00, 0x02, 0x00, 0x00,
  0xff, 0xc0, 0x03, 0x00, 0x03, 0xc0, 0x00, 0x0b, 0x00, 0x26, 0x00, 0x00,
  0x01, 0x14, 0x06, 0x23, 0x22, 0x26, 0x35, 0x34, 0x36, 0x33, 0x32, 0x16,
  0x13, 0x37, 0x27, 0x2e, 0x01, 0x23, 0x21, 0x22, 0x06, 0x0f, 0x01, 0x17,
  0x37, 0x17, 0x07, 0x33, 0x13, 0x33, 0x11, 0x33, 0x11, 0x33, 0x13, 0x33,
  0x27, 0x37, 0x17, 0x02, 0x40, 0x38, 0x28, 0x28, 0x38, 0x38, 0x28, 0x28,
  0x38, 0x8f, 0x31, 0x85, 0x05, 0x0e, 0x08, 0xff, 0x00, 0x08, 0x0e, 0x05,
  0x85, 0x31, 0x6f, 0x26, 0x86, 0x7b, 0x15, 0x40, 0x20, 0x40, 0x15, 0x7b,
  0x86, 0x26, 0x6f, 0x03, 0x60, 0x28, 0x38, 0x38, 0x28, 0x28, 0x38, 0x38,
  0xfe, 0x38, 0x23, 0xcf, 0x06, 0x08, 0x08, 0x06, 0xce, 0x24, 0x90, 0x5a,
  0xf6, 0xfe, 0xc0, 0x01, 0x40, 0xfe, 0xc0, 0x01, 0x40, 0xf6, 0x5a, 0x90,
  0x00, 0x04, 0x00, 0x00, 0xff, 0xc0, 0x04, 0x00, 0x03, 0xc0, 0x00, 0x0b,
  0x00, 0x17, 0x00, 0x29, 0x00, 0x44, 0x00, 0x00, 0x01, 0x14, 0x06, 0x23,
  0x22, 0x26, 0x35, 0x34, 0x36, 0x33, 0x32, 0x16, 0x05, 0x14, 0x06, 0x23,
  0x22, 0x26, 0x35, 0x34, 0x36, 0x33, 0x32, 0x16, 0x05, 0x23, 0x22, 0x06,
  0x15, 0x11, 0x33, 0x11, 0x33, 0x11, 0x33, 0x11, 0x33, 0x11, 0x33, 0x11,
  0x34, 0x26, 0x01, 0x37, 0x27, 0x2e, 0x01, 0x23, 0x21, 0x22, 0x06, 0x0f,
  0x01, 0x17, 0x37, 0x17, 0x07, 0x33, 0x13, 0x33, 0x11, 0x33, 0x11, 0x33,
  0x13, 0x33, 0x27, 0x37, 0x17, 0x01, 0x00, 0x38, 0x28, 0x28, 0x38, 0x38,
  0x28, 0x28, 0x38, 0x02, 0x40, 0x38, 0x28, 0x28, 0x38, 0x38, 0x28, 0x28,
  0x38, 0xfd, 0xc0, 0xc0, 0x1b, 0x25, 0x40, 0x50, 0x20, 0x50, 0x40, 0x25,
  0x02, 0xb4, 0x31, 0x85, 0x05, 0x0e, 0x08, 0xff, 0x00, 0x08, 0x0e, 0x05,
  0x85, 0x31, 0x6f, 0x26, 0x86, 0x7b, 0x15, 0x40, 0x20, 0x40, 0x15, 0x7b,
  0x86, 0x26, 0x6f, 0x03, 0x60, 0x28, 0x38, 0x38, 0x28, 0x28, 0x38, 0x38,
  0x28, 0x28, 0x38, 0x38, 0x28, 0x28, 0x38, 0x38, 0xc8, 0x25, 0x1b, 0xfe,
  0xc0, 0xfe, 0x80, 0x01, 0x80, 0xfe, 0x80, 0x01, 0x80, 0x01, 0x40, 0x1b,
  0x25, 0xff, 0x00, 0x23, 0xcf, 0x06, 0x08, 0x08, 0x06, 0xce, 0x24, 0x90,
  0x5a, 0xf6, 0xfe, 0xc0, 0x01, 0x40, 0xfe, 0xc0, 0x01, 0x40, 0xf6, 0x5a,
  0x90, 0x00, 0x00, 0x00, 0x00, 0x05, 0x00, 0x00, 0xff, 0xc0, 0x04, 0x00,
  0x03, 0xc0, 0x00, 0x1b, 0x00, 0x37, 0x00, 0x53, 0x00, 0x5f, 0x00, 0x6b,
  0x00, 0x00, 0x05, 0x32, 0x37, 0x3e, 0x01, 0x37, 0x36, 0x35, 0x34, 0x27,
  0x2e, 0x01, 0x27, 0x26, 0x23, 0x22, 0x07, 0x0e, 0x01, 0x07, 0x06, 0x15,
  0x14, 0x17, 0x1e, 0x01, 0x17, 0x16, 0x13, 0x32, 0x17, 0x1e, 0x01, 0x17,
  0x16, 0x15, 0x14, 0x07, 0x0e, 0x01, 0x07, 0x06, 0x23, 0x22, 0x27, 0x2e,
  0x01, 0x27, 0x26, 0x35, 0x34, 0x37, 0x3e, 0x01, 0x37, 0x36, 0x13, 0x32,
  0x37, 0x3e, 0x01, 0x37, 0x36, 0x37, 0x06, 0x07, 0x0e, 0x01, 0x07, 0x06,
  0x23, 0x22, 0x27, 0x2e, 0x01, 0x27, 0x26, 0x27, 0x16, 0x17, 0x1e, 0x01,
  0x17, 0x16, 0x27, 0x34, 0x36, 0x33, 0x32, 0x16, 0x15, 0x14, 0x06, 0x23,
  0x22, 0x26, 0x25, 0x34, 0x36, 0x33, 0x32, 0x16, 0x15, 0x14, 0x06, 0x23,
  0x22, 0x26, 0x02, 0x00, 0x6a, 0x5d, 0x5e, 0x8b, 0x28, 0x28, 0x28, 0x28,
  0x8b, 0x5e, 0x5d, 0x6a, 0x6a, 0x5d, 0x5e, 0x8b, 0x28, 0x28, 0x28, 0x28,
  0x8b, 0x5e, 0x5d, 0x6a, 0x56, 0x4c, 0x4c, 0x71, 0x20, 0x21, 0x21, 0x20,
  0x71, 0x4c, 0x4c, 0x56, 0x56, 0x4c, 0x4c, 0x71, 0x20, 0x21, 0x21, 0x20,
  0x71, 0x4c, 0x4c, 0x56, 0x2b, 0x2b, 0x2a, 0x51, 0x26, 0x26, 0x23, 0x05,
  0x1c, 0x1b, 0x56, 0x38, 0x37, 0x3f, 0x3f, 0x37, 0x38, 0x56, 0x1b, 0x1c,
  0x05, 0x23, 0x26, 0x26, 0x51, 0x2a, 0x2b, 0xd5, 0x25, 0x1b, 0x1b, 0x25,
  0x25, 0x1b, 0x1b, 0x25, 0x01, 0x80, 0x25, 0x1b, 0x1b, 0x25, 0x25, 0x1b,
  0x1b, 0x25, 0x40, 0x28, 0x28, 0x8b, 0x5e, 0x5d, 0x6a, 0x6a, 0x5d, 0x5e,
  0x8b, 0x28, 0x28, 0x28, 0x28, 0x8b, 0x5e, 0x5d, 0x6a, 0x6a, 0x5d, 0x5e,
  0x8b, 0x28, 0x28, 0x03, 0xa0, 0x21, 0x20, 0x71, 0x4c, 0x4c, 0x56, 0x56,
  0x4c, 0x4c, 0x71, 0x20, 0x21, 0x21, 0x20, 0x71, 0x4c, 0x4c, 0x56, 0x56,
  0x4c, 0x4c, 0x71, 0x20, 0x21, 0xfe, 0x09, 0x06, 0x06, 0x15, 0x10, 0x10,
  0x14, 0x43, 0x3a, 0x3a, 0x56, 0x18, 0x19, 0x19, 0x18, 0x56, 0x3a, 0x3a,
  0x43, 0x14, 0x10, 0x10, 0x15, 0x06, 0x06, 0xf7, 0x28, 0x38, 0x38, 0x28,
  0x28, 0x38, 0x38, 0x28, 0x28, 0x38, 0x38, 0x28, 0x28, 0x38, 0x38, 0x00,
  0x00, 0x04, 0x00, 0x00, 0xff, 0xc0, 0x04, 0x00, 0x03, 0xc0, 0x00, 0x1b,
  0x00, 0x27, 0x00, 0x33, 0x00, 0x4f, 0x00, 0x00, 0x01, 0x22, 0x07, 0x0e,
  0x01, 0x07, 0x06, 0x15, 0x14, 0x17, 0x1e, 0x01, 0x17, 0x16, 0x33, 0x32,
  0x37, 0x3e, 0x01, 0x37, 0x36, 0x35, 0x34, 0x27, 0x2e, 0x01, 0x27, 0x26,
  0x13, 0x32, 0x16, 0x15, 0x14, 0x06, 0x23, 0x22, 0x26, 0x35, 0x34, 0x36,
  0x21, 0x32, 0x16, 0x15, 0x14, 0x06, 0x23, 0x22, 0x26, 0x35, 0x34, 0x36,
  0x13, 0x22, 0x27, 0x2e, 0x01, 0x27, 0x26, 0x27, 0x16, 0x17, 0x1e, 0x01,
  0x17, 0x16, 0x33, 0x32, 0x37, 0x3e, 0x01, 0x37, 0x36, 0x37, 0x06, 0x07,
  0x0e, 0x01, 0x07, 0x06, 0x02, 0x00, 0x6a, 0x5d, 0x5e, 0x8b, 0x28, 0x28,
  0x28, 0x28, 0x8b, 0x5e, 0x5d, 0x6a, 0x6a, 0x5d, 0x5e, 0x8b, 0x28, 0x28,
  0x28, 0x28, 0x8b, 0x5e, 0x5d, 0x56, 0x1b, 0x25, 0x25, 0x1b, 0x1b, 0x25,
  0x25, 0xfe, 0x9b, 0x1b, 0x25, 0x25, 0x1b, 0x1b, 0x25, 0x25, 0xdb, 0x3f,
  0x37, 0x38, 0x56, 0x1b, 0x1c, 0x05, 0x23, 0x26, 0x26, 0x51, 0x2a, 0x2b,
  0x2b, 0x2b, 0x2b, 0x2a, 0x51, 0x26, 0x26, 0x23, 0x05, 0x1c, 0x1b, 0x56,
  0x38, 0x37, 0x03, 0xc0, 0x28, 0x28, 0x8b, 0x5e, 0x5d, 0x6a, 0x6a, 0x5d,
  0x5e, 0x8b, 0x28, 0x28, 0x28, 0x28, 0x8b, 0x5e, 0x5d, 0x6a, 0x6a, 0x5d,
  0x5e, 0x8b, 0x28, 0x28, 0xff, 0x00, 0x38, 0x28, 0x28, 0x38, 0x38, 0x28,
  0x28, 0x38, 0x38, 0x28, 0x28, 0x38, 0x38, 0x28, 0x28, 0x38, 0xfd, 0x80,
  0x19, 0x18, 0x56, 0x3a, 0x3a, 0x43, 0x14, 0x10, 0x10, 0x15, 0x06, 0x06,
  0x06, 0x06, 0x15, 0x10, 0x10, 0x14, 0x43, 0x3a, 0x3a, 0x56, 0x18, 0x19,
  0x00, 0x05, 0x00, 0x00, 0xff, 0xc0, 0x04, 0x00, 0x03, 0xc0, 0x00, 0x1b,
  0x00, 0x37, 0x00, 0x43, 0x00, 0x4f, 0x00, 0x65, 0x00, 0x00, 0x05, 0x32,
  0x37, 0x3e, 0x01, 0x37, 0x36, 0x35, 0x34, 0x27, 0x2e, 0x01, 0x27, 0x26,
  0x23, 0x22, 0x07, 0x0e, 0x01, 0x07, 0x06, 0x15, 0x14, 0x17, 0x1e, 0x01,
  0x17, 0x16, 0x13, 0x32, 0x17, 0x1e, 0x01, 0x17, 0x16, 0x15, 0x14, 0x07,
  0x0e, 0x01, 0x07, 0x06, 0x23, 0x22, 0x27, 0x2e, 0x01, 0x27, 0x26, 0x35,
  0x34, 0x37, 0x3e, 0x01, 0x37, 0x36, 0x07, 0x34, 0x36, 0x33, 0x32, 0x16,
  0x15, 0x14, 0x06, 0x23, 0x22, 0x26, 0x25, 0x34, 0x36, 0x33, 0x32, 0x16,
  0x15, 0x14, 0x06, 0x23, 0x22, 0x26, 0x13, 0x17, 0x06, 0x07, 0x0e, 0x01,
  0x07, 0x06, 0x23, 0x22, 0x27, 0x2e, 0x01, 0x27, 0x26, 0x27, 0x37, 0x1e,
  0x01, 0x33, 0x32, 0x36, 0x02, 0x00, 0x6a, 0x5d, 0x5e, 0x8b, 0x28, 0x28,
  0x28, 0x28, 0x8b, 0x5e, 0x5d, 0x6a, 0x6a, 0x5d, 0x5e, 0x8b, 0x28, 0x28,
  0x28, 0x28, 0x8b, 0x5e, 0x5d, 0x6a, 0x56, 0x4c, 0x4c, 0x71, 0x20, 0x21,
  0x21, 0x20, 0x71, 0x4c, 0x4c, 0x56, 0x56, 0x4c, 0x4c, 0x71, 0x20, 0x21,
  0x21, 0x20, 0x71, 0x4c, 0x4c, 0xaa, 0x25, 0x1b, 0x1b, 0x25, 0x25, 0x1b,
  0x1b, 0x25, 0x01, 0x80, 0x25, 0x1b, 0x1b, 0x25, 0x25, 0x1b, 0x1b, 0x25,
  0x40, 0x52, 0x15, 0x1d, 0x1d, 0x46, 0x29, 0x28, 0x2c, 0x2c, 0x28, 0x29,
  0x46, 0x1d, 0x1d, 0x15, 0x52, 0x1d, 0x66, 0x3d, 0x3d, 0x66, 0x40, 0x28,
  0x28, 0x8b, 0x5e, 0x5d, 0x6a, 0x6a, 0x5d, 0x5e, 0x8b, 0x28, 0x28, 0x28,
  0x28, 0x8b, 0x5e, 0x5d, 0x6a, 0x6a, 0x5d, 0x5e, 0x8b, 0x28, 0x28, 0x03,
  0xa0, 0x21, 0x20, 0x71, 0x4c, 0x4c, 0x56, 0x56, 0x4c, 0x4c, 0x71, 0x20,
  0x21, 0x21, 0x20, 0x71, 0x4c, 0x4c, 0x56, 0x56, 0x4c, 0x4c, 0x71, 0x20,
  0x21, 0xe0, 0x1b, 0x25, 0x25, 0x1b, 0x1b, 0x25, 0x25, 0x1b, 0x1b, 0x25,
  0x25, 0x1b, 0x1b, 0x25, 0x25, 0xfe, 0xe8, 0x32, 0x23, 0x1c, 0x1d, 0x29,
  0x0b, 0x0b, 0x0b, 0x0b, 0x29, 0x1d, 0x1c, 0x23, 0x32, 0x31, 0x3c, 0x3c,
  0x00, 0x04, 0x00, 0x00, 0xff, 0xc0, 0x04, 0x00, 0x03, 0xc0, 0x00, 0x1b,
  0x00, 0x27, 0x00, 0x33, 0x00, 0x4a, 0x00, 0x00, 0x01, 0x22, 0x07, 0x0e,
  0x01, 0x07, 0x06, 0x15, 0x14, 0x17, 0x1e, 0x01, 0x17, 0x16, 0x33, 0x32,
  0x37, 0x3e, 0x01, 0x37, 0x36, 0x35, 0x34, 0x27, 0x2e, 0x01, 0x27, 0x26,
  0x13, 0x32, 0x16, 0x15, 0x14, 0x06, 0x23, 0x22, 0x26, 0x35, 0x34, 0x36,
  0x21, 0x32, 0x16, 0x15, 0x14, 0x06, 0x23, 0x22, 0x26, 0x35, 0x34, 0x36,
  0x13, 0x22, 0x27, 0x2e, 0x01, 0x27, 0x26, 0x27, 0x37, 0x1e, 0x01, 0x33,
  0x32, 0x36, 0x37, 0x17, 0x06, 0x07, 0x0e, 0x01, 0x07, 0x06, 0x23, 0x02,
  0x00, 0x6a, 0x5d, 0x5e, 0x8b, 0x28, 0x28, 0x28, 0x28, 0x8b, 0x5e, 0x5d,
  0x6a, 0x6a, 0x5d, 0x5e, 0x8b, 0x28, 0x28, 0x28, 0x28, 0x8b, 0x5e, 0x5d,
  0x56, 0x1b, 0x25, 0x25, 0x1b, 0x1b, 0x25, 0x25, 0xfe, 0x9b, 0x1b, 0x25,
  0x25, 0x1b, 0x1b, 0x25, 0x25, 0xdb, 0x2c, 0x28, 0x29, 0x46, 0x1d, 0x1d,
  0x15, 0x52, 0x1d, 0x66, 0x3d, 0x3d, 0x66, 0x1d, 0x52, 0x15, 0x1d, 0x1d,
  0x46, 0x29, 0x28, 0x2c, 0x03, 0xc0, 0x28, 0x28, 0x8b, 0x5e, 0x5d, 0x6a,
  0x6a, 0x5d, 0x5e, 0x8b, 0x28, 0x28, 0x28, 0x28, 0x8b, 0x5e, 0x5d, 0x6a,
  0x6a, 0x5d, 0x5e, 0x8b, 0x28, 0x28, 0xff, 0x00, 0x25, 0x1b, 0x1b, 0x25,
  0x25, 0x1b, 0x1b, 0x25, 0x25, 0x1b, 0x1b, 0x25, 0x25, 0x1b, 0x1b, 0x25,
  0xfd, 0xc0, 0x0b, 0x0b, 0x29, 0x1d, 0x1c, 0x23, 0x32, 0x31, 0x3c, 0x3c,
  0x31, 0x32, 0x23, 0x1c, 0x1d, 0x29, 0x0b, 0x0b, 0x00, 0x05, 0x00, 0x00,
  0xff, 0xc0, 0x04, 0x00, 0x03, 0xc0, 0x00, 0x1b, 0x00, 0x37, 0x00, 0x43,
  0x00, 0x4f, 0x00, 0x5c, 0x00, 0x00, 0x05, 0x32, 0x37, 0x3e, 0x01, 0x37,
  0x36, 0x35, 0x34, 0x27, 0x2e, 0x01, 0x27, 0x26, 0x23, 0x22, 0x07, 0x0e,
  0x01, 0x07, 0x06, 0x15, 0x14, 0x17, 0x1e, 0x01, 0x17, 0x16, 0x13, 0x32,
  0x17, 0x1e, 0x01, 0x17, 0x16, 0x15, 0x14, 0x07, 0x0e, 0x01, 0x07, 0x06,
  0x23, 0x22, 0x27, 0x2e, 0x01, 0x27, 0x26, 0x35, 0x34, 0x37, 0x3e, 0x01,
  0x37, 0x36, 0x07, 0x34, 0x36, 0x33, 0x32, 0x16, 0x15, 0x14, 0x06, 0x23,
  0x22, 0x26, 0x25, 0x34, 0x36, 0x33, 0x32, 0x16, 0x15, 0x14, 0x06, 0x23,
  0x22, 0x26, 0x17, 0x15, 0x23, 0x15, 0x14, 0x06, 0x23, 0x22, 0x26, 0x3d,
  0x01, 0x21, 0x35, 0x02, 0x00, 0x6a, 0x5d, 0x5e, 0x8b, 0x28, 0x28, 0x28,
  0x28, 0x8b, 0x5e, 0x5d, 0x6a, 0x6a, 0x5d, 0x5e, 0x8b, 0x28, 0x28, 0x28,
  0x28, 0x8b, 0x5e, 0x5d, 0x6a, 0x56, 0x4c, 0x4c, 0x71, 0x20, 0x21, 0x21,
  0x20, 0x71, 0x4c, 0x4c, 0x56, 0x56, 0x4c, 0x4c, 0x71, 0x20, 0x21, 0x21,
  0x20, 0x71, 0x4c, 0x4c, 0xaa, 0x25, 0x1b, 0x1b, 0x25, 0x25, 0x1b, 0x1b,
  0x25, 0x01, 0x80, 0x25, 0x1b, 0x1b, 0x25, 0x25, 0x1b, 0x1b, 0x25, 0x80,
  0x40, 0x38, 0x28, 0x28, 0x38, 0xff, 0x00, 0x40, 0x28, 0x28, 0x8b, 0x5e,
  0x5d, 0x6a, 0x6a, 0x5d, 0x5e, 0x8b, 0x28, 0x28, 0x28, 0x28, 0x8b, 0x5e,
  0x5d, 0x6a, 0x6a, 0x5d, 0x5e, 0x8b, 0x28, 0x28, 0x03, 0xa0, 0x21, 0x20,
  0x71, 0x4c, 0x4c, 0x56, 0x56, 0x4c, 0x4c, 0x71, 0x20, 0x21, 0x21, 0x20,
  0x71, 0x4c, 0x4c, 0x56, 0x56, 0x4c, 0x4c, 0x71, 0x20, 0x21, 0xe0, 0x1b,
  0x25, 0x25, 0x1b, 0x1b, 0x25, 0x25, 0x1b, 0x1b, 0x25, 0x25, 0x1b, 0x1b,
  0x25, 0x25, 0xe5, 0x40, 0x60, 0x28, 0x38, 0x38, 0x28, 0x60, 0x40, 0x00,
  0x00, 0x04, 0x00, 0x00, 0xff, 0xc0, 0x04, 0x00, 0x03, 0xc0, 0x00, 0x1b,
  0x00, 0x27, 0x00, 0x34, 0x00, 0x40, 0x00, 0x00, 0x01, 0x22, 0x07, 0x0e,
  0x01, 0x07, 0x06, 0x15, 0x14, 0x17, 0x1e, 0x01, 0x17, 0x16, 0x33, 0x32,
  0x37, 0x3e, 0x01, 0x37, 0x36, 0x35, 0x34, 0x27, 0x2e, 0x01, 0x27, 0x26,
  0x01, 0x32, 0x16, 0x15, 0x14, 0x06, 0x23, 0x22, 0x26, 0x35, 0x34, 0x36,
  0x01, 0x23, 0x15, 0x14, 0x06, 0x23, 0x22, 0x26, 0x3d, 0x01, 0x21, 0x35,
  0x21, 0x27, 0x22, 0x26, 0x35, 0x34, 0x36, 0x33, 0x32, 0x16, 0x15, 0x14,
  0x06, 0x02, 0x00, 0x6a, 0x5d, 0x5e, 0x8b, 0x28, 0x28, 0x28, 0x28, 0x8b,
  0x5e, 0x5d, 0x6a, 0x6a, 0x5d, 0x5e, 0x8b, 0x28, 0x28, 0x28, 0x28, 0x8b,
  0x5e, 0x5d, 0xfe, 0xd6, 0x1b, 0x25, 0x25, 0x1b, 0x1b, 0x25, 0x25, 0x01,
  0xdb, 0x40, 0x38, 0x28, 0x28, 0x38, 0xff, 0x00, 0x02, 0x00, 0x40, 0x1b,
  0x25, 0x25, 0x1b, 0x1b, 0x25, 0x25, 0x03, 0xc0, 0x28, 0x28, 0x8b, 0x5e,
  0x5d, 0x6a, 0x6a, 0x5d, 0x5e, 0x8b, 0x28, 0x28, 0x28, 0x28, 0x8b, 0x5e,
  0x5d, 0x6a, 0x6a, 0x5d, 0x5e, 0x8b, 0x28, 0x28, 0xff, 0x00, 0x25, 0x1b,
  0x1b, 0x25, 0x25, 0x1b, 0x1b, 0x25, 0xfe, 0x80, 0x60, 0x28, 0x38, 0x38,
  0x28, 0x60, 0x40, 0xc0, 0x25, 0x1b, 0x1b, 0x25, 0x25, 0x1b, 0x1b, 0x25,
  0x00, 0x05, 0x00, 0x00, 0xff, 0xc0, 0x04, 0x00, 0x03, 0xc0, 0x00, 0x1b,
  0x00, 0x37, 0x00, 0x43, 0x00, 0x4f, 0x00, 0x66, 0x00, 0x00, 0x05, 0x32,
  0x37, 0x3e, 0x01, 0x37, 0x36, 0x35, 0x34, 0x27, 0x2e, 0x01, 0x27, 0x26,
  0x23, 0x22, 0x07, 0x0e, 0x01, 0x07, 0x06, 0x15, 0x14, 0x17, 0x1e, 0x01,
  0x17, 0x16, 0x13, 0x32, 0x17, 0x1e, 0x01, 0x17, 0x16, 0x15, 0x14, 0x07,
  0x0e, 0x01, 0x07, 0x06, 0x23, 0x22, 0x27, 0x2e, 0x01, 0x27, 0x26, 0x35,
  0x34, 0x37, 0x3e, 0x01, 0x37, 0x36, 0x07, 0x34, 0x36, 0x33, 0x32, 0x16,
  0x15, 0x14, 0x06, 0x23, 0x22, 0x26, 0x25, 0x34, 0x36, 0x33, 0x32, 0x16,
  0x15, 0x14, 0x06, 0x23, 0x22, 0x26, 0x01, 0x27, 0x36, 0x37, 0x3e, 0x01,
  0x37, 0x36, 0x33, 0x32, 0x17, 0x1e, 0x01, 0x17, 0x16, 0x17, 0x07, 0x2e,
  0x01, 0x23, 0x22, 0x06, 0x07, 0x02, 0x00, 0x6a, 0x5d, 0x5e, 0x8b, 0x28,
  0x28, 0x28, 0x28, 0x8b, 0x5e, 0x5d, 0x6a, 0x6a, 0x5d, 0x5e, 0x8b, 0x28,
  0x28, 0x28, 0x28, 0x8b, 0x5e, 0x5d, 0x6a, 0x56, 0x4c, 0x4c, 0x71, 0x20,
  0x21, 0x21, 0x20, 0x71, 0x4c, 0x4c, 0x56, 0x56, 0x4c, 0x4c, 0x71, 0x20,
  0x21, 0x21, 0x20, 0x71, 0x4c, 0x4c, 0xaa, 0x25, 0x1b, 0x1b, 0x25, 0x25,
  0x1b, 0x1b, 0x25, 0x01, 0x80, 0x25, 0x1b, 0x1b, 0x25, 0x25, 0x1b, 0x1b,
  0x25, 0xfe, 0xc0, 0x52, 0x15, 0x1d, 0x1d, 0x46, 0x29, 0x28, 0x2c, 0x2c,
  0x28, 0x29, 0x46, 0x1d, 0x1d, 0x15, 0x52, 0x1d, 0x66, 0x3d, 0x3d, 0x66,
  0x1d, 0x40, 0x28, 0x28, 0x8b, 0x5e, 0x5d, 0x6a, 0x6a, 0x5d, 0x5e, 0x8b,
  0x28, 0x28, 0x28, 0x28, 0x8b, 0x5e, 0x5d, 0x6a, 0x6a, 0x5d, 0x5e, 0x8b,
  0x28, 0x28, 0x03, 0xa0, 0x21, 0x20, 0x71, 0x4c, 0x4c, 0x56, 0x56, 0x4c,
  0x4c, 0x71, 0x20, 0x21, 0x21, 0x20, 0x71, 0x4c, 0x4c, 0x56, 0x56, 0x4c,
  0x4c, 0x71, 0x20, 0x21, 0xe0, 0x1b, 0x25, 0x25, 0x1b, 0x1b, 0x25, 0x25,
  0x1b, 0x1b, 0x25, 0x25, 0x1b, 0x1b, 0x25, 0x25, 0xfe, 0x4e, 0x32, 0x23,
  0x1c, 0x1d, 0x29, 0x0b, 0x0b, 0x0b, 0x0b, 0x29, 0x1d, 0x1c, 0x23, 0x32,
  0x31, 0x3c, 0x3c, 0x31, 0x00, 0x04, 0x00, 0x00, 0xff, 0xc0, 0x04, 0x00,
  0x03, 0xc0, 0x00, 0x1b, 0x00, 0x27, 0x00, 0x33, 0x00, 0x49, 0x00, 0x00,
  0x01, 0x22, 0x07, 0x0e, 0x01, 0x07, 0x06, 0x15, 0x14, 0x17, 0x1e, 0x01,
  0x17, 0x16, 0x33, 0x32, 0x37, 0x3e, 0x01, 0x37, 0x36, 0x35, 0x34, 0x27,
  0x2e, 0x01, 0x27, 0x26, 0x13, 0x32, 0x16, 0x15, 0x14, 0x06, 0x23, 0x22,
  0x26, 0x35, 0x34, 0x36, 0x21, 0x32, 0x16, 0x15, 0x14, 0x06, 0x23, 0x22,
  0x26, 0x35, 0x34, 0x36, 0x01, 0x2e, 0x01, 0x23, 0x22, 0x06, 0x07, 0x27,
  0x36, 0x37, 0x3e, 0x01, 0x37, 0x36, 0x33, 0x32, 0x17, 0x1e, 0x01, 0x17,
  0x16, 0x17, 0x02, 0x00, 0x6a, 0x5d, 0x5e, 0x8b, 0x28, 0x28, 0x28, 0x28,
  0x8b, 0x5e, 0x5d, 0x6a, 0x6a, 0x5d, 0x5e, 0x8b, 0x28, 0x28, 0x28, 0x28,
  0x8b, 0x5e, 0x5d, 0x56, 0x1b, 0x25, 0x25, 0x1b, 0x1b, 0x25, 0x25, 0xfe,
  0x9b, 0x1b, 0x25, 0x25, 0x1b, 0x1b, 0x25, 0x25, 0x01, 0x9b, 0x1d, 0x66,
  0x3d, 0x3d, 0x66, 0x1d, 0x52, 0x15, 0x1d, 0x1d, 0x46, 0x29, 0x28, 0x2c,
  0x2c, 0x28, 0x29, 0x46, 0x1d, 0x1d, 0x15, 0x03, 0xc0, 0x28, 0x28, 0x8b,
  0x5e, 0x5d, 0x6a, 0x6a, 0x5d, 0x5e, 0x8b, 0x28, 0x28, 0x28, 0x28, 0x8b,
  0x5e, 0x5d, 0x6a, 0x6a, 0x5d, 0x5e, 0x8b, 0x28, 0x28, 0xff, 0x00, 0x25,
  0x1b, 0x1b, 0x25, 0x25, 0x1b, 0x1b, 0x25, 0x25, 0x1b, 0x1b, 0x25, 0x25,
  0x1b, 0x1b, 0x25, 0xfd, 0xf3, 0x31, 0x3c, 0x3c, 0x31, 0x32, 0x23, 0x1c,
  0x1d, 0x29, 0x0b, 0x0b, 0x0b, 0x0b, 0x29, 0x1d, 0x1c, 0x23, 0x00, 0x00,
  0x00, 0x05, 0x00, 0x00, 0xff, 0xc0, 0x04, 0x00, 0x03, 0xc0, 0x00, 0x1b,
  0x00, 0x37, 0x00, 0x53, 0x00, 0x5f, 0x00, 0x71, 0x00, 0x00, 0x05, 0x32,
  0x37, 0x3e, 0x01, 0x37, 0x36, 0x35, 0x34, 0x27, 0x2e, 0x01, 0x27, 0x26,
  0x23, 0x22, 0x07, 0x0e, 0x01, 0x07, 0x06, 0x15, 0x14, 0x17, 0x1e, 0x01,
  0x17, 0x16, 0x13, 0x32, 0x17, 0x1e, 0x01, 0x17, 0x16, 0x15, 0x14, 0x07,
  0x0e, 0x01, 0x07, 0x06, 0x23, 0x22, 0x27, 0x2e, 0x01, 0x27, 0x26, 0x35,
  0x34, 0x37, 0x3e, 0x01, 0x37, 0x36, 0x13, 0x36, 0x37, 0x3e, 0x01, 0x37,
  0x36, 0x37, 0x06, 0x07, 0x0e, 0x01, 0x07, 0x06, 0x23, 0x22, 0x27, 0x2e,
  0x01, 0x27, 0x26, 0x27, 0x16, 0x17, 0x1e, 0x01, 0x37, 0x36, 0x13, 0x34,
  0x36, 0x33, 0x32, 0x16, 0x15, 0x14, 0x06, 0x23, 0x22, 0x26, 0x25, 0x22,
  0x06, 0x07, 0x2e, 0x01, 0x35, 0x34, 0x36, 0x33, 0x32, 0x16, 0x15, 0x14,
  0x06, 0x07, 0x2e, 0x01, 0x02, 0x00, 0x6a, 0x5d, 0x5e, 0x8b, 0x28, 0x28,
  0x28, 0x28, 0x8b, 0x5e, 0x5d, 0x6a, 0x6a, 0x5d, 0x5e, 0x8b, 0x28, 0x28,
  0x28, 0x28, 0x8b, 0x5e, 0x5d, 0x6a, 0x56, 0x4c, 0x4c, 0x71, 0x20, 0x21,
  0x21, 0x20, 0x71, 0x4c, 0x4c, 0x56, 0x56, 0x4c, 0x4c, 0x71, 0x20, 0x21,
  0x21, 0x20, 0x71, 0x4c, 0x4c, 0x75, 0x34, 0x2e, 0x2f, 0x4a, 0x1b, 0x1b,
  0x0f, 0x08, 0x1d, 0x1d, 0x58, 0x39, 0x38, 0x40, 0x2c, 0x2a, 0x29, 0x49,
  0x1e, 0x1e, 0x17, 0x1b, 0x24, 0x23, 0x55, 0x2f, 0x2f, 0x92, 0x25, 0x1b,
  0x1b, 0x25, 0x25, 0x1b, 0x1b, 0x25, 0xfe, 0xe0, 0x1f, 0x32, 0x0a, 0x02,
  0x03, 0x38, 0x28, 0x28, 0x38, 0x03, 0x02, 0x0a, 0x32, 0x40, 0x28, 0x28,
  0x8b, 0x5e, 0x5d, 0x6a, 0x6a, 0x5d, 0x5e, 0x8b, 0x28, 0x28, 0x28, 0x28,
  0x8b, 0x5e, 0x5d, 0x6a, 0x6a, 0x5d, 0x5e, 0x8b, 0x28, 0x28, 0x03, 0xa0,
  0x21, 0x20, 0x71, 0x4c, 0x4c, 0x56, 0x56, 0x4c, 0x4c, 0x71, 0x20, 0x21,
  0x21, 0x20, 0x71, 0x4c, 0x4c, 0x56, 0x56, 0x4c, 0x4c, 0x71, 0x20, 0x21,
  0xfd, 0x99, 0x0a, 0x11, 0x11, 0x2d, 0x1c, 0x1c, 0x20, 0x3f, 0x37, 0x36,
  0x50, 0x17, 0x17, 0x0c, 0x0b, 0x2a, 0x1e, 0x1e, 0x24, 0x15, 0x0c, 0x0d,
  0x09, 0x03, 0x02, 0x01, 0x71, 0x28, 0x38, 0x38, 0x28, 0x28, 0x38, 0x38,
  0x14, 0x15, 0x10, 0x04, 0x1e, 0x05, 0x17, 0x21, 0x21, 0x17, 0x05, 0x1e,
  0x04, 0x10, 0x15, 0x00, 0x00, 0x04, 0x00, 0x00, 0xff, 0xc0, 0x04, 0x00,
  0x03, 0xc0, 0x00, 0x1b, 0x00, 0x27, 0x00, 0x39, 0x00, 0x56, 0x00, 0x00,
  0x01, 0x22, 0x07, 0x0e, 0x01, 0x07, 0x06, 0x15, 0x14, 0x17, 0x1e, 0x01,
  0x17, 0x16, 0x33, 0x32, 0x37, 0x3e, 0x01, 0x37, 0x36, 0x35, 0x34, 0x27,
  0x2e, 0x01, 0x27, 0x26, 0x13, 0x32, 0x16, 0x15, 0x14, 0x06, 0x23, 0x22,
  0x26, 0x35, 0x34, 0x36, 0x05, 0x32, 0x16, 0x15, 0x14, 0x16, 0x07, 0x2e,
  0x01, 0x23, 0x22, 0x06, 0x07, 0x26, 0x36, 0x35, 0x34, 0x36, 0x13, 0x22,
  0x27, 0x2e, 0x01, 0x27, 0x26, 0x27, 0x16, 0x17, 0x1e, 0x01, 0x37, 0x36,
  0x37, 0x36, 0x37, 0x3e, 0x01, 0x37, 0x36, 0x37, 0x06, 0x07, 0x0e, 0x01,
  0x07, 0x06, 0x23, 0x02, 0x00, 0x6a, 0x5d, 0x5e, 0x8b, 0x28, 0x28, 0x28,
  0x28, 0x8b, 0x5e, 0x5d, 0x6a, 0x6a, 0x5d, 0x5e, 0x8b, 0x28, 0x28, 0x28,
  0x28, 0x8b, 0x5e, 0x5d, 0x56, 0x1b, 0x25, 0x25, 0x1b, 0x1b, 0x25, 0x25,
  0xfe, 0xbb, 0x2d, 0x39, 0x03, 0x03, 0x0b, 0x38, 0x23, 0x23, 0x38, 0x0b,
  0x03, 0x03, 0x39, 0xc1, 0x2c, 0x2a, 0x29, 0x49, 0x1e, 0x1e, 0x17, 0x1b,
  0x24, 0x23, 0x55, 0x2f, 0x2f, 0x31, 0x34, 0x2e, 0x2f, 0x4a, 0x1b, 0x1b,
  0x0f, 0x08, 0x1d, 0x1d, 0x58, 0x39, 0x38, 0x40, 0x03, 0xc0, 0x28, 0x28,
  0x8b, 0x5e, 0x5d, 0x6a, 0x6a, 0x5d, 0x5e, 0x8b, 0x28, 0x28, 0x28, 0x28,
  0x8b, 0x5e, 0x5d, 0x6a, 0x6a, 0x5d, 0x5e, 0x8b, 0x28, 0x28, 0xff, 0x00,
  0x38, 0x28, 0x28, 0x38, 0x38, 0x28, 0x28, 0x38, 0x38, 0x1f, 0x1a, 0x06,
  0x27, 0x05, 0x12, 0x18, 0x18, 0x12, 0x05, 0x27, 0x06, 0x1a, 0x1f, 0xfd,
  0xf8, 0x0c, 0x0b, 0x2a, 0x1e, 0x1e, 0x24, 0x15, 0x0c, 0x0d, 0x09, 0x03,
  0x02, 0x0a, 0x0a, 0x11, 0x11, 0x2d, 0x1c, 0x1c, 0x20, 0x3f, 0x37, 0x36,
  0x50, 0x17, 0x17, 0x00, 0x00, 0x08, 0x00, 0x00, 0xff, 0xc0, 0x04, 0x00,
  0x03, 0xc0, 0x00, 0x1b, 0x00, 0x37, 0x00, 0x49, 0x00, 0x51, 0x00, 0x55,
  0x00, 0x5d, 0x00, 0x7f, 0x00, 0xa0, 0x00, 0x00, 0x05, 0x32, 0x37, 0x3e,
  0x01, 0x37, 0x36, 0x35, 0x34, 0x27, 0x2e, 0x01, 0x27, 0x26, 0x23, 0x22,
  0x07, 0x0e, 0x01, 0x07, 0x06, 0x15, 0x14, 0x17, 0x1e, 0x01, 0x17, 0x16,
  0x13, 0x32, 0x17, 0x1e, 0x01, 0x17, 0x16, 0x15, 0x14, 0x07, 0x0e, 0x01,
  0x07, 0x06, 0x23, 0x22, 0x27, 0x2e, 0x01, 0x27, 0x26, 0x35, 0x34, 0x37,
  0x3e, 0x01, 0x37, 0x36, 0x03, 0x15, 0x14, 0x17, 0x1e, 0x01, 0x17, 0x16,
  0x3b, 0x01, 0x32, 0x37, 0x3e, 0x01, 0x37, 0x36, 0x3d, 0x01, 0x05, 0x2e,
  0x01, 0x27, 0x2e, 0x01, 0x35, 0x33, 0x17, 0x23, 0x35, 0x33, 0x17, 0x0e,
  0x01, 0x07, 0x35, 0x33, 0x14, 0x06, 0x01, 0x38, 0x01, 0x31, 0x32, 0x36,
  0x37, 0x3e, 0x01, 0x33, 0x32, 0x16, 0x17, 0x1e, 0x01, 0x33, 0x32, 0x36,
  0x37, 0x3e, 0x01, 0x35, 0x34, 0x26, 0x23, 0x22, 0x06, 0x15, 0x14, 0x16,
  0x17, 0x1e, 0x01, 0x33, 0x21, 0x38, 0x01, 0x31, 0x32, 0x36, 0x37, 0x3e,
  0x01, 0x33, 0x32, 0x16, 0x17, 0x1e, 0x01, 0x33, 0x32, 0x36, 0x37, 0x3e,
  0x01, 0x35, 0x34, 0x26, 0x23, 0x22, 0x06, 0x15, 0x14, 0x16, 0x17, 0x1e,
  0x01, 0x02, 0x00, 0x6a, 0x5d, 0x5e, 0x8b, 0x28, 0x28, 0x28, 0x28, 0x8b,
  0x5e, 0x5d, 0x6a, 0x6a, 0x5d, 0x5e, 0x8b, 0x28, 0x28, 0x28, 0x28, 0x8b,
  0x5e, 0x5d, 0x6a, 0x56, 0x4c, 0x4c, 0x71, 0x20, 0x21, 0x21, 0x20, 0x71,
  0x4c, 0x4c, 0x56, 0x56, 0x4c, 0x4c, 0x71, 0x20, 0x21, 0x21, 0x20, 0x71,
  0x4c, 0x4c, 0xea, 0x14, 0x14, 0x46, 0x2f, 0x2e, 0x35, 0x80, 0x35, 0x2e,
  0x2f, 0x46, 0x14, 0x14, 0xfe, 0x40, 0x14, 0x24, 0x10, 0x1b, 0x1d, 0x80,
  0xc0, 0x80, 0x80, 0x88, 0x10, 0x24, 0x14, 0x80, 0x1d, 0xfd, 0xfe, 0x08,
  0x0b, 0x01, 0x05, 0x2a, 0x1c, 0x1c, 0x2a, 0x05, 0x01, 0x0b, 0x08, 0x07,
  0x0b, 0x01, 0x01, 0x01, 0x44, 0x30, 0x30, 0x44, 0x01, 0x01, 0x01, 0x0b,
  0x07, 0x01, 0x80, 0x08, 0x0b, 0x01, 0x05, 0x2a, 0x1c, 0x1c, 0x2a, 0x05,
  0x01, 0x0b, 0x08, 0x07, 0x0b, 0x01, 0x01, 0x01, 0x44, 0x30, 0x30, 0x44,
  0x01, 0x01, 0x01, 0x0b, 0x40, 0x28, 0x28, 0x8b, 0x5e, 0x5d, 0x6a, 0x6a,
  0x5d, 0x5e, 0x8b, 0x28, 0x28, 0x28, 0x28, 0x8b, 0x5e, 0x5d, 0x6a, 0x6a,
  0x5d, 0x5e, 0x8b, 0x28, 0x28, 0x03, 0xa0, 0x21, 0x20, 0x71, 0x4c, 0x4c,
  0x56, 0x56, 0x4c, 0x4c, 0x71, 0x20, 0x21, 0x21, 0x20, 0x71, 0x4c, 0x4c,
  0x56, 0x56, 0x4c, 0x4c, 0x71, 0x20, 0x21, 0xfe, 0x60, 0x40, 0x35, 0x2e,
  0x2f, 0x46, 0x14, 0x14, 0x14, 0x14, 0x46, 0x2f, 0x2e, 0x35, 0x40, 0xf5,
  0x07, 0x17, 0x0f, 0x1c, 0x46, 0x26, 0xc0, 0xc0, 0x88, 0x0f, 0x17, 0x07,
  0xb5, 0x26, 0x46, 0x01, 0x2c, 0x09, 0x08, 0x1b, 0x24, 0x24, 0x1b, 0x08,
  0x09, 0x09, 0x08, 0x05, 0x09, 0x05, 0x30, 0x44, 0x44, 0x30, 0x05, 0x09,
  0x05, 0x08, 0x09, 0x09, 0x08, 0x1b, 0x24, 0x24, 0x1b, 0x08, 0x09, 0x09,
  0x08, 0x05, 0x09, 0x05, 0x30, 0x44, 0x44, 0x30, 0x05, 0x09, 0x05, 0x08,
  0x09, 0x00, 0x00, 0x00, 0x00, 0x06, 0x00, 0x00, 0xff, 0xc0, 0x04, 0x00,
  0x03, 0xc0, 0x00, 0x1b, 0x00, 0x3c, 0x00, 0x5e, 0x00, 0x67, 0x00, 0x6b,
  0x00, 0x74, 0x00, 0x00, 0x01, 0x22, 0x07, 0x0e, 0x01, 0x07, 0x06, 0x15,
  0x14, 0x17, 0x1e, 0x01, 0x17, 0x16, 0x33, 0x32, 0x37, 0x3e, 0x01, 0x37,
  0x36, 0x35, 0x34, 0x27, 0x2e, 0x01, 0x27, 0x26, 0x17, 0x32, 0x16, 0x15,
  0x14, 0x06, 0x07, 0x0e, 0x01, 0x23, 0x22, 0x26, 0x27, 0x2e, 0x01, 0x23,
  0x22, 0x06, 0x07, 0x0e, 0x01, 0x23, 0x38, 0x01, 0x31, 0x22, 0x26, 0x27,
  0x2e, 0x01, 0x35, 0x34, 0x36, 0x21, 0x32, 0x16, 0x15, 0x14, 0x06, 0x07,
  0x0e, 0x01, 0x23, 0x22, 0x26, 0x27, 0x2e, 0x01, 0x23, 0x22, 0x06, 0x07,
  0x0e, 0x01, 0x23, 0x38, 0x01, 0x31, 0x22, 0x26, 0x27, 0x2e, 0x01, 0x35,
  0x34, 0x36, 0x33, 0x03, 0x33, 0x15, 0x26, 0x27, 0x2e, 0x01, 0x27, 0x26,
  0x05, 0x11, 0x33, 0x11, 0x37, 0x35, 0x33, 0x14, 0x07, 0x0e, 0x01, 0x07,
  0x06, 0x02, 0x00, 0x6a, 0x5d, 0x5e, 0x8b, 0x28, 0x28, 0x28, 0x28, 0x8b,
  0x5e, 0x5d, 0x6a, 0x6a, 0x5d, 0x5e, 0x8b, 0x28, 0x28, 0x28, 0x28, 0x8b,
  0x5e, 0x5d, 0x56, 0x30, 0x44, 0x01, 0x01, 0x01, 0x0b, 0x07, 0x08, 0x0b,
  0x01, 0x05, 0x2a, 0x1c, 0x1c, 0x2a, 0x05, 0x01, 0x0b, 0x08, 0x07, 0x0b,
  0x01, 0x01, 0x01, 0x44, 0xfe, 0xb0, 0x30, 0x44, 0x01, 0x01, 0x01, 0x0b,
  0x07, 0x08, 0x0b, 0x01, 0x05, 0x2a, 0x1c, 0x1c, 0x2a, 0x05, 0x01, 0x0b,
  0x08, 0x07, 0x0b, 0x01, 0x01, 0x01, 0x44, 0x30, 0x80, 0xc0, 0x29, 0x23,
  0x24, 0x33, 0x0e, 0x0f, 0x01, 0x00, 0x80, 0x40, 0xc0, 0x0f, 0x0e, 0x33,
  0x24, 0x23, 0x03, 0xc0, 0x28, 0x28, 0x8b, 0x5e, 0x5d, 0x6a, 0x6a, 0x5d,
  0x5e, 0x8b, 0x28, 0x28, 0x28, 0x28, 0x8b, 0x5e, 0x5d, 0x6a, 0x6a, 0x5d,
  0x5e, 0x8b, 0x28, 0x28, 0xec, 0x44, 0x30, 0x05, 0x09, 0x05, 0x08, 0x09,
  0x09, 0x08, 0x1b, 0x1a, 0x1a, 0x1b, 0x08, 0x09, 0x09, 0x08, 0x05, 0x09,
  0x05, 0x30, 0x44, 0x44, 0x30, 0x05, 0x09, 0x05, 0x08, 0x09, 0x09, 0x08,
  0x1b, 0x1a, 0x1a, 0x1b, 0x08, 0x09, 0x09, 0x08, 0x05, 0x09, 0x05, 0x30,
  0x44, 0xfe, 0xac, 0xf8, 0x0b, 0x17, 0x18, 0x41, 0x28, 0x28, 0xd3, 0x01,
  0x00, 0xff, 0x00, 0x08, 0xf8, 0x2d, 0x28, 0x28, 0x41, 0x18, 0x17, 0x00,
  0x00, 0x04, 0x00, 0x00, 0xff, 0xc0, 0x04, 0x00, 0x03, 0xc0, 0x00, 0x1b,
  0x00, 0x37, 0x00, 0x59, 0x00, 0x6b, 0x00, 0x00, 0x05, 0x32, 0x37, 0x3e,
  0x01, 0x37, 0x36, 0x35, 0x34, 0x27, 0x2e, 0x01, 0x27, 0x26, 0x23, 0x22,
  0x07, 0x0e, 0x01, 0x07, 0x06, 0x15, 0x14, 0x17, 0x1e, 0x01, 0x17, 0x16,
  0x13, 0x32, 0x17, 0x1e, 0x01, 0x17, 0x16, 0x15, 0x14, 0x07, 0x0e, 0x01,
  0x07, 0x06, 0x23, 0x22, 0x27, 0x2e, 0x01, 0x27, 0x26, 0x35, 0x34, 0x37,
  0x3e, 0x01, 0x37, 0x36, 0x05, 0x32, 0x16, 0x1d, 0x01, 0x14, 0x06, 0x2b,
  0x01, 0x22, 0x26, 0x35, 0x23, 0x14, 0x06, 0x2b, 0x01, 0x22, 0x26, 0x3d,
  0x01, 0x34, 0x36, 0x3b, 0x01, 0x32, 0x16, 0x1d, 0x01, 0x33, 0x35, 0x34,
  0x36, 0x33, 0x03, 0x32, 0x36, 0x37, 0x17, 0x06, 0x07, 0x0e, 0x01, 0x07,
  0x06, 0x23, 0x22, 0x26, 0x27, 0x37, 0x1e, 0x01, 0x02, 0x00, 0x6a, 0x5d,
  0x5e, 0x8b, 0x28, 0x28, 0x28, 0x28, 0x8b, 0x5e, 0x5d, 0x6a, 0x6a, 0x5d,
  0x5e, 0x8b, 0x28, 0x28, 0x28, 0x28, 0x8b, 0x5e, 0x5d, 0x6a, 0x56, 0x4c,
  0x4c, 0x71, 0x20, 0x21, 0x21, 0x20, 0x71, 0x4c, 0x4c, 0x56, 0x56, 0x4c,
  0x4c, 0x71, 0x20, 0x21, 0x21, 0x20, 0x71, 0x4c, 0x4c, 0x01, 0x76, 0x0d,
  0x13, 0x26, 0x1a, 0x80, 0x1a, 0x26, 0x80, 0x26, 0x1a, 0x80, 0x1a, 0x26,
  0x13, 0x0d, 0xc0, 0x0d, 0x13, 0x80, 0x13, 0x0d, 0x60, 0x46, 0x74, 0x22,
  0x36, 0x15, 0x1d, 0x1d, 0x46, 0x29, 0x28, 0x2c, 0x24, 0x45, 0x1f, 0x22,
  0x17, 0x34, 0x40, 0x28, 0x28, 0x8b, 0x5e, 0x5d, 0x6a, 0x6a, 0x5d, 0x5e,
  0x8b, 0x28, 0x28, 0x28, 0x28, 0x8b, 0x5e, 0x5d, 0x6a, 0x6a, 0x5d, 0x5e,
  0x8b, 0x28, 0x28, 0x03, 0xa0, 0x21, 0x20, 0x71, 0x4c, 0x4c, 0x56, 0x56,
  0x4c, 0x4c, 0x71, 0x20, 0x21, 0x21, 0x20, 0x71, 0x4c, 0x4c, 0x56, 0x56,
  0x4c, 0x4c, 0x71, 0x20, 0x21, 0xa0, 0x13, 0x0d, 0x60, 0x1a, 0x26, 0x26,
  0x1a, 0x1a, 0x26, 0x26, 0x1a, 0x60, 0x0d, 0x13, 0x13, 0x0d, 0x20, 0x20,
  0x0d, 0x13, 0xfe, 0x00, 0x44, 0x38, 0x21, 0x23, 0x1c, 0x1d, 0x29, 0x0b,
  0x0b, 0x10, 0x0e, 0x37, 0x0a, 0x0b, 0x00, 0x00, 0x00, 0x03, 0x00, 0x00,
  0xff, 0xc0, 0x04, 0x00, 0x03, 0xc0, 0x00, 0x1b, 0x00, 0x2e, 0x00, 0x50,
  0x00, 0x00, 0x01, 0x22, 0x07, 0x0e, 0x01, 0x07, 0x06, 0x15, 0x14, 0x17,
  0x1e, 0x01, 0x17, 0x16, 0x33, 0x32, 0x37, 0x3e, 0x01, 0x37, 0x36, 0x35,
  0x34, 0x27, 0x2e, 0x01, 0x27, 0x26, 0x03, 0x22, 0x26, 0x27, 0x37, 0x1e,
  0x01, 0x33, 0x32, 0x36, 0x37, 0x17, 0x06, 0x07, 0x0e, 0x01, 0x07, 0x06,
  0x23, 0x01, 0x14, 0x06, 0x2b, 0x01, 0x22, 0x26, 0x35, 0x23, 0x14, 0x06,
  0x2b, 0x01, 0x22, 0x26, 0x3d, 0x01, 0x34, 0x36, 0x3b, 0x01, 0x32, 0x16,
  0x1d, 0x01, 0x33, 0x35, 0x34, 0x36, 0x3b, 0x01, 0x32, 0x16, 0x15, 0x02,
  0x00, 0x6a, 0x5d, 0x5e, 0x8b, 0x28, 0x28, 0x28, 0x28, 0x8b, 0x5e, 0x5d,
  0x6a, 0x6a, 0x5d, 0x5e, 0x8b, 0x28, 0x28, 0x28, 0x28, 0x8b, 0x5e, 0x5d,
  0x6a, 0x24, 0x45, 0x1f, 0x22, 0x17, 0x34, 0x1b, 0x46, 0x74, 0x22, 0x36,
  0x15, 0x1d, 0x1d, 0x46, 0x29, 0x28, 0x2c, 0x01, 0x40, 0x26, 0x1a, 0x80,
  0x1a, 0x26, 0x80, 0x26, 0x1a, 0x80, 0x1a, 0x26, 0x13, 0x0d, 0xc0, 0x0d,
  0x13, 0x80, 0x13, 0x0d, 0xc0, 0x0d, 0x13, 0x03, 0xc0, 0x28, 0x28, 0x8b,
  0x5e, 0x5d, 0x6a, 0x6a, 0x5d, 0x5e, 0x8b, 0x28, 0x28, 0x28, 0x28, 0x8b,
  0x5e, 0x5d, 0x6a, 0x6a, 0x5d, 0x5e, 0x8b, 0x28, 0x28, 0xfc, 0xc0, 0x10,
  0x0e, 0x37, 0x0a, 0x0b, 0x44, 0x38, 0x21, 0x23, 0x1c, 0x1d, 0x29, 0x0b,
  0x0b, 0x01, 0xc0, 0x1a, 0x26, 0x26, 0x1a, 0x1a, 0x26, 0x26, 0x1a, 0x60,
  0x0d, 0x13, 0x13, 0x0d, 0x20, 0x20, 0x0d, 0x13, 0x13, 0x0d, 0x00, 0x00,
  0x00, 0x05, 0x00, 0x00, 0xff, 0xc0, 0x04, 0x00, 0x03, 0xc0, 0x00, 0x1b,
  0x00, 0x37, 0x00, 0x4d, 0x00, 0x69, 0x00, 0x84, 0x00, 0x00, 0x05, 0x32,
  0x37, 0x3e, 0x01, 0x37, 0x36, 0x35, 0x34, 0x27, 0x2e, 0x01, 0x27, 0x26,
  0x23, 0x22, 0x07, 0x0e, 0x01, 0x07, 0x06, 0x15, 0x14, 0x17, 0x1e, 0x01,
  0x17, 0x16, 0x13, 0x32, 0x17, 0x1e, 0x01, 0x17, 0x16, 0x15, 0x14, 0x07,
  0x0e, 0x01, 0x07, 0x06, 0x23, 0x22, 0x27, 0x2e, 0x01, 0x27, 0x26, 0x35,
  0x34, 0x37, 0x3e, 0x01, 0x37, 0x36, 0x01, 0x2e, 0x01, 0x23, 0x22, 0x06,
  0x07, 0x27, 0x36, 0x37, 0x3e, 0x01, 0x37, 0x36, 0x33, 0x32, 0x17, 0x1e,
  0x01, 0x17, 0x16, 0x17, 0x03, 0x16, 0x06, 0x07, 0x0e, 0x01, 0x07, 0x1e,
  0x01, 0x15, 0x14, 0x06, 0x23, 0x22, 0x26, 0x35, 0x3c, 0x01, 0x31, 0x3e,
  0x01, 0x37, 0x3e, 0x01, 0x33, 0x36, 0x16, 0x17, 0x21, 0x3e, 0x01, 0x17,
  0x32, 0x16, 0x17, 0x1e, 0x01, 0x17, 0x30, 0x14, 0x15, 0x14, 0x06, 0x23,
  0x22, 0x26, 0x35, 0x34, 0x36, 0x37, 0x2e, 0x01, 0x27, 0x2e, 0x01, 0x02,
  0x00, 0x6a, 0x5d, 0x5e, 0x8b, 0x28, 0x28, 0x28, 0x28, 0x8b, 0x5e, 0x5d,
  0x6a, 0x6a, 0x5d, 0x5e, 0x8b, 0x28, 0x28, 0x28, 0x28, 0x8b, 0x5e, 0x5d,
  0x6a, 0x56, 0x4c, 0x4c, 0x71, 0x20, 0x21, 0x21, 0x20, 0x71, 0x4c, 0x4c,
  0x56, 0x56, 0x4c, 0x4c, 0x71, 0x20, 0x21, 0x21, 0x20, 0x71, 0x4c, 0x4c,
  0x01, 0x16, 0x1d, 0x66, 0x3d, 0x3d, 0x66, 0x1d, 0x52, 0x15, 0x1d, 0x1d,
  0x46, 0x29, 0x28, 0x2c, 0x2c, 0x28, 0x29, 0x46, 0x1d, 0x1d, 0x15, 0x13,
  0x03, 0x0d, 0x0d, 0x0d, 0x1e, 0x0e, 0x08, 0x09, 0x25, 0x1b, 0x1b, 0x25,
  0x02, 0x34, 0x1c, 0x1a, 0x2b, 0x01, 0x0d, 0x17, 0x03, 0xfe, 0x02, 0x03,
  0x17, 0x0d, 0x01, 0x2b, 0x1a, 0x1c, 0x34, 0x02, 0x25, 0x1b, 0x1b, 0x25,
  0x09, 0x08, 0x0e, 0x1e, 0x0d, 0x0d, 0x0d, 0x40, 0x28, 0x28, 0x8b, 0x5e,
  0x5d, 0x6a, 0x6a, 0x5d, 0x5e, 0x8b, 0x28, 0x28, 0x28, 0x28, 0x8b, 0x5e,
  0x5d, 0x6a, 0x6a, 0x5d, 0x5e, 0x8b, 0x28, 0x28, 0x03, 0xa0, 0x21, 0x20,
  0x71, 0x4c, 0x4c, 0x56, 0x56, 0x4c, 0x4c, 0x71, 0x20, 0x21, 0x21, 0x20,
  0x71, 0x4c, 0x4c, 0x56, 0x56, 0x4c, 0x4c, 0x71, 0x20, 0x21, 0xfd, 0x53,
  0x31, 0x3c, 0x3c, 0x31, 0x32, 0x23, 0x1c, 0x1d, 0x29, 0x0b, 0x0b, 0x0b,
  0x0b, 0x29, 0x1d, 0x1c, 0x23, 0x01, 0xc3, 0x0d, 0x17, 0x03, 0x03, 0x0b,
  0x07, 0x09, 0x16, 0x0d, 0x1b, 0x25, 0x25, 0x1b, 0x01, 0x02, 0x24, 0x30,
  0x0e, 0x0d, 0x0d, 0x03, 0x0d, 0x0d, 0x0d, 0x0d, 0x03, 0x0d, 0x0d, 0x0e,
  0x30, 0x24, 0x02, 0x01, 0x1b, 0x25, 0x25, 0x1b, 0x0d, 0x16, 0x09, 0x07,
  0x0b, 0x03, 0x03, 0x17, 0x00, 0x04, 0x00, 0x00, 0xff, 0xc0, 0x04, 0x00,
  0x03, 0xc0, 0x00, 0x1b, 0x00, 0x36, 0x00, 0x51, 0x00, 0x67, 0x00, 0x00,
  0x01, 0x22, 0x07, 0x0e, 0x01, 0x07, 0x06, 0x15, 0x14, 0x17, 0x1e, 0x01,
  0x17, 0x16, 0x33, 0x32, 0x37, 0x3e, 0x01, 0x37, 0x36, 0x35, 0x34, 0x27,
  0x2e, 0x01, 0x27, 0x26, 0x03, 0x3e, 0x01, 0x37, 0x3e, 0x01, 0x33, 0x36,
  0x16, 0x17, 0x16, 0x06, 0x07, 0x0e, 0x01, 0x07, 0x1e, 0x01, 0x15, 0x14,
  0x06, 0x23, 0x22, 0x26, 0x35, 0x3c, 0x01, 0x25, 0x3e, 0x01, 0x17, 0x32,
  0x16, 0x17, 0x1e, 0x01, 0x17, 0x30, 0x14, 0x15, 0x14, 0x06, 0x23, 0x22,
  0x26, 0x35, 0x34, 0x36, 0x37, 0x2e, 0x01, 0x27, 0x2e, 0x01, 0x01, 0x2e,
  0x01, 0x23, 0x22, 0x06, 0x07, 0x27, 0x36, 0x37, 0x3e, 0x01, 0x37, 0x36,
  0x33, 0x32, 0x17, 0x1e, 0x01, 0x17, 0x16, 0x17, 0x02, 0x00, 0x6a, 0x5d,
  0x5e, 0x8b, 0x28, 0x28, 0x28, 0x28, 0x8b, 0x5e, 0x5d, 0x6a, 0x6a, 0x5d,
  0x5e, 0x8b, 0x28, 0x28, 0x28, 0x28, 0x8b, 0x5e, 0x5d, 0x2a, 0x02, 0x34,
  0x1c, 0x1a, 0x2b, 0x01, 0x0d, 0x17, 0x03, 0x03, 0x0d, 0x0d, 0x0d, 0x1e,
  0x0e, 0x08, 0x09, 0x25, 0x1b, 0x1b, 0x25, 0xfe, 0xc1, 0x03, 0x17, 0x0d,
  0x01, 0x2b, 0x1a, 0x1c, 0x34, 0x02, 0x25, 0x1b, 0x1b, 0x25, 0x09, 0x08,
  0x0e, 0x1e, 0x0d, 0x0d, 0x0d, 0x01, 0xc2, 0x1d, 0x66, 0x3d, 0x3d, 0x66,
  0x1d, 0x52, 0x15, 0x1d, 0x1d, 0x46, 0x29, 0x28, 0x2c, 0x2c, 0x28, 0x29,
  0x46, 0x1d, 0x1d, 0x15, 0x03, 0xc0, 0x28, 0x28, 0x8b, 0x5e, 0x5d, 0x6a,
  0x6a, 0x5d, 0x5e, 0x8b, 0x28, 0x28, 0x28, 0x28, 0x8b, 0x5e, 0x5d, 0x6a,
  0x6a, 0x5d, 0x5e, 0x8b, 0x28, 0x28, 0xfe, 0x83, 0x24, 0x30, 0x0e, 0x0d,
  0x0d, 0x03, 0x0d, 0x0d, 0x0d, 0x17, 0x03, 0x03, 0x0b, 0x07, 0x09, 0x16,
  0x0d, 0x1b, 0x25, 0x25, 0x1b, 0x01, 0x02, 0x65, 0x0d, 0x0d, 0x03, 0x0d,
  0x0d, 0x0e, 0x30, 0x24, 0x02, 0x01, 0x1b, 0x25, 0x25, 0x1b, 0x0d, 0x16,
  0x09, 0x07, 0x0b, 0x03, 0x03, 0x17, 0xfe, 0x18, 0x31, 0x3c, 0x3c, 0x31,
  0x32, 0x23, 0x1c, 0x1d, 0x29, 0x0b, 0x0b, 0x0b, 0x0b, 0x29, 0x1d, 0x1c,
  0x23, 0x00, 0x00, 0x00, 0x00, 0x05, 0x00, 0x00, 0xff, 0xc0, 0x04, 0x00,
  0x04, 0x00, 0x00, 0x1b, 0x00, 0x37, 0x00, 0x4e, 0x00, 0x82, 0x00, 0x9e,
  0x00, 0x00, 0x01, 0x22, 0x26, 0x35, 0x3c, 0x01, 0x31, 0x3e, 0x01, 0x37,
  0x3e, 0x01, 0x33, 0x36, 0x16, 0x17, 0x16, 0x06, 0x07, 0x0e, 0x01, 0x07,
  0x1e, 0x01, 0x15, 0x14, 0x06, 0x23, 0x25, 0x2e, 0x01, 0x37, 0x3e, 0x01,
  0x17, 0x32, 0x16, 0x17, 0x1e, 0x01, 0x17, 0x30, 0x14, 0x15, 0x14, 0x06,
  0x23, 0x22, 0x26, 0x35, 0x34, 0x36, 0x37, 0x2e, 0x01, 0x27, 0x13, 0x32,
  0x36, 0x37, 0x17, 0x06, 0x07, 0x0e, 0x01, 0x07, 0x06, 0x23, 0x22, 0x27,
  0x2e, 0x01, 0x27, 0x26, 0x27, 0x37, 0x1e, 0x01, 0x33, 0x01, 0x34, 0x26,
  0x27, 0x0e, 0x01, 0x07, 0x26, 0x27, 0x2e, 0x01, 0x27, 0x26, 0x23, 0x22,
  0x07, 0x0e, 0x01, 0x07, 0x06, 0x07, 0x2e, 0x01, 0x27, 0x0e, 0x01, 0x15,
  0x14, 0x16, 0x17, 0x0e, 0x01, 0x15, 0x14, 0x17, 0x1e, 0x01, 0x17, 0x16,
  0x33, 0x32, 0x37, 0x3e, 0x01, 0x37, 0x36, 0x35, 0x34, 0x26, 0x27, 0x3e,
  0x01, 0x01, 0x22, 0x27, 0x2e, 0x01, 0x27, 0x26, 0x35, 0x34, 0x37, 0x3e,
  0x01, 0x37, 0x36, 0x33, 0x32, 0x17, 0x1e, 0x01, 0x17, 0x16, 0x15, 0x14,
  0x07, 0x0e, 0x01, 0x07, 0x06, 0x02, 0x80, 0x1b, 0x25, 0x02, 0x34, 0x1c,
  0x1a, 0x2b, 0x01, 0x0d, 0x17, 0x03, 0x03, 0x0d, 0x0d, 0x0d, 0x1e, 0x0e,
  0x08, 0x09, 0x25, 0x1b, 0xfe, 0x98, 0x0d, 0x0d, 0x03, 0x03, 0x17, 0x0d,
  0x01, 0x2b, 0x1a, 0x1c, 0x34, 0x02, 0x25, 0x1b, 0x1b, 0x25, 0x09, 0x08,
  0x0e, 0x1e, 0x0d, 0xe8, 0x3d, 0x66, 0x1d, 0x52, 0x15, 0x1d, 0x1d, 0x46,
  0x29, 0x28, 0x2c, 0x2c, 0x28, 0x29, 0x46, 0x1d, 0x1d, 0x15, 0x52, 0x1d,
  0x66, 0x3d, 0x02, 0x00, 0x0e, 0x0d, 0x19, 0x5b, 0x3a, 0x20, 0x25, 0x24,
  0x4e, 0x2a, 0x2a, 0x2c, 0x2c, 0x2a, 0x2a, 0x4e, 0x24, 0x25, 0x20, 0x3a,
  0x5b, 0x19, 0x0d, 0x0e, 0x23, 0x20, 0x20, 0x23, 0x28, 0x28, 0x8b, 0x5e,
  0x5d, 0x6a, 0x6a, 0x5d, 0x5e, 0x8b, 0x28, 0x28, 0x23, 0x20, 0x20, 0x23,
  0xfe, 0x00, 0x56, 0x4c, 0x4c, 0x71, 0x20, 0x21, 0x21, 0x20, 0x71, 0x4c,
  0x4c, 0x56, 0x56, 0x4c, 0x4c, 0x71, 0x20, 0x21, 0x21, 0x20, 0x71, 0x4c,
  0x4c, 0x02, 0x00, 0x25, 0x1b, 0x01, 0x02, 0x24, 0x30, 0x0e, 0x0d, 0x0d,
  0x03, 0x0d, 0x0d, 0x0d, 0x17, 0x03, 0x03, 0x0b, 0x07, 0x09, 0x16, 0x0d,
  0x1b, 0x25, 0x81, 0x03, 0x17, 0x0d, 0x0d, 0x0d, 0x03, 0x0d, 0x0d, 0x0e,
  0x30, 0x24, 0x02, 0x01, 0x1b, 0x25, 0x25, 0x1b, 0x0d, 0x16, 0x09, 0x07,
  0x0b, 0x03, 0xfe, 0x5f, 0x3c, 0x31, 0x32, 0x23, 0x1c, 0x1d, 0x29, 0x0b,
  0x0b, 0x0b, 0x0b, 0x29, 0x1d, 0x1c, 0x23, 0x32, 0x31, 0x3c, 0x02, 0xa0,
  0x22, 0x41, 0x1d, 0x3a, 0x58, 0x17, 0x19, 0x13, 0x14, 0x1b, 0x07, 0x07,
  0x07, 0x07, 0x1b, 0x14, 0x13, 0x19, 0x17, 0x58, 0x3a, 0x1d, 0x41, 0x22,
  0x37, 0x64, 0x28, 0x38, 0x80, 0x45, 0x6a, 0x5d, 0x5e, 0x8b, 0x28, 0x28,
  0x28, 0x28, 0x8b, 0x5e, 0x5d, 0x6a, 0x45, 0x80, 0x38, 0x28, 0x64, 0xfc,
  0xd7, 0x21, 0x20, 0x71, 0x4c, 0x4c, 0x56, 0x56, 0x4c, 0x4c, 0x71, 0x20,
  0x21, 0x21, 0x20, 0x71, 0x4c, 0x4c, 0x56, 0x56, 0x4c, 0x4c, 0x71, 0x20,
  0x21, 0x00, 0x00, 0x00, 0x00, 0x04, 0x00, 0x00, 0xff, 0xc0, 0x04, 0x00,
  0x04, 0x00, 0x00, 0x33, 0x00, 0x4e, 0x00, 0x69, 0x00, 0x80, 0x00, 0x00,
  0x01, 0x34, 0x26, 0x27, 0x0e, 0x01, 0x07, 0x26, 0x27, 0x2e, 0x01, 0x27,
  0x26, 0x23, 0x22, 0x07, 0x0e, 0x01, 0x07, 0x06, 0x07, 0x2e, 0x01, 0x27,
  0x0e, 0x01, 0x15, 0x14, 0x16, 0x17, 0x0e, 0x01, 0x15, 0x14, 0x17, 0x1e,
  0x01, 0x17, 0x16, 0x33, 0x32, 0x37, 0x3e, 0x01, 0x37, 0x36, 0x35, 0x34,
  0x26, 0x27, 0x3e, 0x01, 0x01, 0x3e, 0x01, 0x37, 0x3e, 0x01, 0x33, 0x36,
  0x16, 0x17, 0x16, 0x06, 0x07, 0x0e, 0x01, 0x07, 0x1e, 0x01, 0x15, 0x14,
  0x06, 0x23, 0x22, 0x26, 0x35, 0x3c, 0x01, 0x25, 0x3e, 0x01, 0x17, 0x32,
  0x16, 0x17, 0x1e, 0x01, 0x17, 0x30, 0x14, 0x15, 0x14, 0x06, 0x23, 0x22,
  0x26, 0x35, 0x34, 0x36, 0x37, 0x2e, 0x01, 0x27, 0x2e, 0x01, 0x01, 0x22,
  0x27, 0x2e, 0x01, 0x27, 0x26, 0x27, 0x37, 0x1e, 0x01, 0x33, 0x32, 0x36,
  0x37, 0x17, 0x06, 0x07, 0x0e, 0x01, 0x07, 0x06, 0x23, 0x04, 0x00, 0x0e,
  0x0d, 0x19, 0x5b, 0x3a, 0x20, 0x25, 0x24, 0x4e, 0x2a, 0x2a, 0x2c, 0x2c,
  0x2a, 0x2a, 0x4e, 0x24, 0x25, 0x20, 0x3a, 0x5b, 0x19, 0x0d, 0x0e, 0x23,
  0x20, 0x20, 0x23, 0x28, 0x28, 0x8b, 0x5e, 0x5d, 0x6a, 0x6a, 0x5d, 0x5e,
  0x8b, 0x28, 0x28, 0x23, 0x20, 0x20, 0x23, 0xfe, 0x40, 0x02, 0x34, 0x1c,
  0x1a, 0x2b, 0x01, 0x0d, 0x17, 0x03, 0x03, 0x0d, 0x0d, 0x0d, 0x1e, 0x0e,
  0x08, 0x09, 0x25, 0x1b, 0x1b, 0x25, 0xfe, 0xc1, 0x03, 0x17, 0x0d, 0x01,
  0x2b, 0x1a, 0x1c, 0x34, 0x02, 0x25, 0x1b, 0x1b, 0x25, 0x09, 0x08, 0x0e,
  0x1e, 0x0d, 0x0d, 0x0d, 0x01, 0x02, 0x2c, 0x28, 0x29, 0x46, 0x1d, 0x1d,
  0x15, 0x52, 0x1d, 0x66, 0x3d, 0x3d, 0x66, 0x1d, 0x52, 0x15, 0x1d, 0x1d,
  0x46, 0x29, 0x28, 0x2c, 0x03, 0x80, 0x22, 0x41, 0x1d, 0x3a, 0x58, 0x17,
  0x19, 0x13, 0x14, 0x1b, 0x07, 0x07, 0x07, 0x07, 0x1b, 0x14, 0x13, 0x19,
  0x17, 0x58, 0x3a, 0x1d, 0x41, 0x22, 0x37, 0x64, 0x28, 0x38, 0x80, 0x45,
  0x6a, 0x5d, 0x5e, 0x8b, 0x28, 0x28, 0x28, 0x28, 0x8b, 0x5e, 0x5d, 0x6a,
  0x45, 0x80, 0x38, 0x28, 0x64, 0xfe, 0xfa, 0x24, 0x30, 0x0e, 0x0d, 0x0d,
  0x03, 0x0d, 0x0d, 0x0d, 0x17, 0x03, 0x03, 0x0b, 0x07, 0x09, 0x16, 0x0d,
  0x1b, 0x25, 0x25, 0x1b, 0x01, 0x02, 0x65, 0x0d, 0x0d, 0x03, 0x0d, 0x0d,
  0x0e, 0x30, 0x24, 0x02, 0x01, 0x1b, 0x25, 0x25, 0x1b, 0x0d, 0x16, 0x09,
  0x07, 0x0b, 0x03, 0x03, 0x17, 0xfd, 0xe5, 0x0b, 0x0b, 0x29, 0x1d, 0x1c,
  0x23, 0x32, 0x31, 0x3c, 0x3c, 0x31, 0x32, 0x23, 0x1c, 0x1d, 0x29, 0x0b,
  0x0b, 0x00, 0x00, 0x00, 0x00, 0x05, 0x00, 0x00, 0xff, 0xc0, 0x04, 0x00,
  0x03, 0xc0, 0x00, 0x1b, 0x00, 0x37, 0x00, 0x43, 0x00, 0x4f, 0x00, 0x5b,
  0x00, 0x00, 0x05, 0x32, 0x37, 0x3e, 0x01, 0x37, 0x36, 0x35, 0x34, 0x27,
  0x2e, 0x01, 0x27, 0x26, 0x23, 0x22, 0x07, 0x0e, 0x01, 0x07, 0x06, 0x15,
  0x14, 0x17, 0x1e, 0x01, 0x17, 0x16, 0x13, 0x32, 0x17, 0x1e, 0x01, 0x17,
  0x16, 0x15, 0x14, 0x07, 0x0e, 0x01, 0x07, 0x06, 0x23, 0x22, 0x27, 0x2e,
  0x01, 0x27, 0x26, 0x35, 0x34, 0x37, 0x3e, 0x01, 0x37, 0x36, 0x03, 0x34,
  0x36, 0x33, 0x32, 0x16, 0x15, 0x14, 0x06, 0x23, 0x22, 0x26, 0x01, 0x34,
  0x36, 0x33, 0x32, 0x16, 0x15, 0x14, 0x06, 0x23, 0x22, 0x26, 0x25, 0x34,
  0x36, 0x33, 0x32, 0x16, 0x15, 0x14, 0x06, 0x23, 0x22, 0x26, 0x02, 0x00,
  0x6a, 0x5d, 0x5e, 0x8b, 0x28, 0x28, 0x28, 0x28, 0x8b, 0x5e, 0x5d, 0x6a,
  0x6a, 0x5d, 0x5e, 0x8b, 0x28, 0x28, 0x28, 0x28, 0x8b, 0x5e, 0x5d, 0x6a,
  0x56, 0x4c, 0x4c, 0x71, 0x20, 0x21, 0x21, 0x20, 0x71, 0x4c, 0x4c, 0x56,
  0x56, 0x4c, 0x4c, 0x71, 0x20, 0x21, 0x21, 0x20, 0x71, 0x4c, 0x4c, 0x2a,
  0x4b, 0x35, 0x35, 0x4b, 0x4b, 0x35, 0x35, 0x4b, 0x01, 0x00, 0x25, 0x1b,
  0x1b, 0x25, 0x25, 0x1b, 0x1b, 0x25, 0xfe, 0x80, 0x25, 0x1b, 0x1b, 0x25,
  0x25, 0x1b, 0x1b, 0x25, 0x40, 0x28, 0x28, 0x8b, 0x5e, 0x5d, 0x6a, 0x6a,
  0x5d, 0x5e, 0x8b, 0x28, 0x28, 0x28, 0x28, 0x8b, 0x5e, 0x5d, 0x6a, 0x6a,
  0x5d, 0x5e, 0x8b, 0x28, 0x28, 0x03, 0xa0, 0x21, 0x20, 0x71, 0x4c, 0x4c,
  0x56, 0x56, 0x4c, 0x4c, 0x71, 0x20, 0x21, 0x21, 0x20, 0x71, 0x4c, 0x4c,
  0x56, 0x56, 0x4c, 0x4c, 0x71, 0x20, 0x21, 0xfd, 0xa0, 0x35, 0x4b, 0x4b,
  0x35, 0x35, 0x4b, 0x4b, 0x01, 0x95, 0x28, 0x38, 0x38, 0x28, 0x28, 0x38,
  0x38, 0x28, 0x28, 0x38, 0x38, 0x28, 0x28, 0x38, 0x38, 0x00, 0x00, 0x00,
  0x00, 0x04, 0x00, 0x00, 0xff, 0xc0, 0x04, 0x00, 0x03, 0xc0, 0x00, 0x1b,
  0x00, 0x27, 0x00, 0x33, 0x00, 0x3f, 0x00, 0x00, 0x01, 0x22, 0x07, 0x0e,
  0x01, 0x07, 0x06, 0x15, 0x14, 0x17, 0x1e, 0x01, 0x17, 0x16, 0x33, 0x32,
  0x37, 0x3e, 0x01, 0x37, 0x36, 0x35, 0x34, 0x27, 0x2e, 0x01, 0x27, 0x26,
  0x01, 0x22, 0x26, 0x35, 0x34, 0x36, 0x33, 0x32, 0x16, 0x15, 0x14, 0x06,
  0x13, 0x22, 0x26, 0x35, 0x34, 0x36, 0x33, 0x32, 0x16, 0x15, 0x14, 0x06,
  0x13, 0x22, 0x26, 0x35, 0x34, 0x36, 0x33, 0x32, 0x16, 0x15, 0x14, 0x06,
  0x02, 0x00, 0x6a, 0x5d, 0x5e, 0x8b, 0x28, 0x28, 0x28, 0x28, 0x8b, 0x5e,
  0x5d, 0x6a, 0x6a, 0x5d, 0x5e, 0x8b, 0x28, 0x28, 0x28, 0x28, 0x8b, 0x5e,
  0x5d, 0xfe, 0xd6, 0x1b, 0x25, 0x25, 0x1b, 0x1b, 0x25, 0x25, 0xa5, 0x35,
  0x4b, 0x4b, 0x35, 0x35, 0x4b, 0x4b, 0x8b, 0x1b, 0x25, 0x25, 0x1b, 0x1b,
  0x25, 0x25, 0x03, 0xc0, 0x28, 0x28, 0x8b, 0x5e, 0x5d, 0x6a, 0x6a, 0x5d,
  0x5e, 0x8b, 0x28, 0x28, 0x28, 0x28, 0x8b, 0x5e, 0x5d, 0x6a, 0x6a, 0x5d,
  0x5e, 0x8b, 0x28, 0x28, 0xfe, 0x40, 0x38, 0x28, 0x28, 0x38, 0x38, 0x28,
  0x28, 0x38, 0xfe, 0x80, 0x4b, 0x35, 0x35, 0x4b, 0x4b, 0x35, 0x35, 0x4b,
  0x01, 0x80, 0x38, 0x28, 0x28, 0x38, 0x38, 0x28, 0x28, 0x38, 0x00, 0x00,
  0x00, 0x09, 0x00, 0x00, 0xff, 0xc0, 0x04, 0x00, 0x03, 0xc0, 0x00, 0x1b,
  0x00, 0x37, 0x00, 0x43, 0x00, 0x4f, 0x00, 0x5c, 0x00, 0x68, 0x00, 0x74,
  0x00, 0x81, 0x00, 0x85, 0x00, 0x00, 0x05, 0x32, 0x37, 0x3e, 0x01, 0x37,
  0x36, 0x35, 0x34, 0x27, 0x2e, 0x01, 0x27, 0x26, 0x23, 0x22, 0x07, 0x0e,
  0x01, 0x07, 0x06, 0x15, 0x14, 0x17, 0x1e, 0x01, 0x17, 0x16, 0x13, 0x32,
  0x17, 0x1e, 0x01, 0x17, 0x16, 0x15, 0x14, 0x07, 0x0e, 0x01, 0x07, 0x06,
  0x23, 0x22, 0x27, 0x2e, 0x01, 0x27, 0x26, 0x35, 0x34, 0x37, 0x3e, 0x01,
  0x37, 0x36, 0x03, 0x14, 0x06, 0x23, 0x22, 0x26, 0x35, 0x34, 0x36, 0x33,
  0x32, 0x16, 0x27, 0x32, 0x16, 0x15, 0x14, 0x06, 0x23, 0x22, 0x26, 0x35,
  0x34, 0x36, 0x37, 0x22, 0x06, 0x15, 0x14, 0x16, 0x33, 0x32, 0x36, 0x35,
  0x34, 0x26, 0x23, 0x05, 0x14, 0x06, 0x23, 0x22, 0x26, 0x35, 0x34, 0x36,
  0x33, 0x32, 0x16, 0x27, 0x32, 0x16, 0x15, 0x14, 0x06, 0x23, 0x22, 0x26,
  0x35, 0x34, 0x36, 0x37, 0x22, 0x06, 0x15, 0x14, 0x16, 0x33, 0x32, 0x36,
  0x35, 0x34, 0x26, 0x23, 0x01, 0x21, 0x15, 0x21, 0x02, 0x00, 0x6a, 0x5d,
  0x5e, 0x8b, 0x28, 0x28, 0x28, 0x28, 0x8b, 0x5e, 0x5d, 0x6a, 0x6a, 0x5d,
  0x5e, 0x8b, 0x28, 0x28, 0x28, 0x28, 0x8b, 0x5e, 0x5d, 0x6a, 0x56, 0x4c,
  0x4c, 0x71, 0x20, 0x21, 0x21, 0x20, 0x71, 0x4c, 0x4c, 0x56, 0x56, 0x4c,
  0x4c, 0x71, 0x20, 0x21, 0x21, 0x20, 0x71, 0x4c, 0x4c, 0x2a, 0x13, 0x0d,
  0x0d, 0x13, 0x13, 0x0d, 0x0d, 0x13, 0x20, 0x28, 0x38, 0x38, 0x28, 0x28,
  0x38, 0x38, 0x28, 0x42, 0x5e, 0x5e, 0x42, 0x42, 0x5e, 0x5e, 0x42, 0x01,
  0x60, 0x13, 0x0d, 0x0d, 0x13, 0x13, 0x0d, 0x0d, 0x13, 0x20, 0x28, 0x38,
  0x38, 0x28, 0x28, 0x38, 0x38, 0x28, 0x42, 0x5e, 0x5e, 0x42, 0x42, 0x5e,
  0x5e, 0x42, 0xfe, 0xe0, 0x01, 0x00, 0xff, 0x00, 0x40, 0x28, 0x28, 0x8b,
  0x5e, 0x5d, 0x6a, 0x6a, 0x5d, 0x5e, 0x8b, 0x28, 0x28, 0x28, 0x28, 0x8b,
  0x5e, 0x5d, 0x6a, 0x6a, 0x5d, 0x5e, 0x8b, 0x28, 0x28, 0x03, 0xa0, 0x21,
  0x20, 0x71, 0x4c, 0x4c, 0x56, 0x56, 0x4c, 0x4c, 0x71, 0x20, 0x21, 0x21,
  0x20, 0x71, 0x4c, 0x4c, 0x56, 0x56, 0x4c, 0x4c, 0x71, 0x20, 0x21, 0xfe,
  0xc0, 0x0d, 0x13, 0x13, 0x0d, 0x0d, 0x13, 0x13, 0x53, 0x38, 0x28, 0x28,
  0x38, 0x38, 0x28, 0x28, 0x38, 0x40, 0x5e, 0x42, 0x42, 0x5e, 0x5e, 0x42,
  0x42, 0x5e, 0xa0, 0x0d, 0x13, 0x13, 0x0d, 0x0d, 0x13, 0x13, 0x53, 0x38,
  0x28, 0x28, 0x38, 0x38, 0x28, 0x28, 0x38, 0x40, 0x5e, 0x42, 0x42, 0x5e,
  0x5e, 0x42, 0x42, 0x5e, 0xfe, 0x40, 0x40, 0x00, 0x00, 0x06, 0x00, 0x00,
  0xff, 0xc0, 0x04, 0x00, 0x03, 0xc0, 0x00, 0x0b, 0x00, 0x17, 0x00, 0x33,
  0x00, 0x3f, 0x00, 0x43, 0x00, 0x4f, 0x00, 0x00, 0x01, 0x14, 0x06, 0x23,
  0x22, 0x26, 0x35, 0x34, 0x36, 0x33, 0x32, 0x16, 0x05, 0x14, 0x06, 0x23,
  0x22, 0x26, 0x35, 0x34, 0x36, 0x33, 0x32, 0x16, 0x03, 0x22, 0x07, 0x0e,
  0x01, 0x07, 0x06, 0x15, 0x14, 0x17, 0x1e, 0x01, 0x17, 0x16, 0x33, 0x32,
  0x37, 0x3e, 0x01, 0x37, 0x36, 0x35, 0x34, 0x27, 0x2e, 0x01, 0x27, 0x26,
  0x01, 0x34, 0x36, 0x33, 0x32, 0x16, 0x15, 0x14, 0x06, 0x23, 0x22, 0x26,
  0x01, 0x21, 0x35, 0x21, 0x37, 0x22, 0x26, 0x35, 0x34, 0x36, 0x33, 0x32,
  0x16, 0x15, 0x14, 0x06, 0x01, 0x80, 0x13, 0x0d, 0x0d, 0x13, 0x13, 0x0d,
  0x0d, 0x13, 0x01, 0x40, 0x13, 0x0d, 0x0d, 0x13, 0x13, 0x0d, 0x0d, 0x13,
  0xc0, 0x6a, 0x5d, 0x5e, 0x8b, 0x28, 0x28, 0x28, 0x28, 0x8b, 0x5e, 0x5d,
  0x6a, 0x6a, 0x5d, 0x5e, 0x8b, 0x28, 0x28, 0x28, 0x28, 0x8b, 0x5e, 0x5d,
  0xfe, 0x96, 0x38, 0x28, 0x28, 0x38, 0x38, 0x28, 0x28, 0x38, 0x01, 0x80,
  0xff, 0x00, 0x01, 0x00, 0x20, 0x28, 0x38, 0x38, 0x28, 0x28, 0x38, 0x38,
  0x02, 0x20, 0x0d, 0x13, 0x13, 0x0d, 0x0d, 0x13, 0x13, 0x0d, 0x0d, 0x13,
  0x13, 0x0d, 0x0d, 0x13, 0x13, 0x01, 0x93, 0x28, 0x28, 0x8b, 0x5e, 0x5d,
  0x6a, 0x6a, 0x5d, 0x5e, 0x8b, 0x28, 0x28, 0x28, 0x28, 0x8b, 0x5e, 0x5d,
  0x6a, 0x6a, 0x5d, 0x5e, 0x8b, 0x28, 0x28, 0xfe, 0x60, 0x28, 0x38, 0x38,
  0x28, 0x28, 0x38, 0x38, 0xfe, 0xc8, 0x40, 0xc0, 0x38, 0x28, 0x28, 0x38,
  0x38, 0x28, 0x28, 0x38, 0x00, 0x05, 0x00, 0x00, 0xff, 0xc0, 0x04, 0x00,
  0x03, 0xc0, 0x00, 0x1b, 0x00, 0x37, 0x00, 0x43, 0x00, 0x4f, 0x00, 0x6a,
  0x00, 0x00, 0x05, 0x32, 0x37, 0x3e, 0x01, 0x37, 0x36, 0x35, 0x34, 0x27,
  0x2e, 0x01, 0x27, 0x26, 0x23, 0x22, 0x07, 0x0e, 0x01, 0x07, 0x06, 0x15,
  0x14, 0x17, 0x1e, 0x01, 0x17, 0x16, 0x13, 0x32, 0x17, 0x1e, 0x01, 0x17,
  0x16, 0x15, 0x14, 0x07, 0x0e, 0x01, 0x07, 0x06, 0x23, 0x22, 0x27, 0x2e,
  0x01, 0x27, 0x26, 0x35, 0x34, 0x37, 0x3e, 0x01, 0x37, 0x36, 0x07, 0x34,
  0x36, 0x33, 0x32, 0x16, 0x15, 0x14, 0x06, 0x23, 0x22, 0x26, 0x25, 0x34,
  0x36, 0x33, 0x32, 0x16, 0x15, 0x14, 0x06, 0x23, 0x22, 0x26, 0x13, 0x33,
  0x16, 0x06, 0x07, 0x06, 0x26, 0x27, 0x2e, 0x01, 0x07, 0x0e, 0x01, 0x17,
  0x23, 0x26, 0x36, 0x37, 0x36, 0x16, 0x17, 0x1e, 0x01, 0x37, 0x3e, 0x01,
  0x27, 0x02, 0x00, 0x6a, 0x5d, 0x5e, 0x8b, 0x28, 0x28, 0x28, 0x28, 0x8b,
  0x5e, 0x5d, 0x6a, 0x6a, 0x5d, 0x5e, 0x8b, 0x28, 0x28, 0x28, 0x28, 0x8b,
  0x5e, 0x5d, 0x6a, 0x56, 0x4c, 0x4c, 0x71, 0x20, 0x21, 0x21, 0x20, 0x71,
  0x4c, 0x4c, 0x56, 0x56, 0x4c, 0x4c, 0x71, 0x20, 0x21, 0x21, 0x20, 0x71,
  0x4c, 0x4c, 0xaa, 0x25, 0x1b, 0x1b, 0x25, 0x25, 0x1b, 0x1b, 0x25, 0x01,
  0x80, 0x25, 0x1b, 0x1b, 0x25, 0x25, 0x1b, 0x1b, 0x25, 0x56, 0x41, 0x07,
  0x39, 0x36, 0x3e, 0x78, 0x17, 0x0e, 0x48, 0x25, 0x22, 0x23, 0x08, 0x41,
  0x07, 0x39, 0x36, 0x3e, 0x78, 0x17, 0x0e, 0x48, 0x25, 0x22, 0x23, 0x08,
  0x40, 0x28, 0x28, 0x8b, 0x5e, 0x5d, 0x6a, 0x6a, 0x5d, 0x5e, 0x8b, 0x28,
  0x28, 0x28, 0x28, 0x8b, 0x5e, 0x5d, 0x6a, 0x6a, 0x5d, 0x5e, 0x8b, 0x28,
  0x28, 0x03, 0xa0, 0x21, 0x20, 0x71, 0x4c, 0x4c, 0x56, 0x56, 0x4c, 0x4c,
  0x71, 0x20, 0x21, 0x21, 0x20, 0x71, 0x4c, 0x4c, 0x56, 0x56, 0x4c, 0x4c,
  0x71, 0x20, 0x21, 0xe0, 0x1b, 0x25, 0x25, 0x1b, 0x1b, 0x25, 0x25, 0x1b,
  0x1b, 0x25, 0x25, 0x1b, 0x1b, 0x25, 0x25, 0xfe, 0xdb, 0x36, 0x61, 0x14,
  0x16, 0x38, 0x3e, 0x25, 0x22, 0x0e, 0x0c, 0x3f, 0x23, 0x36, 0x61, 0x14,
  0x16, 0x38, 0x3e, 0x25, 0x22, 0x0e, 0x0c, 0x3f, 0x23, 0x00, 0x00, 0x00,
  0x00, 0x04, 0x00, 0x00, 0xff, 0xc0, 0x04, 0x00, 0x03, 0xc0, 0x00, 0x1b,
  0x00, 0x27, 0x00, 0x33, 0x00, 0x4d, 0x00, 0x00, 0x01, 0x22, 0x07, 0x0e,
  0x01, 0x07, 0x06, 0x15, 0x14, 0x17, 0x1e, 0x01, 0x17, 0x16, 0x33, 0x32,
  0x37, 0x3e, 0x01, 0x37, 0x36, 0x35, 0x34, 0x27, 0x2e, 0x01, 0x27, 0x26,
  0x13, 0x32, 0x16, 0x15, 0x14, 0x06, 0x23, 0x22, 0x26, 0x35, 0x34, 0x36,
  0x21, 0x32, 0x16, 0x15, 0x14, 0x06, 0x23, 0x22, 0x26, 0x35, 0x34, 0x36,
  0x01, 0x06, 0x26, 0x27, 0x2e, 0x01, 0x07, 0x0e, 0x01, 0x17, 0x23, 0x26,
  0x36, 0x37, 0x36, 0x16, 0x17, 0x1e, 0x01, 0x37, 0x3e, 0x01, 0x27, 0x33,
  0x16, 0x06, 0x02, 0x00, 0x6a, 0x5d, 0x5e, 0x8b, 0x28, 0x28, 0x28, 0x28,
  0x8b, 0x5e, 0x5d, 0x6a, 0x6a, 0x5d, 0x5e, 0x8b, 0x28, 0x28, 0x28, 0x28,
  0x8b, 0x5e, 0x5d, 0x56, 0x1b, 0x25, 0x25, 0x1b, 0x1b, 0x25, 0x25, 0xfe,
  0x9b, 0x1b, 0x25, 0x25, 0x1b, 0x1b, 0x25, 0x25, 0x01, 0x8a, 0x3e, 0x78,
  0x17, 0x0e, 0x48, 0x25, 0x22, 0x23, 0x08, 0x41, 0x07, 0x39, 0x36, 0x3e,
  0x78, 0x17, 0x0e, 0x48, 0x25, 0x22, 0x23, 0x08, 0x41, 0x07, 0x39, 0x03,
  0xc0, 0x28, 0x28, 0x8b, 0x5e, 0x5d, 0x6a, 0x6a, 0x5d, 0x5e, 0x8b, 0x28,
  0x28, 0x28, 0x28, 0x8b, 0x5e, 0x5d, 0x6a, 0x6a, 0x5d, 0x5e, 0x8b, 0x28,
  0x28, 0xff, 0x00, 0x25, 0x1b, 0x1b, 0x25, 0x25, 0x1b, 0x1b, 0x25, 0x25,
  0x1b, 0x1b, 0x25, 0x25, 0x1b, 0x1b, 0x25, 0xfd, 0xd5, 0x16, 0x38, 0x3e,
  0x25, 0x22, 0x0e, 0x0c, 0x3f, 0x23, 0x36, 0x61, 0x14, 0x16, 0x38, 0x3e,
  0x25, 0x22, 0x0e, 0x0c, 0x3f, 0x23, 0x36, 0x61, 0x00, 0x05, 0x00, 0x00,
  0xff, 0xc0, 0x04, 0x00, 0x03, 0xc0, 0x00, 0x1b, 0x00, 0x37, 0x00, 0x43,
  0x00, 0x4f, 0x00, 0x53, 0x00, 0x00, 0x05, 0x32, 0x37, 0x3e, 0x01, 0x37,
  0x36, 0x35, 0x34, 0x27, 0x2e, 0x01, 0x27, 0x26, 0x23, 0x22, 0x07, 0x0e,
  0x01, 0x07, 0x06, 0x15, 0x14, 0x17, 0x1e, 0x01, 0x17, 0x16, 0x13, 0x32,
  0x17, 0x1e, 0x01, 0x17, 0x16, 0x15, 0x14, 0x07, 0x0e, 0x01, 0x07, 0x06,
  0x23, 0x22, 0x27, 0x2e, 0x01, 0x27, 0x26, 0x35, 0x34, 0x37, 0x3e, 0x01,
  0x37, 0x36, 0x07, 0x14, 0x16, 0x33, 0x32, 0x36, 0x35, 0x34, 0x26, 0x23,
  0x22, 0x06, 0x05, 0x14, 0x16, 0x33, 0x32, 0x36, 0x35, 0x34, 0x26, 0x23,
  0x22, 0x06, 0x01, 0x21, 0x15, 0x21, 0x02, 0x00, 0x6a, 0x5d, 0x5e, 0x8b,
  0x28, 0x28, 0x28, 0x28, 0x8b, 0x5e, 0x5d, 0x6a, 0x6a, 0x5d, 0x5e, 0x8b,
  0x28, 0x28, 0x28, 0x28, 0x8b, 0x5e, 0x5d, 0x6a, 0x56, 0x4c, 0x4c, 0x71,
  0x20, 0x21, 0x21, 0x20, 0x71, 0x4c, 0x4c, 0x56, 0x56, 0x4c, 0x4c, 0x71,
  0x20, 0x21, 0x21, 0x20, 0x71, 0x4c, 0x4c, 0xaa, 0x25, 0x1b, 0x1b, 0x25,
  0x25, 0x1b, 0x1b, 0x25, 0x01, 0x80, 0x25, 0x1b, 0x1b, 0x25, 0x25, 0x1b,
  0x1b, 0x25, 0xff, 0x00, 0x01, 0x00, 0xff, 0x00, 0x40, 0x28, 0x28, 0x8b,
  0x5e, 0x5d, 0x6a, 0x6a, 0x5d, 0x5e, 0x8b, 0x28, 0x28, 0x28, 0x28, 0x8b,
  0x5e, 0x5d, 0x6a, 0x6a, 0x5d, 0x5e, 0x8b, 0x28, 0x28, 0x03, 0xa0, 0x21,
  0x20, 0x71, 0x4c, 0x4c, 0x56, 0x56, 0x4c, 0x4c, 0x71, 0x20, 0x21, 0x21,
  0x20, 0x71, 0x4c, 0x4c, 0x56, 0x56, 0x4c, 0x4c, 0x71, 0x20, 0x21, 0xe0,
  0x1b, 0x25, 0x25, 0x1b, 0x1b, 0x25, 0x25, 0x1b, 0x1b, 0x25, 0x25, 0x1b,
  0x1b, 0x25, 0x25, 0xfe, 0x65, 0x40, 0x00, 0x00, 0x00, 0x04, 0x00, 0x00,
  0xff, 0xc0, 0x04, 0x00, 0x03, 0xc0, 0x00, 0x1b, 0x00, 0x1f, 0x00, 0x2b,
  0x00, 0x37, 0x00, 0x00, 0x01, 0x22, 0x07, 0x0e, 0x01, 0x07, 0x06, 0x15,
  0x14, 0x17, 0x1e, 0x01, 0x17, 0x16, 0x33, 0x32, 0x37, 0x3e, 0x01, 0x37,
  0x36, 0x35, 0x34, 0x27, 0x2e, 0x01, 0x27, 0x26, 0x13, 0x21, 0x35, 0x21,
  0x13, 0x32, 0x16, 0x15, 0x14, 0x06, 0x23, 0x22, 0x26, 0x35, 0x34, 0x36,
  0x21, 0x32, 0x16, 0x15, 0x14, 0x06, 0x23, 0x22, 0x26, 0x35, 0x34, 0x36,
  0x02, 0x00, 0x6a, 0x5d, 0x5e, 0x8b, 0x28, 0x28, 0x28, 0x28, 0x8b, 0x5e,
  0x5d, 0x6a, 0x6a, 0x5d, 0x5e, 0x8b, 0x28, 0x28, 0x28, 0x28, 0x8b, 0x5e,
  0x5d, 0x16, 0xff, 0x00, 0x01, 0x00, 0x40, 0x1b, 0x25, 0x25, 0x1b, 0x1b,
  0x25, 0x25, 0xfe, 0x9b, 0x1b, 0x25, 0x25, 0x1b, 0x1b, 0x25, 0x25, 0x03,
  0xc0, 0x28, 0x28, 0x8b, 0x5e, 0x5d, 0x6a, 0x6a, 0x5d, 0x5e, 0x8b, 0x28,
  0x28, 0x28, 0x28, 0x8b, 0x5e, 0x5d, 0x6a, 0x6a, 0x5d, 0x5e, 0x8b, 0x28,
  0x28, 0xfd, 0x00, 0x40, 0x01, 0xc0, 0x25, 0x1b, 0x1b, 0x25, 0x25, 0x1b,
  0x1b, 0x25, 0x25, 0x1b, 0x1b, 0x25, 0x25, 0x1b, 0x1b, 0x25, 0x00, 0x00,
  0x00, 0x06, 0x00, 0x00, 0xff, 0xc0, 0x04, 0x00, 0x03, 0xc0, 0x00, 0x1b,
  0x00, 0x37, 0x00, 0x43, 0x00, 0x4f, 0x00, 0x63, 0x00, 0x76, 0x00, 0x00,
  0x05, 0x32, 0x37, 0x3e, 0x01, 0x37, 0x36, 0x35, 0x34, 0x27, 0x2e, 0x01,
  0x27, 0x26, 0x23, 0x22, 0x07, 0x0e, 0x01, 0x07, 0x06, 0x15, 0x14, 0x17,
  0x1e, 0x01, 0x17, 0x16, 0x13, 0x32, 0x17, 0x1e, 0x01, 0x17, 0x16, 0x15,
  0x14, 0x07, 0x0e, 0x01, 0x07, 0x06, 0x23, 0x22, 0x27, 0x2e, 0x01, 0x27,
  0x26, 0x35, 0x34, 0x37, 0x3e, 0x01, 0x37, 0x36, 0x07, 0x34, 0x36, 0x33,
  0x32, 0x16, 0x15, 0x14, 0x06, 0x23, 0x22, 0x26, 0x25, 0x34, 0x36, 0x33,
  0x32, 0x16, 0x15, 0x14, 0x06, 0x23, 0x22, 0x26, 0x17, 0x26, 0x22, 0x07,
  0x06, 0x14, 0x17, 0x1e, 0x01, 0x33, 0x16, 0x17, 0x16, 0x36, 0x37, 0x36,
  0x35, 0x06, 0x26, 0x27, 0x21, 0x36, 0x32, 0x17, 0x16, 0x14, 0x07, 0x0e,
  0x01, 0x23, 0x06, 0x07, 0x06, 0x26, 0x27, 0x26, 0x35, 0x16, 0x36, 0x02,
  0x00, 0x6a, 0x5d, 0x5e, 0x8b, 0x28, 0x28, 0x28, 0x28, 0x8b, 0x5e, 0x5d,
  0x6a, 0x6a, 0x5d, 0x5e, 0x8b, 0x28, 0x28, 0x28, 0x28, 0x8b, 0x5e, 0x5d,
  0x6a, 0x56, 0x4c, 0x4c, 0x71, 0x20, 0x21, 0x21, 0x20, 0x71, 0x4c, 0x4c,
  0x56, 0x56, 0x4c, 0x4c, 0x71, 0x20, 0x21, 0x21, 0x20, 0x71, 0x4c, 0x4c,
  0xaa, 0x25, 0x1b, 0x1b, 0x25, 0x25, 0x1b, 0x1b, 0x25, 0x01, 0x80, 0x25,
  0x1b, 0x1b, 0x25, 0x25, 0x1b, 0x1b, 0x25, 0x24, 0x1c, 0x50, 0x1c, 0x1c,
  0x1c, 0x01, 0x02, 0x01, 0x20, 0x31, 0x31, 0x5c, 0x21, 0x21, 0x2e, 0x4c,
  0x22, 0xfe, 0xb8, 0x1c, 0x50, 0x1c, 0x1c, 0x1c, 0x01, 0x02, 0x01, 0x20,
  0x31, 0x31, 0x5c, 0x21, 0x21, 0x2e, 0x4c, 0x40, 0x28, 0x28, 0x8b, 0x5e,
  0x5d, 0x6a, 0x6a, 0x5d, 0x5e, 0x8b, 0x28, 0x28, 0x28, 0x28, 0x8b, 0x5e,
  0x5d, 0x6a, 0x6a, 0x5d, 0x5e, 0x8b, 0x28, 0x28, 0x03, 0xa0, 0x21, 0x20,
  0x71, 0x4c, 0x4c, 0x56, 0x56, 0x4c, 0x4c, 0x71, 0x20, 0x21, 0x21, 0x20,
  0x71, 0x4c, 0x4c, 0x56, 0x56, 0x4c, 0x4c, 0x71, 0x20, 0x21, 0xe0, 0x1b,
  0x25, 0x25, 0x1b, 0x1b, 0x25, 0x25, 0x1b, 0x1b, 0x25, 0x25, 0x1b, 0x1b,
  0x25, 0x25, 0xc1, 0x1c, 0x1c, 0x1c, 0x50, 0x1c, 0x01, 0x02, 0x1e, 0x02,
  0x01, 0x22, 0x20, 0x20, 0x26, 0x1e, 0x20, 0x22, 0x1c, 0x1c, 0x1c, 0x50,
  0x1c, 0x01, 0x02, 0x1e, 0x02, 0x01, 0x22, 0x20, 0x20, 0x26, 0x1e, 0x20,
  0x00, 0x04, 0x00, 0x00, 0xff, 0xc0, 0x04, 0x00, 0x03, 0xc0, 0x00, 0x1b,
  0x00, 0x27, 0x00, 0x33, 0x00, 0x5f, 0x00, 0x00, 0x01, 0x22, 0x07, 0x0e,
  0x01, 0x07, 0x06, 0x15, 0x14, 0x17, 0x1e, 0x01, 0x17, 0x16, 0x33, 0x32,
  0x37, 0x3e, 0x01, 0x37, 0x36, 0x35, 0x34, 0x27, 0x2e, 0x01, 0x27, 0x26,
  0x13, 0x32, 0x16, 0x15, 0x14, 0x06, 0x23, 0x22, 0x26, 0x35, 0x34, 0x36,
  0x21, 0x32, 0x16, 0x15, 0x14, 0x06, 0x23, 0x22, 0x26, 0x35, 0x34, 0x36,
  0x13, 0x22, 0x26, 0x27, 0x2e, 0x01, 0x35, 0x14, 0x06, 0x07, 0x0e, 0x01,
  0x23, 0x06, 0x07, 0x06, 0x26, 0x27, 0x26, 0x35, 0x16, 0x36, 0x37, 0x36,
  0x32, 0x17, 0x1e, 0x01, 0x15, 0x34, 0x36, 0x37, 0x36, 0x32, 0x17, 0x1e,
  0x01, 0x37, 0x14, 0x07, 0x0e, 0x01, 0x27, 0x26, 0x02, 0x00, 0x6a, 0x5d,
  0x5e, 0x8b, 0x28, 0x28, 0x28, 0x28, 0x8b, 0x5e, 0x5d, 0x6a, 0x6a, 0x5d,
  0x5e, 0x8b, 0x28, 0x28, 0x28, 0x28, 0x8b, 0x5e, 0x5d, 0x56, 0x1b, 0x25,
  0x25, 0x1b, 0x1b, 0x25, 0x25, 0xfe, 0x9b, 0x1b, 0x25, 0x25, 0x1b, 0x1b,
  0x25, 0x25, 0xfb, 0x01, 0x02, 0x01, 0x0e, 0x0e, 0x0e, 0x0e, 0x01, 0x02,
  0x01, 0x20, 0x31, 0x31, 0x5c, 0x21, 0x21, 0x2e, 0x4c, 0x22, 0x1c, 0x50,
  0x1c, 0x0e, 0x0e, 0x0e, 0x0e, 0x1c, 0x50, 0x1c, 0x22, 0x4b, 0x2f, 0x21,
  0x21, 0x5c, 0x31, 0x31, 0x03, 0xc0, 0x28, 0x28, 0x8b, 0x5e, 0x5d, 0x6a,
  0x6a, 0x5d, 0x5e, 0x8b, 0x28, 0x28, 0x28, 0x28, 0x8b, 0x5e, 0x5d, 0x6a,
  0x6a, 0x5d, 0x5e, 0x8b, 0x28, 0x28, 0xff, 0x00, 0x25, 0x1b, 0x1b, 0x25,
  0x25, 0x1b, 0x1b, 0x25, 0x25, 0x1b, 0x1b, 0x25, 0x25, 0x1b, 0x1b, 0x25,
  0xfe, 0x59, 0x02, 0x01, 0x0e, 0x24, 0x12, 0x12, 0x24, 0x0e, 0x01, 0x02,
  0x1e, 0x02, 0x01, 0x22, 0x20, 0x20, 0x26, 0x1e, 0x20, 0x22, 0x1c, 0x1c,
  0x0e, 0x24, 0x12, 0x12, 0x24, 0x0e, 0x1c, 0x1c, 0x22, 0x20, 0x1e, 0x26,
  0x20, 0x20, 0x22, 0x01, 0x02, 0x00, 0x00, 0x00, 0x00, 0x05, 0x00, 0x00,
  0xff, 0xc0, 0x04, 0x00, 0x03, 0xc0, 0x00, 0x1b, 0x00, 0x37, 0x00, 0x3b,
  0x00, 0x47, 0x00, 0x53, 0x00, 0x00, 0x05, 0x32, 0x37, 0x3e, 0x01, 0x37,
  0x36, 0x35, 0x34, 0x27, 0x2e, 0x01, 0x27, 0x26, 0x23, 0x22, 0x07, 0x0e,
  0x01, 0x07, 0x06, 0x15, 0x14, 0x17, 0x1e, 0x01, 0x17, 0x16, 0x13, 0x32,
  0x17, 0x1e, 0x01, 0x17, 0x16, 0x15, 0x14, 0x07, 0x0e, 0x01, 0x07, 0x06,
  0x23, 0x22, 0x27, 0x2e, 0x01, 0x27, 0x26, 0x35, 0x34, 0x37, 0x3e, 0x01,
  0x37, 0x36, 0x01, 0x17, 0x05, 0x27, 0x03, 0x34, 0x36, 0x33, 0x32, 0x16,
  0x15, 0x14, 0x06, 0x23, 0x22, 0x26, 0x25, 0x34, 0x36, 0x33, 0x32, 0x16,
  0x15, 0x14, 0x06, 0x23, 0x22, 0x26, 0x02, 0x00, 0x6a, 0x5d, 0x5e, 0x8b,
  0x28, 0x28, 0x28, 0x28, 0x8b, 0x5e, 0x5d, 0x6a, 0x6a, 0x5d, 0x5e, 0x8b,
  0x28, 0x28, 0x28, 0x28, 0x8b, 0x5e, 0x5d, 0x6a, 0x56, 0x4c, 0x4c, 0x71,
  0x20, 0x21, 0x21, 0x20, 0x71, 0x4c, 0x4c, 0x56, 0x56, 0x4c, 0x4c, 0x71,
  0x20, 0x21, 0x21, 0x20, 0x71, 0x4c, 0x4c, 0x01, 0x40, 0x16, 0xfe, 0x4b,
  0x16, 0x35, 0x25, 0x1b, 0x1b, 0x25, 0x25, 0x1b, 0x1b, 0x25, 0x01, 0x80,
  0x25, 0x1b, 0x1b, 0x25, 0x25, 0x1b, 0x1b, 0x25, 0x40, 0x28, 0x28, 0x8b,
  0x5e, 0x5d, 0x6a, 0x6a, 0x5d, 0x5e, 0x8b, 0x28, 0x28, 0x28, 0x28, 0x8b,
  0x5e, 0x5d, 0x6a, 0x6a, 0x5d, 0x5e, 0x8b, 0x28, 0x28, 0x03, 0xa0, 0x21,
  0x20, 0x71, 0x4c, 0x4c, 0x56, 0x56, 0x4c, 0x4c, 0x71, 0x20, 0x21, 0x21,
  0x20, 0x71, 0x4c, 0x4c, 0x56, 0x56, 0x4c, 0x4c, 0x71, 0x20, 0x21, 0xfe,
  0x06, 0x4c, 0x80, 0x4c, 0x01, 0x9a, 0x1b, 0x25, 0x25, 0x1b, 0x1b, 0x25,
  0x25, 0x1b, 0x1b, 0x25, 0x25, 0x1b, 0x1b, 0x25, 0x25, 0x00, 0x00, 0x00,
  0x00, 0x04, 0x00, 0x00, 0xff, 0xc0, 0x04, 0x00, 0x03, 0xc0, 0x00, 0x1b,
  0x00, 0x27, 0x00, 0x33, 0x00, 0x38, 0x00, 0x00, 0x01, 0x22, 0x07, 0x0e,
  0x01, 0x07, 0x06, 0x15, 0x14, 0x17, 0x1e, 0x01, 0x17, 0x16, 0x33, 0x32,
  0x37, 0x3e, 0x01, 0x37, 0x36, 0x35, 0x34, 0x27, 0x2e, 0x01, 0x27, 0x26,
  0x13, 0x32, 0x16, 0x15, 0x14, 0x06, 0x23, 0x22, 0x26, 0x35, 0x34, 0x36,
  0x05, 0x34, 0x36, 0x33, 0x32, 0x16, 0x15, 0x14, 0x06, 0x23, 0x22, 0x26,
  0x13, 0x27, 0x25, 0x17, 0x05, 0x02, 0x00, 0x6a, 0x5d, 0x5e, 0x8b, 0x28,
  0x28, 0x28, 0x28, 0x8b, 0x5e, 0x5d, 0x6a, 0x6a, 0x5d, 0x5e, 0x8b, 0x28,
  0x28, 0x28, 0x28, 0x8b, 0x5e, 0x5d, 0x56, 0x1b, 0x25, 0x25, 0x1b, 0x1b,
  0x25, 0x25, 0xfe, 0x5b, 0x25, 0x1b, 0x1b, 0x25, 0x25, 0x1b, 0x1b, 0x25,
  0x4b, 0x16, 0x01, 0xb5, 0x16, 0xfe, 0x4b, 0x03, 0xc0, 0x28, 0x28, 0x8b,
  0x5e, 0x5d, 0x6a, 0x6a, 0x5d, 0x5e, 0x8b, 0x28, 0x28, 0x28, 0x28, 0x8b,
  0x5e, 0x5d, 0x6a, 0x6a, 0x5d, 0x5e, 0x8b, 0x28, 0x28, 0xff, 0x00, 0x25,
  0x1b, 0x1b, 0x25, 0x25, 0x1b, 0x1b, 0x25, 0x40, 0x1b, 0x25, 0x25, 0x1b,
  0x1b, 0x25, 0x25, 0xfe, 0x35, 0x4c, 0x80, 0x4c, 0x80, 0x00, 0x00, 0x00,
  0x00, 0x05, 0x00, 0x00, 0xff, 0xc0, 0x04, 0x00, 0x03, 0xc0, 0x00, 0x1b,
  0x00, 0x37, 0x00, 0x43, 0x00, 0x59, 0x00, 0x6e, 0x00, 0x00, 0x05, 0x32,
  0x37, 0x3e, 0x01, 0x37, 0x36, 0x35, 0x34, 0x27, 0x2e, 0x01, 0x27, 0x26,
  0x23, 0x22, 0x07, 0x0e, 0x01, 0x07, 0x06, 0x15, 0x14, 0x17, 0x1e, 0x01,
  0x17, 0x16, 0x13, 0x32, 0x17, 0x1e, 0x01, 0x17, 0x16, 0x15, 0x14, 0x07,
  0x0e, 0x01, 0x07, 0x06, 0x23, 0x22, 0x27, 0x2e, 0x01, 0x27, 0x26, 0x35,
  0x34, 0x37, 0x3e, 0x01, 0x37, 0x36, 0x13, 0x14, 0x06, 0x23, 0x22, 0x26,
  0x35, 0x34, 0x36, 0x33, 0x32, 0x16, 0x03, 0x22, 0x26, 0x27, 0x26, 0x22,
  0x07, 0x06, 0x22, 0x27, 0x26, 0x34, 0x37, 0x36, 0x32, 0x17, 0x16, 0x14,
  0x07, 0x0e, 0x01, 0x23, 0x21, 0x22, 0x26, 0x27, 0x26, 0x22, 0x07, 0x06,
  0x22, 0x27, 0x26, 0x34, 0x37, 0x36, 0x32, 0x17, 0x16, 0x14, 0x07, 0x0e,
  0x01, 0x02, 0x00, 0x6a, 0x5d, 0x5e, 0x8b, 0x28, 0x28, 0x28, 0x28, 0x8b,
  0x5e, 0x5d, 0x6a, 0x6a, 0x5d, 0x5e, 0x8b, 0x28, 0x28, 0x28, 0x28, 0x8b,
  0x5e, 0x5d, 0x6a, 0x56, 0x4c, 0x4c, 0x71, 0x20, 0x21, 0x21, 0x20, 0x71,
  0x4c, 0x4c, 0x56, 0x56, 0x4c, 0x4c, 0x71, 0x20, 0x21, 0x21, 0x20, 0x71,
  0x4c, 0x4c, 0xd6, 0x4b, 0x35, 0x35, 0x4b, 0x4b, 0x35, 0x35, 0x4b, 0xe0,
  0x06, 0x0c, 0x05, 0x0e, 0x36, 0x0e, 0x0a, 0x1a, 0x0a, 0x09, 0x09, 0x22,
  0x6a, 0x22, 0x09, 0x09, 0x05, 0x0c, 0x06, 0x01, 0x40, 0x06, 0x0c, 0x05,
  0x0e, 0x36, 0x0e, 0x0a, 0x1a, 0x0a, 0x09, 0x09, 0x22, 0x6a, 0x22, 0x09,
  0x09, 0x05, 0x0c, 0x40, 0x28, 0x28, 0x8b, 0x5e, 0x5d, 0x6a, 0x6a, 0x5d,
  0x5e, 0x8b, 0x28, 0x28, 0x28, 0x28, 0x8b, 0x5e, 0x5d, 0x6a, 0x6a, 0x5d,
  0x5e, 0x8b, 0x28, 0x28, 0x03, 0xa0, 0x21, 0x20, 0x71, 0x4c, 0x4c, 0x56,
  0x56, 0x4c, 0x4c, 0x71, 0x20, 0x21, 0x21, 0x20, 0x71, 0x4c, 0x4c, 0x56,
  0x56, 0x4c, 0x4c, 0x71, 0x20, 0x21, 0xfd, 0xc0, 0x42, 0x5e, 0x5e, 0x42,
  0x42, 0x5e, 0x5e, 0x01, 0x0a, 0x05, 0x04, 0x0f, 0x0f, 0x09, 0x09, 0x0a,
  0x1a, 0x0a, 0x21, 0x21, 0x0a, 0x1a, 0x0a, 0x04, 0x05, 0x05, 0x04, 0x0f,
  0x0f, 0x09, 0x09, 0x0a, 0x1a, 0x0a, 0x21, 0x21, 0x0a, 0x1a, 0x0a, 0x04,
  0x05, 0x00, 0x00, 0x00, 0x00, 0x04, 0x00, 0x00, 0xff, 0xc0, 0x04, 0x00,
  0x03, 0xc0, 0x00, 0x1b, 0x00, 0x30, 0x00, 0x3c, 0x00, 0x51, 0x00, 0x00,
  0x01, 0x22, 0x07, 0x0e, 0x01, 0x07, 0x06, 0x15, 0x14, 0x17, 0x1e, 0x01,
  0x17, 0x16, 0x33, 0x32, 0x37, 0x3e, 0x01, 0x37, 0x36, 0x35, 0x34, 0x27,
  0x2e, 0x01, 0x27, 0x26, 0x01, 0x06, 0x22, 0x27, 0x26, 0x34, 0x37, 0x36,
  0x32, 0x17, 0x16, 0x14, 0x07, 0x0e, 0x01, 0x23, 0x22, 0x26, 0x27, 0x26,
  0x22, 0x13, 0x22, 0x26, 0x35, 0x34, 0x36, 0x33, 0x32, 0x16, 0x15, 0x14,
  0x06, 0x13, 0x0e, 0x01, 0x23, 0x22, 0x26, 0x27, 0x26, 0x22, 0x07, 0x06,
  0x22, 0x27, 0x26, 0x34, 0x37, 0x36, 0x32, 0x17, 0x16, 0x14, 0x02, 0x00,
  0x6a, 0x5d, 0x5e, 0x8b, 0x28, 0x28, 0x28, 0x28, 0x8b, 0x5e, 0x5d, 0x6a,
  0x6a, 0x5d, 0x5e, 0x8b, 0x28, 0x28, 0x28, 0x28, 0x8b, 0x5e, 0x5d, 0xfe,
  0xcd, 0x0a, 0x1a, 0x0a, 0x09, 0x09, 0x22, 0x6a, 0x22, 0x09, 0x09, 0x05,
  0x0c, 0x06, 0x06, 0x0c, 0x05, 0x0e, 0x36, 0xbb, 0x35, 0x4b, 0x4b, 0x35,
  0x35, 0x4b, 0x4b, 0xc2, 0x05, 0x0c, 0x06, 0x06, 0x0c, 0x05, 0x0e, 0x36,
  0x0e, 0x0a, 0x1a, 0x0a, 0x09, 0x09, 0x22, 0x6a, 0x22, 0x09, 0x03, 0xc0,
  0x28, 0x28, 0x8b, 0x5e, 0x5d, 0x6a, 0x6a, 0x5d, 0x5e, 0x8b, 0x28, 0x28,
  0x28, 0x28, 0x8b, 0x5e, 0x5d, 0x6a, 0x6a, 0x5d, 0x5e, 0x8b, 0x28, 0x28,
  0xfe, 0xb5, 0x09, 0x09, 0x0a, 0x1a, 0x0a, 0x21, 0x21, 0x0a, 0x1a, 0x0a,
  0x04, 0x05, 0x05, 0x04, 0x0f, 0xfd, 0xfc, 0x5e, 0x42, 0x42, 0x5e, 0x5e,
  0x42, 0x42, 0x5e, 0x01, 0xf5, 0x04, 0x05, 0x05, 0x04, 0x0f, 0x0f, 0x09,
  0x09, 0x0a, 0x1a, 0x0a, 0x21, 0x21, 0x0a, 0x1a, 0x00, 0x08, 0x00, 0x00,
  0xff, 0xc0, 0x04, 0x00, 0x03, 0xc0, 0x00, 0x1b, 0x00, 0x37, 0x00, 0x45,
  0x00, 0x4f, 0x00, 0x53, 0x00, 0x5d, 0x00, 0x80, 0x00, 0x9c, 0x00, 0x00,
  0x01, 0x2e, 0x01, 0x23, 0x26, 0x06, 0x07, 0x06, 0x16, 0x17, 0x1e, 0x01,
  0x17, 0x0e, 0x01, 0x15, 0x14, 0x16, 0x33, 0x32, 0x36, 0x35, 0x3c, 0x01,
  0x31, 0x2e, 0x01, 0x27, 0x13, 0x22, 0x07, 0x0e, 0x01, 0x07, 0x06, 0x15,
  0x14, 0x17, 0x1e, 0x01, 0x17, 0x16, 0x33, 0x32, 0x37, 0x3e, 0x01, 0x37,
  0x36, 0x35, 0x34, 0x27, 0x2e, 0x01, 0x27, 0x26, 0x01, 0x1e, 0x01, 0x33,
  0x21, 0x32, 0x36, 0x37, 0x0e, 0x01, 0x23, 0x22, 0x26, 0x27, 0x37, 0x35,
  0x34, 0x36, 0x3b, 0x01, 0x15, 0x23, 0x22, 0x26, 0x17, 0x35, 0x33, 0x15,
  0x33, 0x35, 0x33, 0x32, 0x16, 0x1d, 0x01, 0x14, 0x06, 0x23, 0x17, 0x3e,
  0x01, 0x3d, 0x01, 0x34, 0x26, 0x23, 0x21, 0x22, 0x06, 0x1d, 0x01, 0x14,
  0x16, 0x17, 0x2e, 0x01, 0x35, 0x34, 0x37, 0x3e, 0x01, 0x37, 0x36, 0x33,
  0x32, 0x17, 0x1e, 0x01, 0x17, 0x16, 0x15, 0x14, 0x06, 0x03, 0x22, 0x06,
  0x07, 0x0e, 0x01, 0x07, 0x30, 0x14, 0x15, 0x14, 0x16, 0x33, 0x32, 0x36,
  0x35, 0x34, 0x26, 0x27, 0x3e, 0x01, 0x37, 0x3e, 0x01, 0x27, 0x2e, 0x01,
  0x07, 0x01, 0x6e, 0x1a, 0x2b, 0x01, 0x0d, 0x17, 0x03, 0x03, 0x0d, 0x0d,
  0x0d, 0x1e, 0x0e, 0x08, 0x09, 0x25, 0x1b, 0x1b, 0x25, 0x02, 0x34, 0x1c,
  0x92, 0x6a, 0x5d, 0x5e, 0x8b, 0x28, 0x28, 0x28, 0x28, 0x8b, 0x5e, 0x5d,
  0x6a, 0x6a, 0x5d, 0x5e, 0x8b, 0x28, 0x28, 0x28, 0x28, 0x8b, 0x5e, 0x5d,
  0xfe, 0x82, 0x09, 0x11, 0x0a, 0x01, 0xe0, 0x0a, 0x11, 0x09, 0x38, 0x8d,
  0x4f, 0x4f, 0x8d, 0x38, 0x14, 0x09, 0x07, 0x70, 0x70, 0x07, 0x09, 0xc0,
  0x80, 0x40, 0x70, 0x07, 0x09, 0x09, 0x07, 0x48, 0x04, 0x04, 0x2f, 0x21,
  0xfe, 0x20, 0x21, 0x2f, 0x04, 0x04, 0x30, 0x38, 0x21, 0x20, 0x71, 0x4c,
  0x4c, 0x56, 0x56, 0x4c, 0x4c, 0x71, 0x20, 0x21, 0x38, 0x90, 0x01, 0x2b,
  0x1a, 0x1c, 0x34, 0x02, 0x25, 0x1b, 0x1b, 0x25, 0x09, 0x08, 0x0e, 0x1e,
  0x0d, 0x0d, 0x0d, 0x03, 0x03, 0x17, 0x0d, 0x02, 0xa5, 0x0d, 0x0d, 0x03,
  0x0d, 0x0d, 0x0d, 0x17, 0x03, 0x03, 0x0b, 0x07, 0x09, 0x16, 0x0d, 0x1b,
  0x25, 0x25, 0x1b, 0x01, 0x02, 0x24, 0x30, 0x0e, 0x01, 0x1b, 0x28, 0x28,
  0x8b, 0x5e, 0x5d, 0x6a, 0x6a, 0x5d, 0x5e, 0x8b, 0x28, 0x28, 0x28, 0x28,
  0x8b, 0x5e, 0x5d, 0x6a, 0x6a, 0x5d, 0x5e, 0x8b, 0x28, 0x28, 0xfc, 0xc8,
  0x04, 0x04, 0x04, 0x04, 0x30, 0x38, 0x38, 0x30, 0x48, 0x60, 0x07, 0x09,
  0x80, 0x09, 0x09, 0x80, 0x80, 0x80, 0x09, 0x07, 0x60, 0x07, 0x09, 0x14,
  0x09, 0x11, 0x0a, 0x60, 0x21, 0x2f, 0x2f, 0x21, 0x60, 0x0a, 0x11, 0x09,
  0x38, 0x8d, 0x4f, 0x56, 0x4c, 0x4c, 0x71, 0x20, 0x21, 0x21, 0x20, 0x71,
  0x4c, 0x4c, 0x56, 0x4f, 0x8d, 0x01, 0xdb, 0x0d, 0x0d, 0x0e, 0x30, 0x24,
  0x02, 0x01, 0x1b, 0x25, 0x25, 0x1b, 0x0d, 0x16, 0x09, 0x07, 0x0b, 0x03,
  0x03, 0x17, 0x0d, 0x0d, 0x0d, 0x03, 0x00, 0x00, 0x00, 0x07, 0x00, 0x00,
  0xff, 0xc0, 0x04, 0x00, 0x03, 0xc0, 0x00, 0x09, 0x00, 0x0d, 0x00, 0x17,
  0x00, 0x33, 0x00, 0x4e, 0x00, 0x69, 0x00, 0x79, 0x00, 0x00, 0x01, 0x15,
  0x14, 0x16, 0x3b, 0x01, 0x35, 0x23, 0x22, 0x06, 0x37, 0x33, 0x15, 0x23,
  0x25, 0x23, 0x15, 0x33, 0x32, 0x36, 0x3d, 0x01, 0x34, 0x26, 0x03, 0x22,
  0x07, 0x0e, 0x01, 0x07, 0x06, 0x15, 0x14, 0x17, 0x1e, 0x01, 0x17, 0x16,
  0x33, 0x32, 0x37, 0x3e, 0x01, 0x37, 0x36, 0x35, 0x34, 0x27, 0x2e, 0x01,
  0x27, 0x26, 0x03, 0x3e, 0x01, 0x37, 0x3e, 0x01, 0x33, 0x36, 0x16, 0x17,
  0x16, 0x06, 0x07, 0x0e, 0x01, 0x07, 0x1e, 0x01, 0x15, 0x14, 0x06, 0x23,
  0x22, 0x26, 0x35, 0x3c, 0x01, 0x25, 0x3e, 0x01, 0x17, 0x32, 0x16, 0x17,
  0x1e, 0x01, 0x17, 0x30, 0x14, 0x15, 0x14, 0x06, 0x23, 0x22, 0x26, 0x35,
  0x34, 0x36, 0x37, 0x2e, 0x01, 0x27, 0x2e, 0x01, 0x01, 0x14, 0x06, 0x23,
  0x21, 0x22, 0x26, 0x3d, 0x01, 0x34, 0x36, 0x33, 0x21, 0x32, 0x16, 0x15,
  0x01, 0x00, 0x09, 0x07, 0x70, 0x70, 0x07, 0x09, 0xc0, 0x80, 0x80, 0x01,
  0x30, 0x70, 0x70, 0x07, 0x09, 0x09, 0xf7, 0x6a, 0x5d, 0x5e, 0x8b, 0x28,
  0x28, 0x28, 0x28, 0x8b, 0x5e, 0x5d, 0x6a, 0x6a, 0x5d, 0x5e, 0x8b, 0x28,
  0x28, 0x28, 0x28, 0x8b, 0x5e, 0x5d, 0x2a, 0x02, 0x34, 0x1c, 0x1a, 0x2b,
  0x01, 0x0d, 0x17, 0x03, 0x03, 0x0d, 0x0d, 0x0d, 0x1e, 0x0e, 0x08, 0x09,
  0x25, 0x1b, 0x1b, 0x25, 0xfe, 0xc1, 0x03, 0x17, 0x0d, 0x01, 0x2b, 0x1a,
  0x1c, 0x34, 0x02, 0x25, 0x1b, 0x1b, 0x25, 0x09, 0x08, 0x0e, 0x1e, 0x0d,
  0x0d, 0x0d, 0x02, 0x42, 0x2f, 0x21, 0xfe, 0x20, 0x21, 0x2f, 0x2f, 0x21,
  0x01, 0xe0, 0x21, 0x2f, 0x01, 0x30, 0x60, 0x07, 0x09, 0x80, 0x09, 0x09,
  0x80, 0x80, 0x80, 0x09, 0x07, 0x60, 0x07, 0x09, 0x02, 0x80, 0x28, 0x28,
  0x8b, 0x5e, 0x5d, 0x6a, 0x6a, 0x5d, 0x5e, 0x8b, 0x28, 0x28, 0x28, 0x28,
  0x8b, 0x5e, 0x5d, 0x6a, 0x6a, 0x5d, 0x5e, 0x8b, 0x28, 0x28, 0xfe, 0x83,
  0x24, 0x30, 0x0e, 0x0d, 0x0d, 0x03, 0x0d, 0x0d, 0x0d, 0x17, 0x03, 0x03,
  0x0b, 0x07, 0x09, 0x16, 0x0d, 0x1b, 0x25, 0x25, 0x1b, 0x01, 0x02, 0x65,
  0x0d, 0x0d, 0x03, 0x0d, 0x0d, 0x0e, 0x30, 0x24, 0x02, 0x01, 0x1b, 0x25,
  0x25, 0x1b, 0x0d, 0x16, 0x09, 0x07, 0x0b, 0x03, 0x03, 0x17, 0xfe, 0x35,
  0x21, 0x2f, 0x2f, 0x21, 0x60, 0x21, 0x2f, 0x2f, 0x21, 0x00, 0x00, 0x00,
  0x00, 0x09, 0x00, 0x00, 0xff, 0xc0, 0x04, 0x00, 0x03, 0xc0, 0x00, 0x1b,
  0x00, 0x37, 0x00, 0x45, 0x00, 0x53, 0x00, 0x6e, 0x00, 0x7c, 0x00, 0x8a,
  0x00, 0x98, 0x00, 0xa6, 0x00, 0x00, 0x05, 0x32, 0x37, 0x3e, 0x01, 0x37,
  0x36, 0x35, 0x34, 0x27, 0x2e, 0x01, 0x27, 0x26, 0x23, 0x22, 0x07, 0x0e,
  0x01, 0x07, 0x06, 0x15, 0x14, 0x17, 0x1e, 0x01, 0x17, 0x16, 0x13, 0x32,
  0x17, 0x1e, 0x01, 0x17, 0x16, 0x15, 0x14, 0x07, 0x0e, 0x01, 0x07, 0x06,
  0x23, 0x22, 0x27, 0x2e, 0x01, 0x27, 0x26, 0x35, 0x34, 0x37, 0x3e, 0x01,
  0x37, 0x36, 0x01, 0x23, 0x22, 0x26, 0x35, 0x34, 0x36, 0x3b, 0x01, 0x32,
  0x16, 0x15, 0x14, 0x06, 0x21, 0x23, 0x22, 0x26, 0x35, 0x34, 0x36, 0x3b,
  0x01, 0x32, 0x16, 0x15, 0x14, 0x06, 0x13, 0x22, 0x26, 0x27, 0x2e, 0x01,
  0x23, 0x22, 0x06, 0x07, 0x06, 0x22, 0x27, 0x26, 0x34, 0x37, 0x3e, 0x01,
  0x33, 0x32, 0x16, 0x17, 0x16, 0x14, 0x07, 0x0e, 0x01, 0x13, 0x22, 0x26,
  0x3d, 0x01, 0x34, 0x36, 0x33, 0x32, 0x16, 0x1d, 0x01, 0x14, 0x06, 0x07,
  0x22, 0x26, 0x3d, 0x01, 0x34, 0x36, 0x33, 0x32, 0x16, 0x1d, 0x01, 0x14,
  0x06, 0x25, 0x22, 0x26, 0x3d, 0x01, 0x34, 0x36, 0x33, 0x32, 0x16, 0x1d,
  0x01, 0x14, 0x06, 0x07, 0x22, 0x26, 0x3d, 0x01, 0x34, 0x36, 0x33, 0x32,
  0x16, 0x1d, 0x01, 0x14, 0x06, 0x02, 0x00, 0x6a, 0x5d, 0x5e, 0x8b, 0x28,
  0x28, 0x28, 0x28, 0x8b, 0x5e, 0x5d, 0x6a, 0x6a, 0x5d, 0x5e, 0x8b, 0x28,
  0x28, 0x28, 0x28, 0x8b, 0x5e, 0x5d, 0x6a, 0x56, 0x4c, 0x4c, 0x71, 0x20,
  0x21, 0x21, 0x20, 0x71, 0x4c, 0x4c, 0x56, 0x56, 0x4c, 0x4c, 0x71, 0x20,
  0x21, 0x21, 0x20, 0x71, 0x4c, 0x4c, 0x01, 0x76, 0x80, 0x0d, 0x13, 0x13,
  0x0d, 0x80, 0x0d, 0x13, 0x13, 0xfe, 0x33, 0x80, 0x0d, 0x13, 0x13, 0x0d,
  0x80, 0x0d, 0x13, 0x13, 0xf3, 0x06, 0x0c, 0x05, 0x03, 0x25, 0x21, 0x21,
  0x25, 0x03, 0x0a, 0x1a, 0x0a, 0x09, 0x09, 0x17, 0x4d, 0x13, 0x13, 0x4d,
  0x17, 0x09, 0x09, 0x05, 0x0c, 0x7a, 0x0d, 0x13, 0x13, 0x0d, 0x0d, 0x13,
  0x13, 0x0d, 0x0d, 0x13, 0x13, 0x0d, 0x0d, 0x13, 0x13, 0xfe, 0x33, 0x0d,
  0x13, 0x13, 0x0d, 0x0d, 0x13, 0x13, 0x0d, 0x0d, 0x13, 0x13, 0x0d, 0x0d,
  0x13, 0x13, 0x40, 0x28, 0x28, 0x8b, 0x5e, 0x5d, 0x6a, 0x6a, 0x5d, 0x5e,
  0x8b, 0x28, 0x28, 0x28, 0x28, 0x8b, 0x5e, 0x5d, 0x6a, 0x6a, 0x5d, 0x5e,
  0x8b, 0x28, 0x28, 0x03, 0xa0, 0x21, 0x20, 0x71, 0x4c, 0x4c, 0x56, 0x56,
  0x4c, 0x4c, 0x71, 0x20, 0x21, 0x21, 0x20, 0x71, 0x4c, 0x4c, 0x56, 0x56,
  0x4c, 0x4c, 0x71, 0x20, 0x21, 0xfe, 0xe0, 0x13, 0x0d, 0x0d, 0x13, 0x13,
  0x0d, 0x0d, 0x13, 0x13, 0x0d, 0x0d, 0x13, 0x13, 0x0d, 0x0d, 0x13, 0xfe,
  0x28, 0x05, 0x04, 0x04, 0x0b, 0x0b, 0x04, 0x09, 0x09, 0x0a, 0x1a, 0x0a,
  0x16, 0x0b, 0x0b, 0x16, 0x0a, 0x1a, 0x0a, 0x04, 0x05, 0x01, 0x18, 0x13,
  0x0d, 0x40, 0x0d, 0x13, 0x13, 0x0d, 0x40, 0x0d, 0x13, 0xc0, 0x13, 0x0d,
  0x40, 0x0d, 0x13, 0x13, 0x0d, 0x40, 0x0d, 0x13, 0xc0, 0x13, 0x0d, 0x40,
  0x0d, 0x13, 0x13, 0x0d, 0x40, 0x0d, 0x13, 0xc0, 0x13, 0x0d, 0x40, 0x0d,
  0x13, 0x13, 0x0d, 0x40, 0x0d, 0x13, 0x00, 0x00, 0x00, 0x08, 0x00, 0x00,
  0xff, 0xc0, 0x04, 0x00, 0x03, 0xc0, 0x00, 0x1b, 0x00, 0x29, 0x00, 0x37,
  0x00, 0x45, 0x00, 0x60, 0x00, 0x6e, 0x00, 0x7c, 0x00, 0x8a, 0x00, 0x00,
  0x01, 0x22, 0x07, 0x0e, 0x01, 0x07, 0x06, 0x15, 0x14, 0x17, 0x1e, 0x01,
  0x17, 0x16, 0x33, 0x32, 0x37, 0x3e, 0x01, 0x37, 0x36, 0x35, 0x34, 0x27,
  0x2e, 0x01, 0x27, 0x26, 0x01, 0x14, 0x06, 0x23, 0x22, 0x26, 0x3d, 0x01,
  0x34, 0x36, 0x33, 0x32, 0x16, 0x15, 0x35, 0x14, 0x06, 0x23, 0x22, 0x26,
  0x3d, 0x01, 0x34, 0x36, 0x33, 0x32, 0x16, 0x15, 0x37, 0x23, 0x22, 0x26,
  0x35, 0x34, 0x36, 0x3b, 0x01, 0x32, 0x16, 0x15, 0x14, 0x06, 0x01, 0x0e,
  0x01, 0x23, 0x22, 0x26, 0x27, 0x2e, 0x01, 0x23, 0x22, 0x06, 0x07, 0x06,
  0x22, 0x27, 0x26, 0x34, 0x37, 0x3e, 0x01, 0x33, 0x32, 0x16, 0x17, 0x16,
  0x14, 0x37, 0x14, 0x06, 0x23, 0x22, 0x26, 0x3d, 0x01, 0x34, 0x36, 0x33,
  0x32, 0x16, 0x15, 0x35, 0x14, 0x06, 0x23, 0x22, 0x26, 0x3d, 0x01, 0x34,
  0x36, 0x33, 0x32, 0x16, 0x15, 0x37, 0x23, 0x22, 0x26, 0x35, 0x34, 0x36,
  0x3b, 0x01, 0x32, 0x16, 0x15, 0x14, 0x06, 0x02, 0x00, 0x6a, 0x5d, 0x5e,
  0x8b, 0x28, 0x28, 0x28, 0x28, 0x8b, 0x5e, 0x5d, 0x6a, 0x6a, 0x5d, 0x5e,
  0x8b, 0x28, 0x28, 0x28, 0x28, 0x8b, 0x5e, 0x5d, 0xfe, 0xd6, 0x13, 0x0d,
  0x0d, 0x13, 0x13, 0x0d, 0x0d, 0x13, 0x13, 0x0d, 0x0d, 0x13, 0x13, 0x0d,
  0x0d, 0x13, 0x20, 0x80, 0x0d, 0x13, 0x13, 0x0d, 0x80, 0x0d, 0x13, 0x13,
  0x01, 0x0a, 0x05, 0x0c, 0x06, 0x06, 0x0c, 0x05, 0x03, 0x25, 0x21, 0x21,
  0x25, 0x03, 0x0a, 0x1a, 0x0a, 0x09, 0x09, 0x17, 0x4d, 0x13, 0x13, 0x4d,
  0x17, 0x09, 0x80, 0x13, 0x0d, 0x0d, 0x13, 0x13, 0x0d, 0x0d, 0x13, 0x13,
  0x0d, 0x0d, 0x13, 0x13, 0x0d, 0x0d, 0x13, 0x20, 0x80, 0x0d, 0x13, 0x13,
  0x0d, 0x80, 0x0d, 0x13, 0x13, 0x03, 0xc0, 0x28, 0x28, 0x8b, 0x5e, 0x5d,
  0x6a, 0x6a, 0x5d, 0x5e, 0x8b, 0x28, 0x28, 0x28, 0x28, 0x8b, 0x5e, 0x5d,
  0x6a, 0x6a, 0x5d, 0x5e, 0x8b, 0x28, 0x28, 0xfd, 0x20, 0x0d, 0x13, 0x13,
  0x0d, 0x40, 0x0d, 0x13, 0x13, 0x0d, 0x80, 0x0d, 0x13, 0x13, 0x0d, 0x40,
  0x0d, 0x13, 0x13, 0x0d, 0x60, 0x13, 0x0d, 0x0d, 0x13, 0x13, 0x0d, 0x0d,
  0x13, 0xfe, 0x31, 0x04, 0x05, 0x05, 0x04, 0x04, 0x0b, 0x0b, 0x04, 0x09,
  0x09, 0x0a, 0x1a, 0x0a, 0x16, 0x0b, 0x0b, 0x16, 0x0a, 0x1a, 0x65, 0x0d,
  0x13, 0x13, 0x0d, 0x40, 0x0d, 0x13, 0x13, 0x0d, 0x80, 0x0d, 0x13, 0x13,
  0x0d, 0x40, 0x0d, 0x13, 0x13, 0x0d, 0x60, 0x13, 0x0d, 0x0d, 0x13, 0x13,
  0x0d, 0x0d, 0x13, 0x00, 0x00, 0x03, 0x00, 0x00, 0xff, 0xc0, 0x03, 0xc0,
  0x03, 0xc0, 0x00, 0x3e, 0x00, 0x4a, 0x00, 0x8e, 0x00, 0x00, 0x01, 0x35,
  0x34, 0x26, 0x23, 0x22, 0x06, 0x07, 0x2e, 0x01, 0x23, 0x22, 0x06, 0x07,
  0x2e, 0x01, 0x23, 0x22, 0x06, 0x07, 0x35, 0x34, 0x26, 0x23, 0x22, 0x06,
  0x15, 0x11, 0x27, 0x2e, 0x01, 0x23, 0x22, 0x06, 0x15, 0x14, 0x16, 0x17,
  0x32, 0x14, 0x31, 0x17, 0x23, 0x22, 0x06, 0x1d, 0x01, 0x14, 0x16, 0x33,
  0x21, 0x32, 0x36, 0x3d, 0x01, 0x34, 0x26, 0x2b, 0x01, 0x37, 0x3e, 0x01,
  0x35, 0x03, 0x14, 0x06, 0x23, 0x22, 0x26, 0x35, 0x34, 0x36, 0x33, 0x32,
  0x16, 0x35, 0x07, 0x21, 0x01, 0x2e, 0x01, 0x35, 0x34, 0x36, 0x33, 0x32,
  0x16, 0x17, 0x32, 0x16, 0x31, 0x17, 0x16, 0x32, 0x37, 0x3e, 0x01, 0x35,
  0x11, 0x34, 0x36, 0x33, 0x32, 0x16, 0x15, 0x11, 0x14, 0x16, 0x33, 0x32,
  0x36, 0x35, 0x34, 0x36, 0x33, 0x32, 0x16, 0x15, 0x14, 0x16, 0x33, 0x32,
  0x36, 0x35, 0x34, 0x36, 0x33, 0x32, 0x16, 0x1d, 0x01, 0x14, 0x16, 0x33,
  0x32, 0x36, 0x35, 0x34, 0x36, 0x33, 0x32, 0x16, 0x15, 0x03, 0xc0, 0x38,
  0x28, 0x0d, 0x18, 0x0a, 0x0d, 0x2b, 0x19, 0x12, 0x21, 0x0d, 0x0d, 0x21,
  0x12, 0x08, 0x10, 0x08, 0x38, 0x28, 0x28, 0x38, 0xb0, 0x0b, 0x18, 0x0d,
  0x28, 0x38, 0x0f, 0x0e, 0x01, 0xef, 0x2d, 0x0d, 0x13, 0x13, 0x0d, 0x02,
  0x80, 0x0d, 0x13, 0x13, 0x0d, 0x2c, 0x49, 0x01, 0x02, 0x40, 0x13, 0x0d,
  0x0d, 0x13, 0x13, 0x0d, 0x0d, 0x13, 0x54, 0xfe, 0x80, 0xfe, 0xde, 0x05,
  0x05, 0x13, 0x0d, 0x04, 0x08, 0x03, 0x01, 0x01, 0xe0, 0x07, 0x11, 0x07,
  0x08, 0x08, 0x13, 0x0d, 0x0d, 0x13, 0x13, 0x0d, 0x0d, 0x13, 0x13, 0x0d,
  0x0d, 0x13, 0x13, 0x0d, 0x0d, 0x13, 0x13, 0x0d, 0x0d, 0x13, 0x13, 0x0d,
  0x0d, 0x13, 0x13, 0x0d, 0x0d, 0x13, 0x01, 0x60, 0xa0, 0x28, 0x38, 0x06,
  0x06, 0x14, 0x18, 0x0d, 0x0c, 0x0c, 0x0d, 0x03, 0x02, 0xe5, 0x28, 0x38,
  0x38, 0x28, 0xfe, 0x75, 0x5e, 0x06, 0x07, 0x38, 0x28, 0x14, 0x24, 0x0d,
  0x01, 0xda, 0x13, 0x0d, 0xc0, 0x0d, 0x13, 0x13, 0x0d, 0xc0, 0x0d, 0x13,
  0x92, 0x03, 0x07, 0x04, 0xff, 0x00, 0x0d, 0x13, 0x13, 0x0d, 0x0d, 0x13,
  0x13, 0xfb, 0xa8, 0x01, 0x09, 0x05, 0x0b, 0x07, 0x0d, 0x13, 0x02, 0x02,
  0x01, 0x77, 0x04, 0x05, 0x04, 0x0f, 0x08, 0x01, 0xc0, 0x0d, 0x13, 0x13,
  0x0d, 0xfe, 0xc0, 0x0d, 0x13, 0x13, 0x0d, 0x0d, 0x13, 0x13, 0x0d, 0x0d,
  0x13, 0x13, 0x0d, 0x0d, 0x13, 0x13, 0x0d, 0x20, 0x0d, 0x13, 0x13, 0x0d,
  0x0d, 0x13, 0x13, 0x0d, 0x00, 0x03, 0x00, 0x00, 0xff, 0xc0, 0x04, 0x00,
  0x03, 0xc0, 0x00, 0x3e, 0x00, 0x4a, 0x00, 0x8f, 0x00, 0x00, 0x25, 0x33,
  0x32, 0x36, 0x35, 0x34, 0x26, 0x27, 0x3e, 0x01, 0x35, 0x34, 0x26, 0x27,
  0x3e, 0x01, 0x35, 0x34, 0x26, 0x27, 0x33, 0x32, 0x36, 0x35, 0x34, 0x26,
  0x23, 0x21, 0x37, 0x3e, 0x01, 0x35, 0x34, 0x26, 0x23, 0x22, 0x06, 0x07,
  0x14, 0x22, 0x31, 0x07, 0x35, 0x34, 0x26, 0x2b, 0x01, 0x22, 0x06, 0x15,
  0x11, 0x14, 0x16, 0x3b, 0x01, 0x32, 0x36, 0x3d, 0x01, 0x17, 0x1e, 0x01,
  0x33, 0x25, 0x22, 0x26, 0x35, 0x34, 0x36, 0x33, 0x32, 0x16, 0x15, 0x14,
  0x06, 0x33, 0x27, 0x11, 0x01, 0x3e, 0x01, 0x33, 0x32, 0x16, 0x15, 0x14,
  0x06, 0x07, 0x14, 0x06, 0x31, 0x07, 0x06, 0x14, 0x17, 0x1e, 0x01, 0x33,
  0x21, 0x32, 0x16, 0x15, 0x14, 0x06, 0x23, 0x21, 0x22, 0x06, 0x15, 0x14,
  0x16, 0x33, 0x32, 0x16, 0x15, 0x14, 0x06, 0x23, 0x22, 0x06, 0x15, 0x14,
  0x16, 0x33, 0x32, 0x16, 0x15, 0x14, 0x06, 0x2b, 0x01, 0x22, 0x06, 0x15,
  0x14, 0x16, 0x33, 0x32, 0x16, 0x15, 0x14, 0x06, 0x2b, 0x01, 0x01, 0xa0,
  0xa0, 0x28, 0x38, 0x06, 0x06, 0x14, 0x18, 0x0d, 0x0c, 0x0c, 0x0d, 0x03,
  0x02, 0xe5, 0x28, 0x38, 0x38, 0x28, 0xfe, 0x75, 0x5e, 0x06, 0x07, 0x38,
  0x28, 0x14, 0x24, 0x0d, 0x01, 0xda, 0x13, 0x0d, 0xc0, 0x0d, 0x13, 0x13,
  0x0d, 0xc0, 0x0d, 0x13, 0x92, 0x03, 0x07, 0x04, 0xff, 0x00, 0x0d, 0x13,
  0x13, 0x0d, 0x0d, 0x13, 0x13, 0xfb, 0xa8, 0x01, 0x09, 0x05, 0x0b, 0x07,
  0x0d, 0x13, 0x02, 0x02, 0x01, 0x77, 0x04, 0x05, 0x04, 0x0f, 0x08, 0x01,
  0xc0, 0x0d, 0x13, 0x13, 0x0d, 0xfe, 0xc0, 0x0d, 0x13, 0x13, 0x0d, 0x0d,
  0x13, 0x13, 0x0d, 0x0d, 0x13, 0x13, 0x0d, 0x0d, 0x13, 0x13, 0x0d, 0x20,
  0x0d, 0x13, 0x13, 0x0d, 0x0d, 0x13, 0x13, 0x0d, 0x98, 0x00, 0x38, 0x28,
  0x0d, 0x18, 0x0a, 0x0d, 0x2b, 0x19, 0x12, 0x21, 0x0d, 0x0d, 0x21, 0x12,
  0x08, 0x10, 0x08, 0x38, 0x28, 0x28, 0x38, 0xb0, 0x0b, 0x18, 0x0d, 0x28,
  0x38, 0x0f, 0x0e, 0x01, 0xef, 0x2d, 0x0d, 0x13, 0x13, 0x0d, 0xfd, 0x80,
  0x0d, 0x13, 0x13, 0x0d, 0x2c, 0x49, 0x01, 0x02, 0x40, 0x13, 0x0d, 0x0d,
  0x13, 0x13, 0x0d, 0x0d, 0x13, 0x54, 0x01, 0x80, 0x01, 0x22, 0x05, 0x05,
  0x13, 0x0d, 0x04, 0x08, 0x03, 0x01, 0x01, 0xe0, 0x07, 0x11, 0x07, 0x08,
  0x08, 0x13, 0x0d, 0x0d, 0x13, 0x13, 0x0d, 0x0d, 0x13, 0x13, 0x0d, 0x0d,
  0x13, 0x13, 0x0d, 0x0d, 0x13, 0x13, 0x0d, 0x0d, 0x13, 0x13, 0x0d, 0x0d,
  0x13, 0x13, 0x0d, 0x0d, 0x13, 0x00, 0x00, 0x00, 0x00, 0x03, 0x00, 0x00,
  0xff, 0xc0, 0x03, 0xc0, 0x03, 0xc0, 0x00, 0x3e, 0x00, 0x4a, 0x00, 0x8e,
  0x00, 0x00, 0x01, 0x15, 0x14, 0x06, 0x23, 0x22, 0x26, 0x27, 0x0e, 0x01,
  0x23, 0x22, 0x26, 0x27, 0x0e, 0x01, 0x23, 0x22, 0x26, 0x27, 0x15, 0x14,
  0x06, 0x23, 0x22, 0x26, 0x35, 0x11, 0x07, 0x0e, 0x01, 0x23, 0x22, 0x26,
  0x35, 0x34, 0x36, 0x37, 0x32, 0x34, 0x31, 0x37, 0x23, 0x22, 0x26, 0x3d,
  0x01, 0x34, 0x36, 0x33, 0x21, 0x32, 0x16, 0x1d, 0x01, 0x14, 0x06, 0x2b,
  0x01, 0x17, 0x1e, 0x01, 0x15, 0x03, 0x34, 0x26, 0x23, 0x22, 0x06, 0x15,
  0x14, 0x16, 0x33, 0x32, 0x36, 0x15, 0x27, 0x21, 0x01, 0x0e, 0x01, 0x15,
  0x14, 0x16, 0x33, 0x32, 0x36, 0x37, 0x32, 0x36, 0x31, 0x37, 0x36, 0x32,
  0x17, 0x1e, 0x01, 0x15, 0x11, 0x14, 0x16, 0x33, 0x32, 0x36, 0x35, 0x11,
  0x34, 0x36, 0x33, 0x32, 0x16, 0x15, 0x14, 0x16, 0x33, 0x32, 0x36, 0x35,
  0x34, 0x36, 0x33, 0x32, 0x16, 0x15, 0x14, 0x16, 0x33, 0x32, 0x36, 0x3d,
  0x01, 0x34, 0x36, 0x33, 0x32, 0x16, 0x15, 0x14, 0x16, 0x33, 0x32, 0x36,
  0x35, 0x03, 0xc0, 0x38, 0x28, 0x0d, 0x18, 0x0a, 0x0d, 0x2b, 0x19, 0x12,
  0x21, 0x0d, 0x0d, 0x21, 0x12, 0x08, 0x10, 0x08, 0x38, 0x28, 0x28, 0x38,
  0xb0, 0x0b, 0x18, 0x0d, 0x28, 0x38, 0x0f, 0x0e, 0x01, 0xef, 0x2d, 0x0d,
  0x13, 0x13, 0x0d, 0x02, 0x80, 0x0d, 0x13, 0x13, 0x0d, 0x2c, 0x49, 0x01,
  0x02, 0x40, 0x13, 0x0d, 0x0d, 0x13, 0x13, 0x0d, 0x0d, 0x13, 0x54, 0xfe,
  0x80, 0xfe, 0xde, 0x05, 0x05, 0x13, 0x0d, 0x04, 0x08, 0x03, 0x01, 0x01,
  0xe0, 0x07, 0x11, 0x07, 0x08, 0x08, 0x13, 0x0d, 0x0d, 0x13, 0x13, 0x0d,
  0x0d, 0x13, 0x13, 0x0d, 0x0d, 0x13, 0x13, 0x0d, 0x0d, 0x13, 0x13, 0x0d,
  0x0d, 0x13, 0x13, 0x0d, 0x0d, 0x13, 0x13, 0x0d, 0x0d, 0x13, 0x02, 0x20,
  0xa0, 0x28, 0x38, 0x06, 0x06, 0x14, 0x18, 0x0d, 0x0c, 0x0c, 0x0d, 0x03,
  0x02, 0xe5, 0x28, 0x38, 0x38, 0x28, 0x01, 0x8b, 0x5e, 0x06, 0x07, 0x38,
  0x28, 0x14, 0x24, 0x0d, 0x01, 0xda, 0x13, 0x0d, 0xc0, 0x0d, 0x13, 0x13,
  0x0d, 0xc0, 0x0d, 0x13, 0x92, 0x03, 0x07, 0x04, 0x01, 0x00, 0x0d, 0x13,
  0x13, 0x0d, 0x0d, 0x13, 0x13, 0xfb, 0xa8, 0xfe, 0xf7, 0x05, 0x0b, 0x07,
  0x0d, 0x13, 0x02, 0x02, 0x01, 0x77, 0x04, 0x05, 0x04, 0x0f, 0x08, 0xfe,
  0x40, 0x0d, 0x13, 0x13, 0x0d, 0x01, 0x40, 0x0d, 0x13, 0x13, 0x0d, 0x0d,
  0x13, 0x13, 0x0d, 0x0d, 0x13, 0x13, 0x0d, 0x0d, 0x13, 0x13, 0x0d, 0x20,
  0x0d, 0x13, 0x13, 0x0d, 0x0d, 0x13, 0x13, 0x0d, 0x00, 0x03, 0x00, 0x00,
  0xff, 0xc0, 0x04, 0x00, 0x03, 0xc0, 0x00, 0x3e, 0x00, 0x4a, 0x00, 0x8e,
  0x00, 0x00, 0x25, 0x23, 0x22, 0x26, 0x35, 0x34, 0x36, 0x37, 0x2e, 0x01,
  0x35, 0x34, 0x36, 0x37, 0x2e, 0x01, 0x35, 0x34, 0x36, 0x37, 0x23, 0x22,
  0x26, 0x35, 0x34, 0x36, 0x33, 0x21, 0x27, 0x2e, 0x01, 0x35, 0x34, 0x36,
  0x33, 0x32, 0x16, 0x17, 0x14, 0x32, 0x31, 0x17, 0x35, 0x34, 0x36, 0x3b,
  0x01, 0x32, 0x16, 0x15, 0x11, 0x14, 0x06, 0x2b, 0x01, 0x22, 0x26, 0x3d,
  0x01, 0x07, 0x0e, 0x01, 0x23, 0x25, 0x32, 0x36, 0x35, 0x34, 0x26, 0x23,
  0x22, 0x06, 0x15, 0x14, 0x16, 0x23, 0x37, 0x11, 0x01, 0x2e, 0x01, 0x23,
  0x22, 0x06, 0x15, 0x14, 0x16, 0x17, 0x14, 0x16, 0x31, 0x17, 0x16, 0x14,
  0x07, 0x0e, 0x01, 0x23, 0x21, 0x22, 0x06, 0x15, 0x14, 0x16, 0x33, 0x21,
  0x32, 0x16, 0x15, 0x14, 0x06, 0x23, 0x22, 0x06, 0x15, 0x14, 0x16, 0x33,
  0x32, 0x16, 0x15, 0x14, 0x06, 0x23, 0x22, 0x06, 0x15, 0x14, 0x16, 0x3b,
  0x01, 0x32, 0x16, 0x15, 0x14, 0x06, 0x23, 0x22, 0x06, 0x15, 0x14, 0x16,
  0x33, 0x02, 0x60, 0xa0, 0x28, 0x38, 0x06, 0x06, 0x14, 0x18, 0x0d, 0x0c,
  0x0c, 0x0d, 0x03, 0x02, 0xe5, 0x28, 0x38, 0x38, 0x28, 0x01, 0x8b, 0x5e,
  0x06, 0x07, 0x38, 0x28, 0x14, 0x24, 0x0d, 0x01, 0xda, 0x13, 0x0d, 0xc0,
  0x0d, 0x13, 0x13, 0x0d, 0xc0, 0x0d, 0x13, 0x92, 0x03, 0x07, 0x04, 0x01,
  0x00, 0x0d, 0x13, 0x13, 0x0d, 0x0d, 0x13, 0x13, 0xfb, 0xa8, 0xfe, 0xf7,
  0x05, 0x0b, 0x07, 0x0d, 0x13, 0x02, 0x02, 0x01, 0x77, 0x04, 0x05, 0x04,
  0x0f, 0x08, 0xfe, 0x40, 0x0d, 0x13, 0x13, 0x0d, 0x01, 0x40, 0x0d, 0x13,
  0x13, 0x0d, 0x0d, 0x13, 0x13, 0x0d, 0x0d, 0x13, 0x13, 0x0d, 0x0d, 0x13,
  0x13, 0x0d, 0x20, 0x0d, 0x13, 0x13, 0x0d, 0x0d, 0x13, 0x13, 0x0d, 0x00,
  0x38, 0x28, 0x0d, 0x18, 0x0a, 0x0d, 0x2b, 0x19, 0x12, 0x21, 0x0d, 0x0d,
  0x21, 0x12, 0x08, 0x10, 0x08, 0x38, 0x28, 0x28, 0x38, 0xb0, 0x0b, 0x18,
  0x0d, 0x28, 0x38, 0x0f, 0x0e, 0x01, 0xef, 0x2d, 0x0d, 0x13, 0x13, 0x0d,
  0xfd, 0x80, 0x0d, 0x13, 0x13, 0x0d, 0x2c, 0x49, 0x01, 0x02, 0x40, 0x13,
  0x0d, 0x0d, 0x13, 0x13, 0x0d, 0x0d, 0x13, 0x54, 0x01, 0x80, 0x01, 0x22,
  0x05, 0x05, 0x13, 0x0d, 0x04, 0x08, 0x03, 0x01, 0x01, 0xe0, 0x07, 0x11,
  0x07, 0x08, 0x08, 0x13, 0x0d, 0x0d, 0x13, 0x13, 0x0d, 0x0d, 0x13, 0x13,
  0x0d, 0x0d, 0x13, 0x13, 0x0d, 0x0d, 0x13, 0x13, 0x0d, 0x0d, 0x13, 0x13,
  0x0d, 0x0d, 0x13, 0x13, 0x0d, 0x0d, 0x13, 0x00, 0x00, 0x04, 0x00, 0x00,
  0xff, 0xc0, 0x03, 0xf2, 0x03, 0xc0, 0x00, 0x03, 0x00, 0x15, 0x00, 0x21,
  0x00, 0x2f, 0x00, 0x00, 0x09, 0x01, 0x21, 0x01, 0x35, 0x22, 0x06, 0x07,
  0x01, 0x06, 0x16, 0x33, 0x21, 0x32, 0x36, 0x27, 0x31, 0x01, 0x2e, 0x01,
  0x23, 0x31, 0x13, 0x14, 0x06, 0x23, 0x22, 0x26, 0x35, 0x34, 0x36, 0x33,
  0x32, 0x16, 0x27, 0x22, 0x26, 0x3d, 0x01, 0x34, 0x36, 0x33, 0x32, 0x16,
  0x1d, 0x01, 0x14, 0x06, 0x02, 0x00, 0x01, 0xad, 0xfc, 0xa6, 0x01, 0xad,
  0x11, 0x1f, 0x0d, 0xfe, 0x4b, 0x19, 0x25, 0x33, 0x03, 0x66, 0x33, 0x25,
  0x19, 0xfe, 0x4b, 0x0d, 0x1f, 0x11, 0x40, 0x25, 0x1b, 0x1b, 0x25, 0x25,
  0x1b, 0x1b, 0x25, 0x40, 0x1b, 0x25, 0x25, 0x1b, 0x1b, 0x25, 0x25, 0x03,
  0x63, 0xfc, 0xa9, 0x03, 0x57, 0x5d, 0x16, 0x17, 0xfc, 0x99, 0x2c, 0x40,
  0x40, 0x2c, 0x03, 0x67, 0x17, 0x16, 0xfc, 0xc0, 0x1b, 0x25, 0x25, 0x1b,
  0x1b, 0x25, 0x25, 0x65, 0x25, 0x1b, 0xc0, 0x1b, 0x25, 0x25, 0x1b, 0xc0,
  0x1b, 0x25, 0x00, 0x00, 0x00, 0x04, 0x00, 0x00, 0xff, 0xc0, 0x04, 0x00,
  0x03, 0xc0, 0x00, 0x38, 0x00, 0x55, 0x00, 0x59, 0x00, 0x5d, 0x00, 0x00,
  0x01, 0x22, 0x07, 0x0e, 0x01, 0x07, 0x06, 0x07, 0x06, 0x07, 0x0e, 0x01,
  0x07, 0x06, 0x15, 0x14, 0x17, 0x1e, 0x01, 0x17, 0x16, 0x17, 0x16, 0x17,
  0x1e, 0x01, 0x17, 0x16, 0x33, 0x32, 0x37, 0x3e, 0x01, 0x37, 0x36, 0x37,
  0x36, 0x37, 0x3e, 0x01, 0x37, 0x36, 0x35, 0x34, 0x27, 0x2e, 0x01, 0x27,
  0x26, 0x27, 0x26, 0x27, 0x2e, 0x01, 0x27, 0x26, 0x23, 0x35, 0x31, 0x32,
  0x17, 0x1e, 0x01, 0x17, 0x16, 0x15, 0x14, 0x07, 0x0e, 0x01, 0x07, 0x06,
  0x23, 0x22, 0x27, 0x2e, 0x01, 0x27, 0x26, 0x35, 0x34, 0x37, 0x3e, 0x01,
  0x37, 0x36, 0x13, 0x33, 0x15, 0x23, 0x11, 0x33, 0x11, 0x23, 0x02, 0x00,
  0x2a, 0x28, 0x28, 0x4b, 0x22, 0x22, 0x1d, 0x1e, 0x16, 0x17, 0x1f, 0x08,
  0x08, 0x08, 0x08, 0x1f, 0x17, 0x16, 0x1e, 0x1d, 0x22, 0x22, 0x4b, 0x28,
  0x28, 0x2a, 0x2a, 0x28, 0x28, 0x4b, 0x22, 0x22, 0x1d, 0x1e, 0x16, 0x17,
  0x1f, 0x08, 0x08, 0x08, 0x08, 0x1f, 0x17, 0x16, 0x1e, 0x1d, 0x22, 0x22,
  0x4b, 0x28, 0x28, 0x2a, 0x6a, 0x5d, 0x5e, 0x8b, 0x28, 0x28, 0x28, 0x28,
  0x8b, 0x5e, 0x5d, 0x6a, 0x6a, 0x5d, 0x5e, 0x8b, 0x28, 0x28, 0x28, 0x28,
  0x8b, 0x5e, 0x5d, 0x2a, 0x80, 0x80, 0x80, 0x80, 0x03, 0x60, 0x08, 0x08,
  0x1f, 0x17, 0x16, 0x1e, 0x1d, 0x22, 0x22, 0x4b, 0x28, 0x28, 0x2a, 0x2a,
  0x28, 0x28, 0x4b, 0x22, 0x22, 0x1d, 0x1e, 0x16, 0x17, 0x1f, 0x08, 0x08,
  0x08, 0x08, 0x1f, 0x17, 0x16, 0x1e, 0x1d, 0x22, 0x22, 0x4b, 0x28, 0x28,
  0x2a, 0x2a, 0x28, 0x28, 0x4b, 0x22, 0x22, 0x1d, 0x1e, 0x16, 0x17, 0x1f,
  0x08, 0x08, 0x60, 0x28, 0x28, 0x8b, 0x5e, 0x5d, 0x6a, 0x6a, 0x5d, 0x5e,
  0x8b, 0x28, 0x28, 0x28, 0x28, 0x8b, 0x5e, 0x5d, 0x6a, 0x6a, 0x5d, 0x5e,
  0x8b, 0x28, 0x28, 0xfd, 0x40, 0x80, 0x02, 0x80, 0xfe, 0x80, 0x00, 0x00,
  0x00, 0x04, 0x00, 0x00, 0xff, 0xc0, 0x04, 0x00, 0x03, 0xc0, 0x00, 0x03,
  0x00, 0x0f, 0x00, 0x48, 0x00, 0x65, 0x00, 0x00, 0x01, 0x33, 0x15, 0x23,
  0x01, 0x32, 0x16, 0x1d, 0x01, 0x07, 0x23, 0x35, 0x37, 0x35, 0x21, 0x35,
  0x37, 0x22, 0x07, 0x0e, 0x01, 0x07, 0x06, 0x07, 0x06, 0x07, 0x0e, 0x01,
  0x07, 0x06, 0x15, 0x14, 0x17, 0x1e, 0x01, 0x17, 0x16, 0x17, 0x16, 0x17,
  0x1e, 0x01, 0x17, 0x16, 0x33, 0x32, 0x37, 0x3e, 0x01, 0x37, 0x36, 0x37,
  0x36, 0x37, 0x3e, 0x01, 0x37, 0x36, 0x35, 0x34, 0x27, 0x2e, 0x01, 0x27,
  0x26, 0x27, 0x26, 0x27, 0x2e, 0x01, 0x27, 0x26, 0x23, 0x35, 0x31, 0x32,
  0x17, 0x1e, 0x01, 0x17, 0x16, 0x15, 0x14, 0x07, 0x0e, 0x01, 0x07, 0x06,
  0x23, 0x22, 0x27, 0x2e, 0x01, 0x27, 0x26, 0x35, 0x34, 0x37, 0x3e, 0x01,
  0x37, 0x36, 0x01, 0xc0, 0x80, 0x80, 0x01, 0x00, 0x1b, 0x25, 0xc0, 0x80,
  0xc0, 0xfe, 0xc0, 0xc0, 0x2a, 0x28, 0x28, 0x4b, 0x22, 0x22, 0x1d, 0x1e,
  0x16, 0x17, 0x1f, 0x08, 0x08, 0x08, 0x08, 0x1f, 0x17, 0x16, 0x1e, 0x1d,
  0x22, 0x22, 0x4b, 0x28, 0x28, 0x2a, 0x2a, 0x28, 0x28, 0x4b, 0x22, 0x22,
  0x1d, 0x1e, 0x16, 0x17, 0x1f, 0x08, 0x08, 0x08, 0x08, 0x1f, 0x17, 0x16,
  0x1e, 0x1d, 0x22, 0x22, 0x4b, 0x28, 0x28, 0x2a, 0x6a, 0x5d, 0x5e, 0x8b,
  0x28, 0x28, 0x28, 0x28, 0x8b, 0x5e, 0x5d, 0x6a, 0x6a, 0x5d, 0x5e, 0x8b,
  0x28, 0x28, 0x28, 0x28, 0x8b, 0x5e, 0x5d, 0x01, 0x00, 0x80, 0x02, 0x40,
  0x25, 0x1b, 0xc0, 0x80, 0x40, 0x80, 0x40, 0x80, 0xa0, 0x08, 0x08, 0x1f,
  0x17, 0x16, 0x1e, 0x1d, 0x22, 0x22, 0x4b, 0x28, 0x28, 0x2a, 0x2a, 0x28,
  0x28, 0x4b, 0x22, 0x22, 0x1d, 0x1e, 0x16, 0x17, 0x1f, 0x08, 0x08, 0x08,
  0x08, 0x1f, 0x17, 0x16, 0x1e, 0x1d, 0x22, 0x22, 0x4b, 0x28, 0x28, 0x2a,
  0x2a, 0x28, 0x28, 0x4b, 0x22, 0x22, 0x1d, 0x1e, 0x16, 0x17, 0x1f, 0x08,
  0x08, 0x60, 0x28, 0x28, 0x8b, 0x5e, 0x5d, 0x6a, 0x6a, 0x5d, 0x5e, 0x8b,
  0x28, 0x28, 0x28, 0x28, 0x8b, 0x5e, 0x5d, 0x6a, 0x6a, 0x5d, 0x5e, 0x8b,
  0x28, 0x28, 0x00, 0x00, 0x00, 0x01, 0x00, 0x00, 0xff, 0xc0, 0x04, 0x00,
  0x03, 0xc0, 0x00, 0x23, 0x00, 0x00, 0x01, 0x21, 0x11, 0x34, 0x26, 0x2b,
  0x01, 0x22, 0x06, 0x15, 0x11, 0x21, 0x22, 0x06, 0x1d, 0x01, 0x14, 0x16,
  0x33, 0x21, 0x11, 0x14, 0x16, 0x3b, 0x01, 0x32, 0x36, 0x35, 0x11, 0x21,
  0x32, 0x36, 0x3d, 0x01, 0x34, 0x26, 0x03, 0xe0, 0xfe, 0xa0, 0x13, 0x0d,
  0xc0, 0x0d, 0x13, 0xfe, 0xa0, 0x0d, 0x13, 0x13, 0x0d, 0x01, 0x60, 0x13,
  0x0d, 0xc0, 0x0d, 0x13, 0x01, 0x60, 0x0d, 0x13, 0x13, 0x02, 0x40, 0x01,
  0x60, 0x0d, 0x13, 0x13, 0x0d, 0xfe, 0xa0, 0x13, 0x0d, 0xc0, 0x0d, 0x13,
  0xfe, 0xa0, 0x0d, 0x13, 0x13, 0x0d, 0x01, 0x60, 0x13, 0x0d, 0xc0, 0x0d,
  0x13, 0x00, 0x00, 0x00, 0x00, 0x01, 0x00, 0x00, 0xff, 0xc0, 0x04, 0x00,
  0x03, 0xc0, 0x00, 0x0f, 0x00, 0x00, 0x13, 0x15, 0x14, 0x16, 0x33, 0x21,
  0x32, 0x36, 0x3d, 0x01, 0x34, 0x26, 0x23, 0x21, 0x22, 0x06, 0x00, 0x13,
  0x0d, 0x03, 0xc0, 0x0d, 0x13, 0x13, 0x0d, 0xfc, 0x40, 0x0d, 0x13, 0x02,
  0x20, 0xc0, 0x0d, 0x13, 0x13, 0x0d, 0xc0, 0x0d, 0x13, 0x13, 0x00, 0x00,
  0x00, 0x04, 0x00, 0x00, 0xff, 0xc0, 0x04, 0x00, 0x03, 0xc0, 0x00, 0x0f,
  0x00, 0x19, 0x00, 0x35, 0x00, 0x51, 0x00, 0x00, 0x01, 0x34, 0x36, 0x3b,
  0x01, 0x32, 0x16, 0x1d, 0x01, 0x14, 0x06, 0x2b, 0x01, 0x22, 0x26, 0x35,
  0x13, 0x21, 0x35, 0x33, 0x35, 0x23, 0x35, 0x33, 0x11, 0x33, 0x03, 0x22,
  0x07, 0x0e, 0x01, 0x07, 0x06, 0x15, 0x14, 0x17, 0x1e, 0x01, 0x17, 0x16,
  0x33, 0x32, 0x37, 0x3e, 0x01, 0x37, 0x36, 0x35, 0x34, 0x27, 0x2e, 0x01,
  0x27, 0x26, 0x03, 0x22, 0x27, 0x2e, 0x01, 0x27, 0x26, 0x35, 0x34, 0x37,
  0x3e, 0x01, 0x37, 0x36, 0x33, 0x32, 0x17, 0x1e, 0x01, 0x17, 0x16, 0x15,
  0x14, 0x07, 0x0e, 0x01, 0x07, 0x06, 0x01, 0xc0, 0x1c, 0x14, 0x20, 0x14,
  0x1c, 0x1c, 0x14, 0x20, 0x14, 0x1c, 0xc0, 0xff, 0x00, 0x40, 0x40, 0xc0,
  0x40, 0x80, 0x6a, 0x5d, 0x5e, 0x8b, 0x28, 0x28, 0x28, 0x28, 0x8b, 0x5e,
  0x5d, 0x6a, 0x6a, 0x5d, 0x5e, 0x8b, 0x28, 0x28, 0x28, 0x28, 0x8b, 0x5e,
  0x5d, 0x6a, 0x56, 0x4c, 0x4c, 0x71, 0x20, 0x21, 0x21, 0x20, 0x71, 0x4c,
  0x4c, 0x56, 0x56, 0x4c, 0x4c, 0x71, 0x20, 0x21, 0x21, 0x20, 0x71, 0x4c,
  0x4c, 0x02, 0x90, 0x14, 0x1c, 0x1c, 0x14, 0x20, 0x14, 0x1c, 0x1c, 0x14,
  0xfe, 0x50, 0x40, 0xc0, 0x40, 0xff, 0x00, 0x02, 0xc0, 0x28, 0x28, 0x8b,
  0x5e, 0x5d, 0x6a, 0x6a, 0x5d, 0x5e, 0x8b, 0x28, 0x28, 0x28, 0x28, 0x8b,
  0x5e, 0x5d, 0x6a, 0x6a, 0x5d, 0x5e, 0x8b, 0x28, 0x28, 0xfc, 0x60, 0x21,
  0x20, 0x71, 0x4c, 0x4c, 0x56, 0x56, 0x4c, 0x4c, 0x71, 0x20, 0x21, 0x21,
  0x20, 0x71, 0x4c, 0x4c, 0x56, 0x56, 0x4c, 0x4c, 0x71, 0x20, 0x21, 0x00,
  0x00, 0x03, 0x00, 0x00, 0xff, 0xc0, 0x04, 0x00, 0x03, 0xc0, 0x00, 0x1b,
  0x00, 0x37, 0x00, 0x43, 0x00, 0x00, 0x01, 0x22, 0x07, 0x0e, 0x01, 0x07,
  0x06, 0x15, 0x14, 0x17, 0x1e, 0x01, 0x17, 0x16, 0x33, 0x32, 0x37, 0x3e,
  0x01, 0x37, 0x36, 0x35, 0x34, 0x27, 0x2e, 0x01, 0x27, 0x26, 0x03, 0x22,
  0x27, 0x2e, 0x01, 0x27, 0x26, 0x35, 0x34, 0x37, 0x3e, 0x01, 0x37, 0x36,
  0x33, 0x32, 0x17, 0x1e, 0x01, 0x17, 0x16, 0x15, 0x14, 0x07, 0x0e, 0x01,
  0x07, 0x06, 0x13, 0x07, 0x27, 0x07, 0x17, 0x07, 0x17, 0x37, 0x17, 0x37,
  0x27, 0x37, 0x02, 0x00, 0x6a, 0x5d, 0x5e, 0x8b, 0x28, 0x28, 0x28, 0x28,
  0x8b, 0x5e, 0x5d, 0x6a, 0x6a, 0x5d, 0x5e, 0x8b, 0x28, 0x28, 0x28, 0x28,
  0x8b, 0x5e, 0x5d, 0x6a, 0x56, 0x4c, 0x4c, 0x71, 0x20, 0x21, 0x21, 0x20,
  0x71, 0x4c, 0x4c, 0x56, 0x56, 0x4c, 0x4c, 0x71, 0x20, 0x21, 0x21, 0x20,
  0x71, 0x4c, 0x4c, 0x4a, 0xa0, 0xa0, 0x60, 0xa0, 0xa0, 0x60, 0xa0, 0xa0,
  0x60, 0xa0, 0xa0, 0x03, 0xc0, 0x28, 0x28, 0x8b, 0x5e, 0x5d, 0x6a, 0x6a,
  0x5d, 0x5e, 0x8b, 0x28, 0x28, 0x28, 0x28, 0x8b, 0x5e, 0x5d, 0x6a, 0x6a,
  0x5d, 0x5e, 0x8b, 0x28, 0x28, 0xfc, 0x60, 0x21, 0x20, 0x71, 0x4c, 0x4c,
  0x56, 0x56, 0x4c, 0x4c, 0x71, 0x20, 0x21, 0x21, 0x20, 0x71, 0x4c, 0x4c,
  0x56, 0x56, 0x4c, 0x4c, 0x71, 0x20, 0x21, 0x02, 0xa0, 0xa0, 0xa0, 0x60,
  0xa0, 0xa0, 0x60, 0xa0, 0xa0, 0x60, 0xa0, 0xa0, 0x00, 0x03, 0x00, 0x00,
  0xff, 0xc0, 0x04, 0x00, 0x03, 0xc0, 0x00, 0x38, 0x00, 0x46, 0x00, 0x55,
  0x00, 0x00, 0x01, 0x26, 0x27, 0x2e, 0x01, 0x27, 0x26, 0x23, 0x22, 0x07,
  0x0e, 0x01, 0x07, 0x06, 0x07, 0x06, 0x07, 0x0e, 0x01, 0x07, 0x06, 0x15,
  0x14, 0x17, 0x1e, 0x01, 0x17, 0x16, 0x17, 0x16, 0x17, 0x1e, 0x01, 0x17,
  0x16, 0x33, 0x32, 0x37, 0x3e, 0x01, 0x37, 0x36, 0x37, 0x36, 0x37, 0x3e,
  0x01, 0x37, 0x36, 0x35, 0x34, 0x27, 0x2e, 0x01, 0x27, 0x26, 0x27, 0x13,
  0x14, 0x06, 0x07, 0x01, 0x3e, 0x01, 0x33, 0x32, 0x17, 0x1e, 0x01, 0x17,
  0x16, 0x05, 0x34, 0x36, 0x37, 0x01, 0x0e, 0x01, 0x23, 0x22, 0x27, 0x2e,
  0x01, 0x27, 0x26, 0x35, 0x03, 0x6a, 0x24, 0x2a, 0x2a, 0x5c, 0x31, 0x32,
  0x33, 0x33, 0x32, 0x31, 0x5c, 0x2a, 0x2a, 0x24, 0x24, 0x1c, 0x1c, 0x26,
  0x0a, 0x0a, 0x0a, 0x0a, 0x26, 0x1c, 0x1c, 0x24, 0x24, 0x2a, 0x2a, 0x5c,
  0x31, 0x32, 0x33, 0x33, 0x32, 0x31, 0x5c, 0x2a, 0x2a, 0x24, 0x24, 0x1c,
  0x1c, 0x26, 0x0a, 0x0a, 0x0a, 0x0a, 0x26, 0x1c, 0x1c, 0x24, 0x16, 0x26,
  0x21, 0xfd, 0xe9, 0x2f, 0x71, 0x3e, 0x4f, 0x46, 0x46, 0x69, 0x1e, 0x1e,
  0xfd, 0x00, 0x26, 0x21, 0x02, 0x17, 0x2f, 0x71, 0x3e, 0x4f, 0x46, 0x46,
  0x69, 0x1e, 0x1e, 0x03, 0x2a, 0x24, 0x1c, 0x1c, 0x26, 0x0a, 0x0a, 0x0a,
  0x0a, 0x26, 0x1c, 0x1c, 0x24, 0x24, 0x2a, 0x2a, 0x5c, 0x31, 0x32, 0x33,
  0x33, 0x32, 0x31, 0x5c, 0x2a, 0x2a, 0x24, 0x24, 0x1c, 0x1c, 0x26, 0x0a,
  0x0a, 0x0a, 0x0a, 0x26, 0x1c, 0x1c, 0x24, 0x24, 0x2a, 0x2a, 0x5c, 0x31,
  0x32, 0x33, 0x33, 0x32, 0x31, 0x5c, 0x2a, 0x2a, 0x24, 0xfe, 0x96, 0x3e,
  0x71, 0x2f, 0x02, 0x17, 0x21, 0x26, 0x1e, 0x1e, 0x69, 0x46, 0x46, 0x4f,
  0x3e, 0x71, 0x2f, 0xfd, 0xe9, 0x21, 0x26, 0x1e, 0x1e, 0x69, 0x46, 0x46,
  0x4f, 0x00, 0x00, 0x00, 0x00, 0x01, 0x00, 0x00, 0xff, 0xc0, 0x03, 0xfe,
  0x03, 0xc0, 0x00, 0x53, 0x00, 0x00, 0x25, 0x38, 0x01, 0x31, 0x09, 0x01,
  0x38, 0x01, 0x31, 0x3e, 0x01, 0x37, 0x36, 0x26, 0x2f, 0x01, 0x2e, 0x01,
  0x07, 0x0e, 0x01, 0x07, 0x38, 0x01, 0x31, 0x09, 0x01, 0x38, 0x01, 0x31,
  0x2e, 0x01, 0x27, 0x26, 0x06, 0x0f, 0x01, 0x0e, 0x01, 0x17, 0x1e, 0x01,
  0x17, 0x38, 0x01, 0x31, 0x09, 0x01, 0x38, 0x01, 0x31, 0x0e, 0x01, 0x07,
  0x06, 0x16, 0x1f, 0x01, 0x1e, 0x01, 0x37, 0x3e, 0x01, 0x37, 0x38, 0x01,
  0x31, 0x09, 0x01, 0x38, 0x01, 0x31, 0x1e, 0x01, 0x17, 0x16, 0x36, 0x3f,
  0x01, 0x3e, 0x01, 0x27, 0x2e, 0x01, 0x03, 0xf7, 0xfe, 0xc9, 0x01, 0x37,
  0x02, 0x04, 0x01, 0x03, 0x03, 0x07, 0x93, 0x07, 0x12, 0x09, 0x03, 0x06,
  0x02, 0xfe, 0xc9, 0xfe, 0xc9, 0x02, 0x06, 0x03, 0x09, 0x12, 0x07, 0x93,
  0x07, 0x03, 0x03, 0x01, 0x04, 0x02, 0x01, 0x37, 0xfe, 0xc9, 0x02, 0x04,
  0x01, 0x03, 0x03, 0x07, 0x93, 0x07, 0x12, 0x09, 0x03, 0x06, 0x02, 0x01,
  0x37, 0x01, 0x37, 0x02, 0x06, 0x03, 0x09, 0x12, 0x07, 0x93, 0x07, 0x03,
  0x03, 0x01, 0x04, 0x89, 0x01, 0x37, 0x01, 0x37, 0x02, 0x06, 0x03, 0x09,
  0x12, 0x07, 0x93, 0x07, 0x03, 0x03, 0x01, 0x04, 0x02, 0xfe, 0xc9, 0x01,
  0x37, 0x02, 0x04, 0x01, 0x03, 0x03, 0x07, 0x93, 0x07, 0x12, 0x09, 0x03,
  0x06, 0x02, 0xfe, 0xc9, 0xfe, 0xc9, 0x02, 0x06, 0x03, 0x09, 0x12, 0x07,
  0x93, 0x07, 0x03, 0x03, 0x01, 0x04, 0x02, 0x01, 0x37, 0xfe, 0xc9, 0x02,
  0x04, 0x01, 0x03, 0x03, 0x07, 0x93, 0x07, 0x12, 0x09, 0x03, 0x06, 0x00,
  0x00, 0x01, 0x00, 0x00, 0xff, 0xc0, 0x04, 0x00, 0x03, 0xc0, 0x00, 0x05,
  0x00, 0x00, 0x09, 0x01, 0x27, 0x07, 0x09, 0x01, 0x03, 0x60, 0xfe, 0x20,
  0xe0, 0xa0, 0x01, 0x80, 0x02, 0x80, 0x03, 0x40, 0xfe, 0x20, 0xe0, 0xa0,
  0xfe, 0x80, 0x02, 0x80, 0x00, 0x02, 0x00, 0x00, 0xff, 0xc0, 0x04, 0x00,
  0x03, 0xc0, 0x00, 0x06, 0x00, 0x0d, 0x00, 0x00, 0x25, 0x01, 0x37, 0x17,
  0x01, 0x17, 0x01, 0x09, 0x02, 0x27, 0x01, 0x27, 0x07, 0x01, 0x8d, 0xfe,
  0x73, 0xc5, 0xc8, 0x01, 0xae, 0xc5, 0xfd, 0x8d, 0xfe, 0xdf, 0x01, 0x21,
  0x02, 0x07, 0x59, 0xfe, 0x52, 0xc8, 0x59, 0x2a, 0x01, 0x88, 0xc2, 0xc5,
  0x01, 0xa7, 0xc3, 0xfd, 0x97, 0x01, 0x88, 0xfe, 0xe3, 0x01, 0xfe, 0x58,
  0xfe, 0x59, 0xc6, 0x58, 0x00, 0x07, 0x00, 0x00, 0xff, 0xc0, 0x03, 0xc0,
  0x03, 0xc0, 0x00, 0x0d, 0x00, 0x11, 0x00, 0x1f, 0x00, 0x30, 0x00, 0x34,
  0x00, 0x38, 0x00, 0x3e, 0x00, 0x00, 0x13, 0x33, 0x15, 0x33, 0x11, 0x34,
  0x26, 0x2b, 0x01, 0x22, 0x06, 0x15, 0x11, 0x33, 0x11, 0x33, 0x15, 0x23,
  0x25, 0x35, 0x23, 0x22, 0x06, 0x15, 0x11, 0x14, 0x16, 0x3b, 0x01, 0x35,
  0x23, 0x11, 0x07, 0x35, 0x34, 0x26, 0x2b, 0x01, 0x11, 0x33, 0x32, 0x36,
  0x3d, 0x01, 0x34, 0x26, 0x23, 0x32, 0x36, 0x07, 0x23, 0x35, 0x33, 0x35,
  0x23, 0x35, 0x33, 0x09, 0x01, 0x03, 0x37, 0x17, 0x01, 0x80, 0x80, 0x40,
  0x26, 0x1a, 0x80, 0x1a, 0x26, 0x40, 0x80, 0x80, 0x03, 0x40, 0xc0, 0x1a,
  0x26, 0x26, 0x1a, 0xc0, 0xc0, 0x80, 0x26, 0x1a, 0xc0, 0xc0, 0x1a, 0x26,
  0x12, 0x1a, 0x1a, 0x12, 0x40, 0x80, 0x80, 0x80, 0x80, 0x01, 0x00, 0xfe,
  0x60, 0xe0, 0x52, 0x8e, 0x01, 0x60, 0x02, 0xc0, 0xc0, 0x01, 0x80, 0x1a,
  0x26, 0x26, 0x1a, 0xfe, 0x80, 0x01, 0x80, 0x80, 0x80, 0x40, 0x26, 0x1a,
  0xfe, 0xc0, 0x1a, 0x26, 0x40, 0x01, 0x40, 0x60, 0x60, 0x1a, 0x26, 0xfe,
  0x40, 0x26, 0x1a, 0x60, 0x1a, 0x26, 0x26, 0xc6, 0x80, 0x40, 0x80, 0xfe,
  0x00, 0xfe, 0x40, 0x01, 0x20, 0x46, 0x94, 0x01, 0x2e, 0x00, 0x00, 0x00,
  0x00, 0x02, 0x00, 0x00, 0xff, 0xc0, 0x04, 0x00, 0x03, 0xc0, 0x00, 0x06,
  0x00, 0x15, 0x00, 0x00, 0x01, 0x21, 0x35, 0x21, 0x35, 0x17, 0x07, 0x01,
  0x11, 0x05, 0x35, 0x21, 0x11, 0x33, 0x15, 0x21, 0x11, 0x25, 0x21, 0x11,
  0x23, 0x11, 0x01, 0x80, 0xfe, 0xc0, 0x01, 0x40, 0xc0, 0xc0, 0x02, 0x80,
  0xfe, 0x80, 0xfe, 0x80, 0x40, 0x01, 0x40, 0x01, 0x00, 0xfd, 0xc0, 0x40,
  0x01, 0xc0, 0x80, 0x80, 0xc0, 0xc0, 0x02, 0x80, 0xfc, 0xc0, 0xc0, 0xc0,
  0x01, 0x00, 0xc0, 0x02, 0x40, 0x80, 0xff, 0x00, 0x01, 0x40, 0x00, 0x00,
  0x00, 0x02, 0x00, 0x00, 0xff, 0xc0, 0x03, 0xc0, 0x03, 0xc0, 0x00, 0x06,
  0x00, 0x15, 0x00, 0x00, 0x01, 0x35, 0x21, 0x35, 0x21, 0x35, 0x17, 0x05,
  0x11, 0x21, 0x15, 0x25, 0x11, 0x21, 0x11, 0x23, 0x11, 0x21, 0x05, 0x11,
  0x21, 0x35, 0x03, 0x00, 0xfe, 0xc0, 0x01, 0x40, 0xc0, 0xff, 0x00, 0xfe,
  0xc0, 0xfe, 0x80, 0x02, 0xc0, 0x40, 0xfe, 0x00, 0x01, 0x00, 0x01, 0x00,
  0x01, 0x40, 0x80, 0x80, 0x80, 0xc0, 0x80, 0xff, 0x00, 0xc0, 0xc0, 0x03,
  0x40, 0xfe, 0xc0, 0x01, 0x00, 0x80, 0xfd, 0xc0, 0xc0, 0x00, 0x00, 0x00,
  0x00, 0x03, 0x00, 0x00, 0xff, 0xc0, 0x04, 0x00, 0x03, 0xc0, 0x00, 0x1b,
  0x00, 0x37, 0x00, 0x3a, 0x00, 0x00, 0x01, 0x22, 0x07, 0x0e, 0x01, 0x07,
  0x06, 0x15, 0x14, 0x17, 0x1e, 0x01, 0x17, 0x16, 0x33, 0x32, 0x37, 0x3e,
  0x01, 0x37, 0x36, 0x35, 0x34, 0x27, 0x2e, 0x01, 0x27, 0x26, 0x03, 0x22,
  0x27, 0x2e, 0x01, 0x27, 0x26, 0x35, 0x34, 0x37, 0x3e, 0x01, 0x37, 0x36,
  0x33, 0x32, 0x17, 0x1e, 0x01, 0x17, 0x16, 0x15, 0x14, 0x07, 0x0e, 0x01,
  0x07, 0x06, 0x03, 0x0d, 0x01, 0x02, 0x00, 0x6a, 0x5d, 0x5e, 0x8b, 0x28,
  0x28, 0x28, 0x28, 0x8b, 0x5e, 0x5d, 0x6a, 0x6a, 0x5d, 0x5e, 0x8b, 0x28,
  0x28, 0x28, 0x28, 0x8b, 0x5e, 0x5d, 0x6a, 0x56, 0x4c, 0x4c, 0x71, 0x20,
  0x21, 0x21, 0x20, 0x71, 0x4c, 0x4c, 0x56, 0x56, 0x4c, 0x4c, 0x71, 0x20,
  0x21, 0x21, 0x20, 0x71, 0x4c, 0x4c, 0xd6, 0x01, 0x80, 0xfe, 0x80, 0x03,
  0xc0, 0x28, 0x28, 0x8b, 0x5e, 0x5d, 0x6a, 0x6a, 0x5d, 0x5e, 0x8b, 0x28,
  0x28, 0x28, 0x28, 0x8b, 0x5e, 0x5d, 0x6a, 0x6a, 0x5d, 0x5e, 0x8b, 0x28,
  0x28, 0xfc, 0x60, 0x21, 0x20, 0x71, 0x4c, 0x4c, 0x56, 0x56, 0x4c, 0x4c,
  0x71, 0x20, 0x21, 0x21, 0x20, 0x71, 0x4c, 0x4c, 0x56, 0x56, 0x4c, 0x4c,
  0x71, 0x20, 0x21, 0x02, 0x80, 0xe0, 0xe0, 0x00, 0x00, 0x04, 0x00, 0x00,
  0xff, 0xc0, 0x04, 0x00, 0x03, 0xc0, 0x00, 0x1b, 0x00, 0x37, 0x00, 0x3b,
  0x00, 0x3f, 0x00, 0x00, 0x01, 0x22, 0x07, 0x0e, 0x01, 0x07, 0x06, 0x15,
  0x14, 0x17, 0x1e, 0x01, 0x17, 0x16, 0x33, 0x32, 0x37, 0x3e, 0x01, 0x37,
  0x36, 0x35, 0x34, 0x27, 0x2e, 0x01, 0x27, 0x26, 0x03, 0x22, 0x27, 0x2e,
  0x01, 0x27, 0x26, 0x35, 0x34, 0x37, 0x3e, 0x01, 0x37, 0x36, 0x33, 0x32,
  0x17, 0x1e, 0x01, 0x17, 0x16, 0x15, 0x14, 0x07, 0x0e, 0x01, 0x07, 0x06,
  0x01, 0x33, 0x11, 0x23, 0x01, 0x33, 0x11, 0x23, 0x02, 0x00, 0x6a, 0x5d,
  0x5e, 0x8b, 0x28, 0x28, 0x28, 0x28, 0x8b, 0x5e, 0x5d, 0x6a, 0x6a, 0x5d,
  0x5e, 0x8b, 0x28, 0x28, 0x28, 0x28, 0x8b, 0x5e, 0x5d, 0x6a, 0x56, 0x4c,
  0x4c, 0x71, 0x20, 0x21, 0x21, 0x20, 0x71, 0x4c, 0x4c, 0x56, 0x56, 0x4c,
  0x4c, 0x71, 0x20, 0x21, 0x21, 0x20, 0x71, 0x4c, 0x4c, 0xfe, 0xea, 0x80,
  0x80, 0x01, 0x00, 0x80, 0x80, 0x03, 0xc0, 0x28, 0x28, 0x8b, 0x5e, 0x5d,
  0x6a, 0x6a, 0x5d, 0x5e, 0x8b, 0x28, 0x28, 0x28, 0x28, 0x8b, 0x5e, 0x5d,
  0x6a, 0x6a, 0x5d, 0x5e, 0x8b, 0x28, 0x28, 0xfc, 0x60, 0x21, 0x20, 0x71,
  0x4c, 0x4c, 0x56, 0x56, 0x4c, 0x4c, 0x71, 0x20, 0x21, 0x21, 0x20, 0x71,
  0x4c, 0x4c, 0x56, 0x56, 0x4c, 0x4c, 0x71, 0x20, 0x21, 0x02, 0x60, 0xfe,
  0x80, 0x01, 0x80, 0xfe, 0x80, 0x00, 0x00, 0x00, 0x00, 0x03, 0x00, 0x00,
  0xff, 0xc0, 0x04, 0x00, 0x03, 0xc0, 0x00, 0x1b, 0x00, 0x37, 0x00, 0x3b,
  0x00, 0x00, 0x01, 0x22, 0x07, 0x0e, 0x01, 0x07, 0x06, 0x15, 0x14, 0x17,
  0x1e, 0x01, 0x17, 0x16, 0x33, 0x32, 0x37, 0x3e, 0x01, 0x37, 0x36, 0x35,
  0x34, 0x27, 0x2e, 0x01, 0x27, 0x26, 0x03, 0x22, 0x27, 0x2e, 0x01, 0x27,
  0x26, 0x35, 0x34, 0x37, 0x3e, 0x01, 0x37, 0x36, 0x33, 0x32, 0x17, 0x1e,
  0x01, 0x17, 0x16, 0x15, 0x14, 0x07, 0x0e, 0x01, 0x07, 0x06, 0x01, 0x21,
  0x11, 0x21, 0x02, 0x00, 0x6a, 0x5d, 0x5e, 0x8b, 0x28, 0x28, 0x28, 0x28,
  0x8b, 0x5e, 0x5d, 0x6a, 0x6a, 0x5d, 0x5e, 0x8b, 0x28, 0x28, 0x28, 0x28,
  0x8b, 0x5e, 0x5d, 0x6a, 0x56, 0x4c, 0x4c, 0x71, 0x20, 0x21, 0x21, 0x20,
  0x71, 0x4c, 0x4c, 0x56, 0x56, 0x4c, 0x4c, 0x71, 0x20, 0x21, 0x21, 0x20,
  0x71, 0x4c, 0x4c, 0xfe, 0xea, 0x01, 0x80, 0xfe, 0x80, 0x03, 0xc0, 0x28,
  0x28, 0x8b, 0x5e, 0x5d, 0x6a, 0x6a, 0x5d, 0x5e, 0x8b, 0x28, 0x28, 0x28,
  0x28, 0x8b, 0x5e, 0x5d, 0x6a, 0x6a, 0x5d, 0x5e, 0x8b, 0x28, 0x28, 0xfc,
  0x60, 0x21, 0x20, 0x71, 0x4c, 0x4c, 0x56, 0x56, 0x4c, 0x4c, 0x71, 0x20,
  0x21, 0x21, 0x20, 0x71, 0x4c, 0x4c, 0x56, 0x56, 0x4c, 0x4c, 0x71, 0x20,
  0x21, 0x02, 0x60, 0xfe, 0x80, 0x00, 0x00, 0x00, 0x00, 0x04, 0x00, 0x00,
  0xff, 0xc0, 0x04, 0x00, 0x03, 0xc0, 0x00, 0x1b, 0x00, 0x37, 0x00, 0x3a,
  0x00, 0x3e, 0x00, 0x00, 0x01, 0x22, 0x07, 0x0e, 0x01, 0x07, 0x06, 0x15,
  0x14, 0x17, 0x1e, 0x01, 0x17, 0x16, 0x33, 0x32, 0x37, 0x3e, 0x01, 0x37,
  0x36, 0x35, 0x34, 0x27, 0x2e, 0x01, 0x27, 0x26, 0x03, 0x22, 0x27, 0x2e,
  0x01, 0x27, 0x26, 0x35, 0x34, 0x37, 0x3e, 0x01, 0x37, 0x36, 0x33, 0x32,
  0x17, 0x1e, 0x01, 0x17, 0x16, 0x15, 0x14, 0x07, 0x0e, 0x01, 0x07, 0x06,
  0x03, 0x25, 0x11, 0x01, 0x33, 0x11, 0x23, 0x02, 0x00, 0x6a, 0x5d, 0x5e,
  0x8b, 0x28, 0x28, 0x28, 0x28, 0x8b, 0x5e, 0x5d, 0x6a, 0x6a, 0x5d, 0x5e,
  0x8b, 0x28, 0x28, 0x28, 0x28, 0x8b, 0x5e, 0x5d, 0x6a, 0x56, 0x4c, 0x4c,
  0x71, 0x20, 0x21, 0x21, 0x20, 0x71, 0x4c, 0x4c, 0x56, 0x56, 0x4c, 0x4c,
  0x71, 0x20, 0x21, 0x21, 0x20, 0x71, 0x4c, 0x4c, 0x96, 0x01, 0x00, 0xfe,
  0x80, 0x80, 0x80, 0x03, 0xc0, 0x28, 0x28, 0x8b, 0x5e, 0x5d, 0x6a, 0x6a,
  0x5d, 0x5e, 0x8b, 0x28, 0x28, 0x28, 0x28, 0x8b, 0x5e, 0x5d, 0x6a, 0x6a,
  0x5d, 0x5e, 0x8b, 0x28, 0x28, 0xfc, 0x60, 0x21, 0x20, 0x71, 0x4c, 0x4c,
  0x56, 0x56, 0x4c, 0x4c, 0x71, 0x20, 0x21, 0x21, 0x20, 0x71, 0x4c, 0x4c,
  0x56, 0x56, 0x4c, 0x4c, 0x71, 0x20, 0x21, 0x01, 0xa0, 0xc0, 0xfe, 0x80,
  0x01, 0x80, 0xfe, 0x80, 0x00, 0x04, 0x00, 0x00, 0xff, 0xc0, 0x04, 0x00,
  0x03, 0xc0, 0x00, 0x1b, 0x00, 0x37, 0x00, 0x3a, 0x00, 0x3e, 0x00, 0x00,
  0x01, 0x32, 0x17, 0x1e, 0x01, 0x17, 0x16, 0x15, 0x14, 0x07, 0x0e, 0x01,
  0x07, 0x06, 0x23, 0x22, 0x27, 0x2e, 0x01, 0x27, 0x26, 0x35, 0x34, 0x37,
  0x3e, 0x01, 0x37, 0x36, 0x13, 0x32, 0x37, 0x3e, 0x01, 0x37, 0x36, 0x35,
  0x34, 0x27, 0x2e, 0x01, 0x27, 0x26, 0x23, 0x22, 0x07, 0x0e, 0x01, 0x07,
  0x06, 0x15, 0x14, 0x17, 0x1e, 0x01, 0x17, 0x16, 0x13, 0x25, 0x11, 0x01,
  0x23, 0x11, 0x33, 0x02, 0x00, 0x6a, 0x5d, 0x5e, 0x8b, 0x28, 0x28, 0x28,
  0x28, 0x8b, 0x5e, 0x5d, 0x6a, 0x6a, 0x5d, 0x5e, 0x8b, 0x28, 0x28, 0x28,
  0x28, 0x8b, 0x5e, 0x5d, 0x6a, 0x56, 0x4c, 0x4c, 0x71, 0x20, 0x21, 0x21,
  0x20, 0x71, 0x4c, 0x4c, 0x56, 0x56, 0x4c, 0x4c, 0x71, 0x20, 0x21, 0x21,
  0x20, 0x71, 0x4c, 0x4c, 0x96, 0xff, 0x00, 0x01, 0x80, 0x80, 0x80, 0x03,
  0xc0, 0x28, 0x28, 0x8b, 0x5e, 0x5d, 0x6a, 0x6a, 0x5d, 0x5e, 0x8b, 0x28,
  0x28, 0x28, 0x28, 0x8b, 0x5e, 0x5d, 0x6a, 0x6a, 0x5d, 0x5e, 0x8b, 0x28,
  0x28, 0xfc, 0x60, 0x21, 0x20, 0x71, 0x4c, 0x4c, 0x56, 0x56, 0x4c, 0x4c,
  0x71, 0x20, 0x21, 0x21, 0x20, 0x71, 0x4c, 0x4c, 0x56, 0x56, 0x4c, 0x4c,
  0x71, 0x20, 0x21, 0x01, 0xa0, 0xc0, 0xfe, 0x80, 0x01, 0x80, 0xfe, 0x80,
  0x00, 0x04, 0x00, 0x00, 0xff, 0xc0, 0x04, 0x00, 0x03, 0xc0, 0x00, 0x1b,
  0x00, 0x37, 0x00, 0x3a, 0x00, 0x3d, 0x00, 0x00, 0x05, 0x32, 0x37, 0x3e,
  0x01, 0x37, 0x36, 0x35, 0x34, 0x27, 0x2e, 0x01, 0x27, 0x26, 0x23, 0x22,
  0x07, 0x0e, 0x01, 0x07, 0x06, 0x15, 0x14, 0x17, 0x1e, 0x01, 0x17, 0x16,
  0x13, 0x32, 0x17, 0x1e, 0x01, 0x17, 0x16, 0x15, 0x14, 0x07, 0x0e, 0x01,
  0x07, 0x06, 0x23, 0x22, 0x27, 0x2e, 0x01, 0x27, 0x26, 0x35, 0x34, 0x37,
  0x3e, 0x01, 0x37, 0x36, 0x01, 0x27, 0x37, 0x01, 0x27, 0x37, 0x02, 0x00,
  0x6a, 0x5d, 0x5e, 0x8b, 0x28, 0x28, 0x28, 0x28, 0x8b, 0x5e, 0x5d, 0x6a,
  0x6a, 0x5d, 0x5e, 0x8b, 0x28, 0x28, 0x28, 0x28, 0x8b, 0x5e, 0x5d, 0x6a,
  0x56, 0x4c, 0x4c, 0x71, 0x20, 0x21, 0x21, 0x20, 0x71, 0x4c, 0x4c, 0x56,
  0x56, 0x4c, 0x4c, 0x71, 0x20, 0x21, 0x21, 0x20, 0x71, 0x4c, 0x4c, 0x01,
  0x16, 0xe0, 0xe0, 0xff, 0x00, 0xe0, 0xe0, 0x40, 0x28, 0x28, 0x8b, 0x5e,
  0x5d, 0x6a, 0x6a, 0x5d, 0x5e, 0x8b, 0x28, 0x28, 0x28, 0x28, 0x8b, 0x5e,
  0x5d, 0x6a, 0x6a, 0x5d, 0x5e, 0x8b, 0x28, 0x28, 0x03, 0xa0, 0x21, 0x20,
  0x71, 0x4c, 0x4c, 0x56, 0x56, 0x4c, 0x4c, 0x71, 0x20, 0x21, 0x21, 0x20,
  0x71, 0x4c, 0x4c, 0x56, 0x56, 0x4c, 0x4c, 0x71, 0x20, 0x21, 0xfd, 0xc0,
  0xa0, 0xa0, 0xfe, 0xc0, 0xa0, 0xa0, 0x00, 0x00, 0x00, 0x04, 0x00, 0x00,
  0xff, 0xc0, 0x04, 0x00, 0x03, 0xc0, 0x00, 0x1b, 0x00, 0x37, 0x00, 0x3a,
  0x00, 0x3d, 0x00, 0x00, 0x01, 0x22, 0x07, 0x0e, 0x01, 0x07, 0x06, 0x15,
  0x14, 0x17, 0x1e, 0x01, 0x17, 0x16, 0x33, 0x32, 0x37, 0x3e, 0x01, 0x37,
  0x36, 0x35, 0x34, 0x27, 0x2e, 0x01, 0x27, 0x26, 0x03, 0x22, 0x27, 0x2e,
  0x01, 0x27, 0x26, 0x35, 0x34, 0x37, 0x3e, 0x01, 0x37, 0x36, 0x33, 0x32,
  0x17, 0x1e, 0x01, 0x17, 0x16, 0x15, 0x14, 0x07, 0x0e, 0x01, 0x07, 0x06,
  0x01, 0x17, 0x07, 0x01, 0x17, 0x07, 0x02, 0x00, 0x6a, 0x5d, 0x5e, 0x8b,
  0x28, 0x28, 0x28, 0x28, 0x8b, 0x5e, 0x5d, 0x6a, 0x6a, 0x5d, 0x5e, 0x8b,
  0x28, 0x28, 0x28, 0x28, 0x8b, 0x5e, 0x5d, 0x6a, 0x56, 0x4c, 0x4c, 0x71,
  0x20, 0x21, 0x21, 0x20, 0x71, 0x4c, 0x4c, 0x56, 0x56, 0x4c, 0x4c, 0x71,
  0x20, 0x21, 0x21, 0x20, 0x71, 0x4c, 0x4c, 0xfe, 0xea, 0xe0, 0xe0, 0x01,
  0x00, 0xe0, 0xe0, 0x03, 0xc0, 0x28, 0x28, 0x8b, 0x5e, 0x5d, 0x6a, 0x6a,
  0x5d, 0x5e, 0x8b, 0x28, 0x28, 0x28, 0x28, 0x8b, 0x5e, 0x5d, 0x6a, 0x6a,
  0x5d, 0x5e, 0x8b, 0x28, 0x28, 0xfc, 0x60, 0x21, 0x20, 0x71, 0x4c, 0x4c,
  0x56, 0x56, 0x4c, 0x4c, 0x71, 0x20, 0x21, 0x21, 0x20, 0x71, 0x4c, 0x4c,
  0x56, 0x56, 0x4c, 0x4c, 0x71, 0x20, 0x21, 0x02, 0x40, 0xa0, 0xa0, 0x01,
  0x40, 0xa0, 0xa0, 0x00, 0x00, 0x01, 0x00, 0x00, 0xff, 0xc0, 0x03, 0x40,
  0x03, 0xc0, 0x00, 0x02, 0x00, 0x00, 0x13, 0x09, 0x01, 0xc0, 0x02, 0x80,
  0xfd, 0x80, 0x03, 0x40, 0xfe, 0x80, 0xfe, 0x80, 0x00, 0x02, 0x00, 0x00,
  0xff, 0xc0, 0x03, 0x80, 0x03, 0xc0, 0x00, 0x03, 0x00, 0x07, 0x00, 0x00,
  0x13, 0x21, 0x11, 0x21, 0x01, 0x21, 0x11, 0x21, 0x80, 0x01, 0x40, 0xfe,
  0xc0, 0x01, 0xc0, 0x01, 0x40, 0xfe, 0xc0, 0x03, 0x40, 0xfd, 0x00, 0x03,
  0x00, 0xfd, 0x00, 0x00, 0x00, 0x01, 0x00, 0x00, 0xff, 0xc0, 0x03, 0x80,
  0x03, 0xc0, 0x00, 0x03, 0x00, 0x00, 0x13, 0x21, 0x11, 0x21, 0x80, 0x03,
  0x00, 0xfd, 0x00, 0x03, 0x40, 0xfd, 0x00, 0x00, 0x00, 0x01, 0x00, 0x00,
  0xff, 0xc0, 0x03, 0x80, 0x03, 0xc0, 0x00, 0x06, 0x00, 0x00, 0x01, 0x11,
  0x01, 0x11, 0x01, 0x11, 0x01, 0x02, 0x40, 0x01, 0x40, 0xfe, 0xc0, 0xfe,
  0xa0, 0x03, 0x20, 0xfe, 0xc0, 0x01, 0x40, 0xfd, 0x40, 0x01, 0x40, 0xfe,
  0xc0, 0x01, 0x60, 0x00, 0x00, 0x01, 0x00, 0x00, 0xff, 0xc0, 0x03, 0x60,
  0x03, 0xc0, 0x00, 0x06, 0x00, 0x00, 0x25, 0x11, 0x01, 0x11, 0x01, 0x11,
  0x01, 0x02, 0x00, 0xfe, 0xc0, 0x01, 0x40, 0x01, 0x60, 0x60, 0x01, 0x40,
  0xfe, 0xc0, 0x02, 0xc0, 0xfe, 0xc0, 0x01, 0x40, 0xfe, 0xa0, 0x00, 0x00,
  0x00, 0x01, 0x00, 0x00, 0xff, 0xc0, 0x03, 0x80, 0x03, 0xc0, 0x00, 0x0b,
  0x00, 0x00, 0x37, 0x11, 0x33, 0x11, 0x01, 0x11, 0x01, 0x11, 0x01, 0x11,
  0x01, 0x11, 0x80, 0x80, 0x01, 0x40, 0x01, 0x40, 0xfe, 0xc0, 0xfe, 0xc0,
  0x40, 0x03, 0x00, 0xfe, 0xa0, 0x01, 0x40, 0xfe, 0xc0, 0x01, 0x40, 0xfd,
  0x40, 0x01, 0x40, 0xfe, 0xc0, 0x01, 0x40, 0xfe, 0xa0, 0x00, 0x00, 0x00,
  0x00, 0x01, 0x00, 0x00, 0xff, 0xc0, 0x03, 0x80, 0x03, 0xc0, 0x00, 0x0b,
  0x00, 0x00, 0x01, 0x11, 0x23, 0x11, 0x01, 0x11, 0x01, 0x11, 0x01, 0x11,
  0x01, 0x11, 0x03, 0x80, 0x80, 0xfe, 0xc0, 0xfe, 0xc0, 0x01, 0x40, 0x01,
  0x40, 0x03, 0x40, 0xfd, 0x00, 0x01, 0x60, 0xfe, 0xc0, 0x01, 0x40, 0xfe,
  0xc0, 0x02, 0xc0, 0xfe, 0xc0, 0x01, 0x40, 0xfe, 0xc0, 0x01, 0x60, 0x00,
  0x00, 0x01, 0x00, 0x00, 0xff, 0xc0, 0x02, 0xc0, 0x03, 0xc0, 0x00, 0x07,
  0x00, 0x00, 0x25, 0x11, 0x33, 0x11, 0x01, 0x11, 0x01, 0x11, 0x01, 0x00,
  0x80, 0x01, 0x40, 0xfe, 0xc0, 0x40, 0x03, 0x00, 0xfe, 0xa0, 0x01, 0x40,
  0xfd, 0x40, 0x01, 0x40, 0xfe, 0xa0, 0x00, 0x00, 0x00, 0x01, 0x00, 0x00,
  0xff, 0xc0, 0x03, 0x00, 0x03, 0xc0, 0x00, 0x07, 0x00, 0x00, 0x01, 0x11,
  0x23, 0x11, 0x01, 0x11, 0x01, 0x11, 0x03, 0x00, 0x80, 0xfe, 0xc0, 0x01,
  0x40, 0x03, 0x40, 0xfd, 0x00, 0x01, 0x60, 0xfe, 0xc0, 0x02, 0xc0, 0xfe,
  0xc0, 0x01, 0x60, 0x00, 0x00, 0x02, 0x00, 0x00, 0xff, 0xc0, 0x04, 0x00,
  0x03, 0xc0, 0x00, 0x03, 0x00, 0x06, 0x00, 0x00, 0x37, 0x21, 0x15, 0x21,
  0x09, 0x01, 0x21, 0x00, 0x04, 0x00, 0xfc, 0x00, 0x02, 0x00, 0x02, 0x00,
  0xfc, 0x00, 0xc0, 0x80, 0x03, 0x00, 0xfe, 0x00, 0x00, 0x04, 0x00, 0x00,
  0xff, 0xc0, 0x04, 0x40, 0x03, 0xc0, 0x00, 0x2b, 0x00, 0x51, 0x00, 0x6e,
  0x00, 0x89, 0x00, 0x00, 0x25, 0x22, 0x26, 0x27, 0x26, 0x34, 0x37, 0x36,
  0x37, 0x3e, 0x01, 0x37, 0x36, 0x35, 0x34, 0x27, 0x2e, 0x01, 0x27, 0x26,
  0x27, 0x26, 0x34, 0x37, 0x36, 0x32, 0x17, 0x16, 0x17, 0x1e, 0x01, 0x17,
  0x16, 0x15, 0x14, 0x07, 0x0e, 0x01, 0x07, 0x06, 0x07, 0x0e, 0x01, 0x23,
  0x27, 0x22, 0x26, 0x27, 0x26, 0x34, 0x37, 0x36, 0x37, 0x36, 0x34, 0x27,
  0x26, 0x27, 0x26, 0x34, 0x37, 0x36, 0x32, 0x17, 0x16, 0x17, 0x1e, 0x01,
  0x17, 0x16, 0x15, 0x14, 0x07, 0x0e, 0x01, 0x07, 0x06, 0x07, 0x0e, 0x01,
  0x23, 0x31, 0x27, 0x22, 0x26, 0x27, 0x26, 0x34, 0x37, 0x36, 0x37, 0x36,
  0x34, 0x27, 0x26, 0x27, 0x26, 0x34, 0x37, 0x36, 0x32, 0x17, 0x16, 0x17,
  0x16, 0x14, 0x07, 0x06, 0x07, 0x0e, 0x01, 0x07, 0x22, 0x26, 0x2f, 0x01,
  0x23, 0x22, 0x26, 0x35, 0x11, 0x34, 0x36, 0x3b, 0x01, 0x37, 0x3e, 0x01,
  0x17, 0x1e, 0x01, 0x15, 0x11, 0x14, 0x06, 0x07, 0x0e, 0x01, 0x03, 0x7a,
  0x09, 0x12, 0x07, 0x0e, 0x0e, 0x21, 0x19, 0x1a, 0x22, 0x09, 0x09, 0x09,
  0x09, 0x22, 0x1a, 0x19, 0x21, 0x0e, 0x0e, 0x0e, 0x28, 0x0e, 0x28, 0x1e,
  0x1f, 0x29, 0x0b, 0x0b, 0x0b, 0x0b, 0x29, 0x1f, 0x1e, 0x28, 0x07, 0x12,
  0x09, 0xaa, 0x0a, 0x11, 0x07, 0x0e, 0x0e, 0x31, 0x18, 0x19, 0x19, 0x18,
  0x31, 0x0e, 0x0e, 0x0e, 0x27, 0x0e, 0x1f, 0x18, 0x17, 0x20, 0x09, 0x08,
  0x08, 0x09, 0x20, 0x17, 0x18, 0x1f, 0x07, 0x11, 0x09, 0xab, 0x09, 0x12,
  0x07, 0x0e, 0x0e, 0x1e, 0x10, 0x0f, 0x0f, 0x10, 0x1e, 0x0e, 0x0e, 0x0e,
  0x28, 0x0e, 0x2c, 0x17, 0x16, 0x16, 0x17, 0x2c, 0x07, 0x12, 0x8e, 0x06,
  0x0c, 0x05, 0xf6, 0x73, 0x0d, 0x13, 0x13, 0x0d, 0x73, 0xf6, 0x07, 0x13,
  0x09, 0x09, 0x0b, 0x0b, 0x09, 0x03, 0x06, 0x26, 0x07, 0x07, 0x0e, 0x28,
  0x0e, 0x21, 0x26, 0x26, 0x53, 0x2d, 0x2d, 0x2e, 0x2e, 0x2d, 0x2d, 0x53,
  0x26, 0x26, 0x21, 0x0e, 0x28, 0x0e, 0x0e, 0x0e, 0x28, 0x2d, 0x2e, 0x65,
  0x36, 0x36, 0x38, 0x38, 0x36, 0x36, 0x65, 0x2e, 0x2d, 0x28, 0x07, 0x07,
  0x5a, 0x07, 0x08, 0x0e, 0x27, 0x0e, 0x32, 0x3d, 0x3e, 0x82, 0x3d, 0x3e,
  0x32, 0x0e, 0x27, 0x0e, 0x0f, 0x0f, 0x1e, 0x23, 0x24, 0x4d, 0x2a, 0x2a,
  0x2b, 0x2b, 0x2a, 0x2a, 0x4d, 0x24, 0x23, 0x1e, 0x08, 0x07, 0x5b, 0x07,
  0x07, 0x0e, 0x28, 0x0e, 0x1e, 0x27, 0x26, 0x50, 0x26, 0x27, 0x1e, 0x0e,
  0x28, 0x0e, 0x0e, 0x0e, 0x2c, 0x39, 0x38, 0x74, 0x38, 0x39, 0x2c, 0x07,
  0x07, 0xdb, 0x05, 0x04, 0xf7, 0x13, 0x0d, 0x01, 0x40, 0x0d, 0x13, 0xf7,
  0x06, 0x04, 0x03, 0x04, 0x10, 0x0a, 0xfc, 0xc0, 0x0a, 0x10, 0x04, 0x01,
  0x01, 0x00, 0x00, 0x00, 0x00, 0x03, 0x00, 0x00, 0xff, 0xc0, 0x03, 0x70,
  0x03, 0xc0, 0x00, 0x25, 0x00, 0x42, 0x00, 0x5d, 0x00, 0x00, 0x25, 0x22,
  0x26, 0x27, 0x26, 0x34, 0x37, 0x36, 0x37, 0x36, 0x34, 0x27, 0x26, 0x27,
  0x26, 0x34, 0x37, 0x36, 0x32, 0x17, 0x16, 0x17, 0x1e, 0x01, 0x17, 0x16,
  0x15, 0x14, 0x07, 0x0e, 0x01, 0x07, 0x06, 0x07, 0x0e, 0x01, 0x23, 0x31,
  0x27, 0x22, 0x26, 0x27, 0x26, 0x34, 0x37, 0x36, 0x37, 0x36, 0x34, 0x27,
  0x26, 0x27, 0x26, 0x34, 0x37, 0x36, 0x32, 0x17, 0x16, 0x17, 0x16, 0x14,
  0x07, 0x06, 0x07, 0x0e, 0x01, 0x07, 0x22, 0x26, 0x2f, 0x01, 0x23, 0x22,
  0x26, 0x35, 0x11, 0x34, 0x36, 0x3b, 0x01, 0x37, 0x3e, 0x01, 0x17, 0x1e,
  0x01, 0x15, 0x11, 0x14, 0x06, 0x07, 0x0e, 0x01, 0x02, 0xd0, 0x0a, 0x11,
  0x07, 0x0e, 0x0e, 0x31, 0x18, 0x19, 0x19, 0x18, 0x31, 0x0e, 0x0e, 0x0e,
  0x27, 0x0e, 0x1f, 0x18, 0x17, 0x20, 0x09, 0x08, 0x08, 0x09, 0x20, 0x17,
  0x18, 0x1f, 0x07, 0x11, 0x09, 0xab, 0x09, 0x12, 0x07, 0x0e, 0x0e, 0x1e,
  0x10, 0x0f, 0x0f, 0x10, 0x1e, 0x0e, 0x0e, 0x0e, 0x28, 0x0e, 0x2c, 0x17,
  0x16, 0x16, 0x17, 0x2c, 0x07, 0x12, 0x8e, 0x06, 0x0c, 0x05, 0xf6, 0x73,
  0x0d, 0x13, 0x13, 0x0d, 0x73, 0xf6, 0x07, 0x13, 0x09, 0x09, 0x0b, 0x0b,
  0x09, 0x03, 0x06, 0x80, 0x07, 0x08, 0x0e, 0x27, 0x0e, 0x32, 0x3d, 0x3e,
  0x82, 0x3d, 0x3e, 0x32, 0x0e, 0x27, 0x0e, 0x0f, 0x0f, 0x1e, 0x23, 0x24,
  0x4d, 0x2a, 0x2a, 0x2b, 0x2b, 0x2a, 0x2a, 0x4d, 0x24, 0x23, 0x1e, 0x08,
  0x07, 0x5b, 0x07, 0x07, 0x0e, 0x28, 0x0e, 0x1e, 0x27, 0x26, 0x50, 0x26,
  0x27, 0x1e, 0x0e, 0x28, 0x0e, 0x0e, 0x0e, 0x2c, 0x39, 0x38, 0x74, 0x38,
  0x39, 0x2c, 0x07, 0x07, 0xdb, 0x05, 0x04, 0xf7, 0x13, 0x0d, 0x01, 0x40,
  0x0d, 0x13, 0xf7, 0x06, 0x04, 0x03, 0x04, 0x10, 0x0a, 0xfc, 0xc0, 0x0a,
  0x10, 0x04, 0x01, 0x01, 0x00, 0x02, 0x00, 0x00, 0xff, 0xc0, 0x02, 0x8a,
  0x03, 0xc0, 0x00, 0x1c, 0x00, 0x37, 0x00, 0x00, 0x25, 0x22, 0x26, 0x27,
  0x26, 0x34, 0x37, 0x36, 0x37, 0x36, 0x34, 0x27, 0x26, 0x27, 0x26, 0x34,
  0x37, 0x36, 0x32, 0x17, 0x16, 0x17, 0x16, 0x14, 0x07, 0x06, 0x07, 0x0e,
  0x01, 0x07, 0x22, 0x26, 0x2f, 0x01, 0x23, 0x22, 0x26, 0x35, 0x11, 0x34,
  0x36, 0x3b, 0x01, 0x37, 0x3e, 0x01, 0x17, 0x1e, 0x01, 0x15, 0x11, 0x14,
  0x06, 0x07, 0x0e, 0x01, 0x02, 0x25, 0x09, 0x12, 0x07, 0x0e, 0x0e, 0x1e,
  0x10, 0x0f, 0x0f, 0x10, 0x1e, 0x0e, 0x0e, 0x0e, 0x28, 0x0e, 0x2c, 0x17,
  0x16, 0x16, 0x17, 0x2c, 0x07, 0x12, 0x8e, 0x06, 0x0c, 0x05, 0xf6, 0x73,
  0x0d, 0x13, 0x13, 0x0d, 0x73, 0xf6, 0x07, 0x13, 0x09, 0x09, 0x0b, 0x0b,
  0x09, 0x03, 0x06, 0xdb, 0x07, 0x07, 0x0e, 0x28, 0x0e, 0x1e, 0x27, 0x26,
  0x50, 0x26, 0x27, 0x1e, 0x0e, 0x28, 0x0e, 0x0e, 0x0e, 0x2c, 0x39, 0x38,
  0x74, 0x38, 0x39, 0x2c, 0x07, 0x07, 0xdb, 0x05, 0x04, 0xf7, 0x13, 0x0d,
  0x01, 0x40, 0x0d, 0x13, 0xf7, 0x06, 0x04, 0x03, 0x04, 0x10, 0x0a, 0xfc,
  0xc0, 0x0a, 0x10, 0x04, 0x01, 0x01, 0x00, 0x00, 0x00, 0x01, 0x00, 0x00,
  0xff, 0xc0, 0x01, 0xc0, 0x03, 0xc0, 0x00, 0x1a, 0x00, 0x00, 0x25, 0x22,
  0x26, 0x2f, 0x01, 0x23, 0x22, 0x26, 0x35, 0x11, 0x34, 0x36, 0x3b, 0x01,
  0x37, 0x3e, 0x01, 0x17, 0x1e, 0x01, 0x15, 0x11, 0x14, 0x06, 0x07, 0x0e,
  0x01, 0x01, 0xa0, 0x06, 0x0c, 0x05, 0xf6, 0x73, 0x0d, 0x13, 0x13, 0x0d,
  0x73, 0xf6, 0x07, 0x13, 0x09, 0x09, 0x0b, 0x0b, 0x09, 0x03, 0x06, 0x00,
  0x05, 0x04, 0xf7, 0x13, 0x0d, 0x01, 0x40, 0x0d, 0x13, 0xf7, 0x06, 0x04,
  0x03, 0x04, 0x10, 0x0a, 0xfc, 0xc0, 0x0a, 0x10, 0x04, 0x01, 0x01, 0x00,
  0x00, 0x02, 0x00, 0x00, 0xff, 0xc0, 0x03, 0xc0, 0x03, 0xc0, 0x00, 0x0f,
  0x00, 0x2a, 0x00, 0x00, 0x01, 0x15, 0x23, 0x27, 0x07, 0x23, 0x35, 0x37,
  0x27, 0x35, 0x33, 0x17, 0x37, 0x33, 0x15, 0x07, 0x01, 0x22, 0x26, 0x2f,
  0x01, 0x23, 0x22, 0x26, 0x35, 0x11, 0x34, 0x36, 0x3b, 0x01, 0x37, 0x3e,
  0x01, 0x17, 0x1e, 0x01, 0x15, 0x11, 0x14, 0x06, 0x07, 0x0e, 0x01, 0x03,
  0xc0, 0x55, 0x6b, 0x6b, 0x55, 0x6b, 0x6b, 0x55, 0x6b, 0x6b, 0x55, 0x6b,
  0xfe, 0x4b, 0x06, 0x0c, 0x05, 0xf6, 0x73, 0x0d, 0x13, 0x13, 0x0d, 0x73,
  0xf6, 0x07, 0x13, 0x09, 0x09, 0x0b, 0x0b, 0x09, 0x03, 0x06, 0x01, 0x55,
  0x55, 0x6b, 0x6b, 0x55, 0x6b, 0x6b, 0x55, 0x6b, 0x6b, 0x55, 0x6b, 0xfe,
  0x40, 0x05, 0x04, 0xf7, 0x13, 0x0d, 0x01, 0x40, 0x0d, 0x13, 0xf7, 0x06,
  0x04, 0x03, 0x04, 0x10, 0x0a, 0xfc, 0xc0, 0x0a, 0x10, 0x04, 0x01, 0x01,
  0x00, 0x02, 0x00, 0x00, 0xff, 0xc0, 0x04, 0x00, 0x03, 0xc0, 0x00, 0x0b,
  0x00, 0x26, 0x00, 0x00, 0x01, 0x23, 0x15, 0x23, 0x35, 0x23, 0x35, 0x33,
  0x35, 0x33, 0x15, 0x33, 0x01, 0x22, 0x26, 0x2f, 0x01, 0x23, 0x22, 0x26,
  0x35, 0x11, 0x34, 0x36, 0x3b, 0x01, 0x37, 0x3e, 0x01, 0x17, 0x1e, 0x01,
  0x15, 0x11, 0x14, 0x06, 0x07, 0x0e, 0x01, 0x04, 0x00, 0xc0, 0x80, 0xc0,
  0xc0, 0x80, 0xc0, 0xfd, 0xa0, 0x06, 0x0c, 0x05, 0xf6, 0x73, 0x0d, 0x13,
  0x13, 0x0d, 0x73, 0xf6, 0x07, 0x13, 0x09, 0x09, 0x0b, 0x0b, 0x09, 0x03,
  0x06, 0x01, 0x80, 0xc0, 0xc0, 0x80, 0xc0, 0xc0, 0xfe, 0x00, 0x05, 0x04,
  0xf7, 0x13, 0x0d, 0x01, 0x40, 0x0d, 0x13, 0xf7, 0x06, 0x04, 0x03, 0x04,
  0x10, 0x0a, 0xfc, 0xc0, 0x0a, 0x10, 0x04, 0x01, 0x01, 0x00, 0x00, 0x00,
  0x00, 0x02, 0x00, 0x00, 0xff, 0xc0, 0x04, 0x00, 0x03, 0xc0, 0x00, 0x03,
  0x00, 0x1e, 0x00, 0x00, 0x01, 0x21, 0x15, 0x21, 0x03, 0x22, 0x26, 0x2f,
  0x01, 0x23, 0x22, 0x26, 0x35, 0x11, 0x34, 0x36, 0x3b, 0x01, 0x37, 0x3e,
  0x01, 0x17, 0x1e, 0x01, 0x15, 0x11, 0x14, 0x06, 0x07, 0x0e, 0x01, 0x02,
  0x00, 0x02, 0x00, 0xfe, 0x00, 0x60, 0x06, 0x0c, 0x05, 0xf6, 0x73, 0x0d,
  0x13, 0x13, 0x0d, 0x73, 0xf6, 0x07, 0x13, 0x09, 0x09, 0x0b, 0x0b, 0x09,
  0x03, 0x06, 0x02, 0x00, 0x80, 0xfe, 0x80, 0x05, 0x04, 0xf7, 0x13, 0x0d,
  0x01, 0x40, 0x0d, 0x13, 0xf7, 0x06, 0x04, 0x03, 0x04, 0x10, 0x0a, 0xfc,
  0xc0, 0x0a, 0x10, 0x04, 0x01, 0x01, 0x00, 0x00, 0x00, 0x02, 0x00, 0x00,
  0xff, 0xc0, 0x04, 0x00, 0x03, 0xc0, 0x00, 0x08, 0x00, 0x11, 0x00, 0x00,
  0x13, 0x21, 0x15, 0x09, 0x01, 0x15, 0x21, 0x11, 0x33, 0x05, 0x21, 0x35,
  0x09, 0x01, 0x35, 0x21, 0x11, 0x23, 0x80, 0x02, 0x80, 0x01, 0x00, 0xff,
  0x00, 0xfd, 0x00, 0x80, 0x03, 0x00, 0xfd, 0x80, 0xff, 0x00, 0x01, 0x00,
  0x03, 0x00, 0x80, 0x02, 0x80, 0xc0, 0x01, 0x00, 0x01, 0x00, 0xc0, 0xfe,
  0x80, 0x80, 0xc0, 0xff, 0x00, 0xff, 0x00, 0xc0, 0x01, 0x80, 0x00, 0x00,
  0x00, 0x02, 0x00, 0x00, 0xff, 0xc0, 0x04, 0x00, 0x03, 0xc0, 0x00, 0x21,
  0x00, 0x42, 0x00, 0x00, 0x01, 0x26, 0x27, 0x2e, 0x01, 0x27, 0x26, 0x23,
  0x22, 0x07, 0x0e, 0x01, 0x07, 0x06, 0x15, 0x33, 0x34, 0x37, 0x3e, 0x01,
  0x37, 0x36, 0x33, 0x32, 0x17, 0x1e, 0x01, 0x17, 0x16, 0x17, 0x07, 0x21,
  0x11, 0x07, 0x13, 0x14, 0x07, 0x0e, 0x01, 0x07, 0x06, 0x23, 0x22, 0x27,
  0x2e, 0x01, 0x27, 0x26, 0x27, 0x37, 0x21, 0x11, 0x37, 0x16, 0x17, 0x1e,
  0x01, 0x17, 0x16, 0x33, 0x32, 0x37, 0x3e, 0x01, 0x37, 0x36, 0x35, 0x03,
  0x7a, 0x23, 0x2b, 0x2a, 0x60, 0x35, 0x35, 0x38, 0x6a, 0x5d, 0x5e, 0x8b,
  0x28, 0x28, 0x60, 0x21, 0x20, 0x71, 0x4c, 0x4c, 0x56, 0x2e, 0x2c, 0x2b,
  0x4f, 0x22, 0x23, 0x1d, 0x96, 0x01, 0x60, 0x86, 0x26, 0x21, 0x20, 0x71,
  0x4c, 0x4c, 0x56, 0x2e, 0x2c, 0x2b, 0x4f, 0x22, 0x23, 0x1d, 0x96, 0xfe,
  0xa0, 0x86, 0x23, 0x2b, 0x2a, 0x60, 0x35, 0x35, 0x38, 0x6a, 0x5d, 0x5e,
  0x8b, 0x28, 0x28, 0x03, 0x1a, 0x26, 0x1f, 0x1f, 0x2b, 0x0b, 0x0c, 0x28,
  0x28, 0x8b, 0x5e, 0x5d, 0x6a, 0x56, 0x4c, 0x4c, 0x71, 0x20, 0x21, 0x0a,
  0x09, 0x24, 0x1a, 0x19, 0x20, 0x96, 0x01, 0x60, 0x86, 0xfe, 0xa6, 0x56,
  0x4c, 0x4c, 0x71, 0x20, 0x21, 0x0a, 0x09, 0x24, 0x1a, 0x19, 0x20, 0x96,
  0xfe, 0xa0, 0x86, 0x26, 0x1f, 0x1f, 0x2b, 0x0b, 0x0c, 0x28, 0x28, 0x8b,
  0x5e, 0x5d, 0x6a, 0x00, 0x00, 0x03, 0x00, 0x00, 0xff, 0xc0, 0x04, 0x00,
  0x03, 0xc0, 0x00, 0x27, 0x00, 0x3b, 0x00, 0x50, 0x00, 0x00, 0x25, 0x22,
  0x26, 0x2f, 0x01, 0x07, 0x0e, 0x01, 0x23, 0x22, 0x26, 0x27, 0x2e, 0x01,
  0x35, 0x34, 0x36, 0x37, 0x3e, 0x01, 0x33, 0x32, 0x16, 0x1f, 0x01, 0x37,
  0x3e, 0x01, 0x33, 0x32, 0x16, 0x17, 0x1e, 0x01, 0x15, 0x14, 0x06, 0x07,
  0x0e, 0x01, 0x27, 0x1e, 0x01, 0x33, 0x32, 0x36, 0x37, 0x3e, 0x01, 0x35,
  0x34, 0x26, 0x27, 0x2e, 0x01, 0x23, 0x22, 0x06, 0x0f, 0x01, 0x25, 0x22,
  0x06, 0x07, 0x0e, 0x01, 0x15, 0x14, 0x16, 0x17, 0x1e, 0x01, 0x33, 0x32,
  0x36, 0x3f, 0x01, 0x27, 0x2e, 0x01, 0x23, 0x03, 0x10, 0x30, 0x58, 0x22,
  0x66, 0x66, 0x22, 0x58, 0x30, 0x30, 0x58, 0x22, 0x22, 0x24, 0x24, 0x22,
  0x22, 0x58, 0x30, 0x30, 0x58, 0x22, 0x66, 0x66, 0x22, 0x58, 0x30, 0x30,
  0x58, 0x22, 0x22, 0x24, 0x24, 0x22, 0x22, 0x58, 0x96, 0x14, 0x35, 0x1d,
  0x1d, 0x35, 0x14, 0x15, 0x16, 0x16, 0x15, 0x14, 0x35, 0x1d, 0x1d, 0x35,
  0x14, 0x67, 0xfe, 0xad, 0x1d, 0x35, 0x14, 0x15, 0x16, 0x16, 0x15, 0x14,
  0x35, 0x1d, 0x1d, 0x35, 0x14, 0x67, 0x67, 0x14, 0x35, 0x1d, 0xd0, 0x24,
  0x22, 0x67, 0x67, 0x22, 0x24, 0x24, 0x22, 0x22, 0x58, 0x30, 0x30, 0x58,
  0x22, 0x22, 0x24, 0x24, 0x22, 0x67, 0x67, 0x22, 0x24, 0x24, 0x22, 0x22,
  0x58, 0x30, 0x30, 0x58, 0x22, 0x22, 0x24, 0x8a, 0x15, 0x16, 0x16, 0x15,
  0x14, 0x35, 0x1d, 0x1d, 0x35, 0x14, 0x15, 0x16, 0x16, 0x15, 0x66, 0x91,
  0x16, 0x15, 0x14, 0x35, 0x1d, 0x1d, 0x35, 0x14, 0x15, 0x16, 0x16, 0x15,
  0x66, 0x66, 0x15, 0x16, 0x00, 0x01, 0x00, 0x00, 0xff, 0xc0, 0x03, 0xe0,
  0x03, 0xc0, 0x00, 0x25, 0x00, 0x00, 0x01, 0x23, 0x27, 0x37, 0x33, 0x15,
  0x37, 0x27, 0x15, 0x23, 0x22, 0x06, 0x0f, 0x01, 0x27, 0x2e, 0x01, 0x2b,
  0x01, 0x15, 0x33, 0x17, 0x07, 0x23, 0x15, 0x33, 0x32, 0x36, 0x3f, 0x01,
  0x17, 0x1e, 0x01, 0x3b, 0x01, 0x15, 0x37, 0x27, 0x03, 0x00, 0x65, 0xa0,
  0xa0, 0x65, 0xe0, 0xe0, 0x80, 0x0d, 0x17, 0x09, 0xb3, 0xb3, 0x09, 0x17,
  0x0d, 0xc0, 0xa5, 0xa0, 0xa0, 0xa5, 0xc0, 0x0d, 0x17, 0x09, 0xb3, 0xb3,
  0x09, 0x17, 0x0d, 0x80, 0xe0, 0xe0, 0x01, 0x00, 0xa0, 0xa0, 0xa0, 0xe0,
  0xe0, 0xa0, 0x0a, 0x09, 0xb2, 0xb2, 0x09, 0x0a, 0x80, 0xa0, 0xa0, 0x80,
  0x0a, 0x09, 0xb2, 0xb2, 0x09, 0x0a, 0xa0, 0xe0, 0xe0, 0x00, 0x00, 0x00,
  0x00, 0x01, 0x00, 0x00, 0xff, 0xc0, 0x04, 0x00, 0x03, 0xc0, 0x00, 0x06,
  0x00, 0x00, 0x37, 0x09, 0x01, 0x37, 0x09, 0x01, 0x21, 0x00, 0x01, 0x00,
  0x02, 0x20, 0xe0, 0xfd, 0xe0, 0x01, 0x00, 0xfd, 0x20, 0xe0, 0x01, 0x00,
  0xfd, 0xe0, 0xe0, 0x02, 0x20, 0x01, 0x00, 0x00, 0x00, 0x01, 0x00, 0x00,
  0xff, 0xc0, 0x03, 0xe0, 0x03, 0xc0, 0x00, 0x06, 0x00, 0x00, 0x09, 0x01,
  0x21, 0x11, 0x21, 0x11, 0x21, 0x02, 0x00, 0xfe, 0x20, 0x01, 0x20, 0x01,
  0x80, 0x01, 0x20, 0x03, 0xa0, 0xfe, 0x20, 0xfe, 0x00, 0x02, 0x00, 0x00,
  0x00, 0x01, 0x00, 0x00, 0xff, 0xc0, 0x04, 0x00, 0x03, 0xc0, 0x00, 0x06,
  0x00, 0x00, 0x09, 0x02, 0x17, 0x09, 0x01, 0x11, 0x01, 0x20, 0x01, 0x00,
  0xfd, 0xe0, 0xe0, 0x02, 0x20, 0x01, 0x00, 0x03, 0xc0, 0xff, 0x00, 0xfd,
  0xe0, 0xe0, 0x02, 0x20, 0xff, 0x00, 0x02, 0xe0, 0x00, 0x01, 0x00, 0x00,
  0xff, 0xc0, 0x03, 0xe0, 0x03, 0xc0, 0x00, 0x06, 0x00, 0x00, 0x09, 0x01,
  0x11, 0x21, 0x11, 0x21, 0x11, 0x03, 0xe0, 0xfe, 0x20, 0xfe, 0x00, 0x02,
  0x00, 0x01, 0xc0, 0x01, 0xe0, 0xfe, 0xe0, 0xfe, 0x80, 0xfe, 0xe0, 0x00,
  0x00, 0x01, 0x00, 0x00, 0xff, 0xc0, 0x04, 0x00, 0x03, 0xc0, 0x00, 0x06,
  0x00, 0x00, 0x09, 0x02, 0x07, 0x09, 0x01, 0x21, 0x04, 0x00, 0xff, 0x00,
  0xfd, 0xe0, 0xe0, 0x02, 0x20, 0xff, 0x00, 0x02, 0xe0, 0x02, 0xa0, 0xff,
  0x00, 0x02, 0x20, 0xe0, 0xfd, 0xe0, 0xff, 0x00, 0x00, 0x01, 0x00, 0x00,
  0xff, 0xc0, 0x03, 0xe0, 0x03, 0xc0, 0x00, 0x06, 0x00, 0x00, 0x05, 0x01,
  0x21, 0x11, 0x21, 0x11, 0x21, 0x02, 0x00, 0x01, 0xe0, 0xfe, 0xe0, 0xfe,
  0x80, 0xfe, 0xe0, 0x20, 0x01, 0xe0, 0x02, 0x00, 0xfe, 0x00, 0x00, 0x00,
  0x00, 0x01, 0x00, 0x00, 0xff, 0xc0, 0x04, 0x00, 0x03, 0xc0, 0x00, 0x06,
  0x00, 0x00, 0x05, 0x09, 0x01, 0x27, 0x09, 0x01, 0x11, 0x02, 0xe0, 0xff,
  0x00, 0x02, 0x20, 0xe0, 0xfd, 0xe0, 0xff, 0x00, 0x40, 0x01, 0x00, 0x02,
  0x20, 0xe0, 0xfd, 0xe0, 0x01, 0x00, 0xfd, 0x20, 0x00, 0x01, 0x00, 0x00,
  0xff, 0xc0, 0x04, 0x00, 0x03, 0xc0, 0x00, 0x06, 0x00, 0x00, 0x13, 0x01,
  0x11, 0x21, 0x11, 0x21, 0x11, 0x20, 0x01, 0xe0, 0x02, 0x00, 0xfe, 0x00,
  0x01, 0xc0, 0xfe, 0x20, 0x01, 0x20, 0x01, 0x80, 0x01, 0x20, 0x00, 0x00,
  0x00, 0x01, 0x00, 0x00, 0xff, 0xc0, 0x03, 0x6d, 0x03, 0xc0, 0x00, 0x21,
  0x00, 0x00, 0x25, 0x01, 0x33, 0x32, 0x36, 0x35, 0x34, 0x26, 0x23, 0x21,
  0x22, 0x06, 0x07, 0x0e, 0x01, 0x15, 0x31, 0x11, 0x14, 0x16, 0x33, 0x32,
  0x36, 0x3d, 0x01, 0x01, 0x1e, 0x01, 0x33, 0x32, 0x36, 0x37, 0x36, 0x34,
  0x03, 0x6d, 0xfd, 0xee, 0xe5, 0x1b, 0x25, 0x25, 0x1b, 0xfe, 0x80, 0x13,
  0x21, 0x07, 0x03, 0x02, 0x25, 0x1b, 0x1b, 0x25, 0x02, 0x13, 0x09, 0x18,
  0x0c, 0x0c, 0x18, 0x09, 0x13, 0xad, 0x02, 0x13, 0x25, 0x1b, 0x1b, 0x25,
  0x16, 0x12, 0x05, 0x0d, 0x06, 0xfe, 0x80, 0x1b, 0x25, 0x25, 0x1b, 0xe5,
  0xfd, 0xee, 0x0a, 0x09, 0x09, 0x0a, 0x12, 0x36, 0x00, 0x01, 0x00, 0x00,
  0xff, 0xc0, 0x03, 0x6d, 0x03, 0xc0, 0x00, 0x1e, 0x00, 0x00, 0x09, 0x01,
  0x26, 0x22, 0x07, 0x01, 0x06, 0x14, 0x17, 0x16, 0x32, 0x3f, 0x01, 0x11,
  0x14, 0x16, 0x33, 0x32, 0x36, 0x35, 0x11, 0x17, 0x1e, 0x01, 0x33, 0x32,
  0x36, 0x37, 0x36, 0x34, 0x27, 0x03, 0x6d, 0xfe, 0xc0, 0x12, 0x36, 0x12,
  0xfe, 0xc0, 0x13, 0x13, 0x12, 0x36, 0x12, 0xd3, 0x25, 0x1b, 0x1b, 0x25,
  0xd3, 0x09, 0x18, 0x0c, 0x0c, 0x18, 0x09, 0x13, 0x13, 0x02, 0x2d, 0x01,
  0x40, 0x13, 0x13, 0xfe, 0xc0, 0x12, 0x36, 0x12, 0x13, 0x13, 0xd2, 0xfd,
  0x9b, 0x1b, 0x25, 0x25, 0x1b, 0x02, 0x65, 0xd2, 0x0a, 0x09, 0x09, 0x0a,
  0x12, 0x36, 0x12, 0x00, 0x00, 0x01, 0x00, 0x00, 0xff, 0xc0, 0x03, 0x80,
  0x03, 0xc0, 0x00, 0x22, 0x00, 0x00, 0x37, 0x01, 0x15, 0x14, 0x16, 0x33,
  0x32, 0x36, 0x35, 0x11, 0x34, 0x26, 0x27, 0x2e, 0x01, 0x23, 0x31, 0x21,
  0x22, 0x06, 0x15, 0x14, 0x16, 0x3b, 0x01, 0x01, 0x0e, 0x01, 0x15, 0x14,
  0x16, 0x17, 0x16, 0x32, 0x37, 0xed, 0x02, 0x13, 0x25, 0x1b, 0x1b, 0x25,
  0x16, 0x12, 0x05, 0x0d, 0x06, 0xfe, 0x80, 0x1b, 0x25, 0x25, 0x1b, 0xe5,
  0xfd, 0xee, 0x0a, 0x09, 0x09, 0x0a, 0x12, 0x36, 0x12, 0x53, 0x02, 0x12,
  0xe5, 0x1b, 0x25, 0x25, 0x1b, 0x01, 0x80, 0x13, 0x21, 0x07, 0x03, 0x02,
  0x25, 0x1b, 0x1b, 0x25, 0xfd, 0xed, 0x09, 0x18, 0x0c, 0x0c, 0x18, 0x09,
  0x13, 0x13, 0x00, 0x00, 0x00, 0x01, 0x00, 0x00, 0xff, 0xc0, 0x03, 0xad,
  0x03, 0xc0, 0x00, 0x1d, 0x00, 0x00, 0x25, 0x01, 0x36, 0x34, 0x27, 0x01,
  0x26, 0x22, 0x07, 0x06, 0x14, 0x1f, 0x01, 0x21, 0x22, 0x06, 0x15, 0x14,
  0x16, 0x33, 0x21, 0x07, 0x0e, 0x01, 0x15, 0x14, 0x16, 0x17, 0x16, 0x32,
  0x02, 0x6d, 0x01, 0x40, 0x13, 0x13, 0xfe, 0xc0, 0x12, 0x36, 0x12, 0x13,
  0x13, 0xd2, 0xfd, 0x9b, 0x1b, 0x25, 0x25, 0x1b, 0x02, 0x65, 0xd2, 0x0a,
  0x09, 0x09, 0x0a, 0x12, 0x36, 0x53, 0x01, 0x40, 0x12, 0x36, 0x12, 0x01,
  0x40, 0x13, 0x13, 0x12, 0x36, 0x12, 0xd3, 0x25, 0x1b, 0x1b, 0x25, 0xd3,
  0x09, 0x18, 0x0c, 0x0c, 0x18, 0x09, 0x13, 0x00, 0x00, 0x01, 0x00, 0x00,
  0xff, 0xc0, 0x03, 0x80, 0x03, 0xc0, 0x00, 0x22, 0x00, 0x00, 0x13, 0x01,
  0x23, 0x22, 0x06, 0x15, 0x14, 0x16, 0x33, 0x21, 0x32, 0x36, 0x37, 0x3e,
  0x01, 0x35, 0x31, 0x11, 0x34, 0x26, 0x23, 0x22, 0x06, 0x1d, 0x01, 0x01,
  0x2e, 0x01, 0x23, 0x22, 0x06, 0x07, 0x06, 0x14, 0x17, 0x93, 0x02, 0x12,
  0xe5, 0x1b, 0x25, 0x25, 0x1b, 0x01, 0x80, 0x13, 0x21, 0x07, 0x03, 0x02,
  0x25, 0x1b, 0x1b, 0x25, 0xfd, 0xed, 0x09, 0x18, 0x0c, 0x0c, 0x18, 0x09,
  0x13, 0x13, 0x02, 0xd3, 0xfd, 0xed, 0x25, 0x1b, 0x1b, 0x25, 0x16, 0x12,
  0x05, 0x0d, 0x06, 0x01, 0x80, 0x1b, 0x25, 0x25, 0x1b, 0xe5, 0x02, 0x12,
  0x0a, 0x09, 0x09, 0x0a, 0x12, 0x36, 0x12, 0x00, 0x00, 0x01, 0x00, 0x00,
  0xff, 0xc0, 0x03, 0x6d, 0x03, 0xc0, 0x00, 0x1d, 0x00, 0x00, 0x09, 0x01,
  0x06, 0x22, 0x27, 0x01, 0x26, 0x34, 0x37, 0x36, 0x32, 0x1f, 0x01, 0x11,
  0x34, 0x36, 0x33, 0x32, 0x16, 0x15, 0x11, 0x37, 0x3e, 0x01, 0x33, 0x32,
  0x16, 0x17, 0x16, 0x14, 0x03, 0x6d, 0xfe, 0xc0, 0x12, 0x36, 0x12, 0xfe,
  0xc0, 0x13, 0x13, 0x12, 0x36, 0x12, 0xd3, 0x25, 0x1b, 0x1b, 0x25, 0xd3,
  0x09, 0x18, 0x0c, 0x0c, 0x18, 0x09, 0x13, 0x01, 0x53, 0xfe, 0xc0, 0x13,
  0x13, 0x01, 0x40, 0x12, 0x36, 0x12, 0x13, 0x13, 0xd2, 0x02, 0x65, 0x1b,
  0x25, 0x25, 0x1b, 0xfd, 0x9b, 0xd2, 0x0a, 0x09, 0x09, 0x0a, 0x12, 0x36,
  0x00, 0x01, 0x00, 0x00, 0xff, 0xc0, 0x03, 0x80, 0x03, 0xc0, 0x00, 0x22,
  0x00, 0x00, 0x09, 0x01, 0x35, 0x34, 0x26, 0x23, 0x22, 0x06, 0x15, 0x11,
  0x14, 0x16, 0x17, 0x1e, 0x01, 0x33, 0x31, 0x21, 0x32, 0x36, 0x35, 0x34,
  0x26, 0x2b, 0x01, 0x01, 0x3e, 0x01, 0x35, 0x34, 0x26, 0x27, 0x26, 0x22,
  0x07, 0x03, 0x13, 0xfd, 0xed, 0x25, 0x1b, 0x1b, 0x25, 0x16, 0x12, 0x05,
  0x0d, 0x06, 0x01, 0x80, 0x1b, 0x25, 0x25, 0x1b, 0xe5, 0x02, 0x12, 0x0a,
  0x09, 0x09, 0x0a, 0x12, 0x36, 0x12, 0x03, 0x2d, 0xfd, 0xee, 0xe5, 0x1b,
  0x25, 0x25, 0x1b, 0xfe, 0x80, 0x13, 0x21, 0x07, 0x03, 0x02, 0x25, 0x1b,
  0x1b, 0x25, 0x02, 0x13, 0x09, 0x18, 0x0c, 0x0c, 0x18, 0x09, 0x13, 0x13,
  0x00, 0x01, 0x00, 0x00, 0xff, 0xc0, 0x03, 0xc0, 0x03, 0xc0, 0x00, 0x1d,
  0x00, 0x00, 0x25, 0x01, 0x26, 0x34, 0x37, 0x01, 0x36, 0x32, 0x17, 0x16,
  0x14, 0x0f, 0x01, 0x21, 0x32, 0x16, 0x15, 0x14, 0x06, 0x23, 0x21, 0x17,
  0x1e, 0x01, 0x15, 0x14, 0x06, 0x07, 0x06, 0x22, 0x01, 0x93, 0xfe, 0xc0,
  0x13, 0x13, 0x01, 0x40, 0x12, 0x36, 0x12, 0x13, 0x13, 0xd2, 0x02, 0x65,
  0x1b, 0x25, 0x25, 0x1b, 0xfd, 0x9b, 0xd2, 0x0a, 0x09, 0x09, 0x0a, 0x12,
  0x36, 0x53, 0x01, 0x40, 0x12, 0x36, 0x12, 0x01, 0x40, 0x13, 0x13, 0x12,
  0x36, 0x12, 0xd3, 0x25, 0x1b, 0x1b, 0x25, 0xd3, 0x09, 0x18, 0x0c, 0x0c,
  0x18, 0x09, 0x13, 0x00, 0x00, 0x03, 0x00, 0x00, 0xff, 0xc0, 0x04, 0x00,
  0x03, 0xc0, 0x00, 0x1b, 0x00, 0x37, 0x00, 0x3d, 0x00, 0x00, 0x13, 0x14,
  0x17, 0x1e, 0x01, 0x17, 0x16, 0x33, 0x32, 0x37, 0x3e, 0x01, 0x37, 0x36,
  0x35, 0x34, 0x27, 0x2e, 0x01, 0x27, 0x26, 0x23, 0x22, 0x07, 0x0e, 0x01,
  0x07, 0x06, 0x05, 0x14, 0x07, 0x0e, 0x01, 0x07, 0x06, 0x23, 0x22, 0x27,
  0x2e, 0x01, 0x27, 0x26, 0x35, 0x34, 0x37, 0x3e, 0x01, 0x37, 0x36, 0x33,
  0x32, 0x17, 0x1e, 0x01, 0x17, 0x16, 0x07, 0x37, 0x09, 0x01, 0x17, 0x37,
  0x00, 0x28, 0x28, 0x8b, 0x5e, 0x5d, 0x6a, 0x6a, 0x5d, 0x5e, 0x8b, 0x28,
  0x28, 0x28, 0x28, 0x8b, 0x5e, 0x5d, 0x6a, 0x6a, 0x5d, 0x5e, 0x8b, 0x28,
  0x28, 0x03, 0xa0, 0x21, 0x20, 0x71, 0x4c, 0x4c, 0x56, 0x56, 0x4c, 0x4c,
  0x71, 0x20, 0x21, 0x21, 0x20, 0x71, 0x4c, 0x4c, 0x56, 0x56, 0x4c, 0x4c,
  0x71, 0x20, 0x21, 0xdd, 0x5a, 0xfe, 0xe3, 0xfe, 0xe3, 0x5a, 0xc3, 0x01,
  0xc0, 0x6a, 0x5d, 0x5e, 0x8b, 0x28, 0x28, 0x28, 0x28, 0x8b, 0x5e, 0x5d,
  0x6a, 0x6a, 0x5d, 0x5e, 0x8b, 0x28, 0x28, 0x28, 0x28, 0x8b, 0x5e, 0x5d,
  0x6a, 0x56, 0x4c, 0x4c, 0x71, 0x20, 0x21, 0x21, 0x20, 0x71, 0x4c, 0x4c,
  0x56, 0x56, 0x4c, 0x4c, 0x71, 0x20, 0x21, 0x21, 0x20, 0x71, 0x4c, 0x4c,
  0xf3, 0x5a, 0x01, 0x1e, 0xfe, 0xe2, 0x5a, 0xc2, 0x00, 0x03, 0x00, 0x00,
  0xff, 0xc0, 0x04, 0x00, 0x03, 0xc0, 0x00, 0x1b, 0x00, 0x37, 0x00, 0x3d,
  0x00, 0x00, 0x01, 0x22, 0x07, 0x0e, 0x01, 0x07, 0x06, 0x15, 0x14, 0x17,
  0x1e, 0x01, 0x17, 0x16, 0x33, 0x32, 0x37, 0x3e, 0x01, 0x37, 0x36, 0x35,
  0x34, 0x27, 0x2e, 0x01, 0x27, 0x26, 0x03, 0x22, 0x27, 0x2e, 0x01, 0x27,
  0x26, 0x35, 0x34, 0x37, 0x3e, 0x01, 0x37, 0x36, 0x33, 0x32, 0x17, 0x1e,
  0x01, 0x17, 0x16, 0x15, 0x14, 0x07, 0x0e, 0x01, 0x07, 0x06, 0x27, 0x17,
  0x09, 0x01, 0x07, 0x17, 0x02, 0x00, 0x6a, 0x5d, 0x5e, 0x8b, 0x28, 0x28,
  0x28, 0x28, 0x8b, 0x5e, 0x5d, 0x6a, 0x6a, 0x5d, 0x5e, 0x8b, 0x28, 0x28,
  0x28, 0x28, 0x8b, 0x5e, 0x5d, 0x6a, 0x56, 0x4c, 0x4c, 0x71, 0x20, 0x21,
  0x21, 0x20, 0x71, 0x4c, 0x4c, 0x56, 0x56, 0x4c, 0x4c, 0x71, 0x20, 0x21,
  0x21, 0x20, 0x71, 0x4c, 0x4c, 0xf3, 0x5a, 0x01, 0x1e, 0xfe, 0xe2, 0x5a,
  0xc2, 0x03, 0xc0, 0x28, 0x28, 0x8b, 0x5e, 0x5d, 0x6a, 0x6a, 0x5d, 0x5e,
  0x8b, 0x28, 0x28, 0x28, 0x28, 0x8b, 0x5e, 0x5d, 0x6a, 0x6a, 0x5d, 0x5e,
  0x8b, 0x28, 0x28, 0xfc, 0x60, 0x21, 0x20, 0x71, 0x4c, 0x4c, 0x56, 0x56,
  0x4c, 0x4c, 0x71, 0x20, 0x21, 0x21, 0x20, 0x71, 0x4c, 0x4c, 0x56, 0x56,
  0x4c, 0x4c, 0x71, 0x20, 0x21, 0xdd, 0x5a, 0x01, 0x1d, 0x01, 0x1d, 0x5a,
  0xc3, 0x00, 0x00, 0x00, 0x00, 0x03, 0x00, 0x00, 0xff, 0xc0, 0x04, 0x00,
  0x03, 0xc0, 0x00, 0x1b, 0x00, 0x37, 0x00, 0x3d, 0x00, 0x00, 0x01, 0x34,
  0x27, 0x2e, 0x01, 0x27, 0x26, 0x23, 0x22, 0x07, 0x0e, 0x01, 0x07, 0x06,
  0x15, 0x14, 0x17, 0x1e, 0x01, 0x17, 0x16, 0x33, 0x32, 0x37, 0x3e, 0x01,
  0x37, 0x36, 0x25, 0x34, 0x37, 0x3e, 0x01, 0x37, 0x36, 0x33, 0x32, 0x17,
  0x1e, 0x01, 0x17, 0x16, 0x15, 0x14, 0x07, 0x0e, 0x01, 0x07, 0x06, 0x23,
  0x22, 0x27, 0x2e, 0x01, 0x27, 0x26, 0x37, 0x07, 0x09, 0x01, 0x27, 0x07,
  0x04, 0x00, 0x28, 0x28, 0x8b, 0x5e, 0x5d, 0x6a, 0x6a, 0x5d, 0x5e, 0x8b,
  0x28, 0x28, 0x28, 0x28, 0x8b, 0x5e, 0x5d, 0x6a, 0x6a, 0x5d, 0x5e, 0x8b,
  0x28, 0x28, 0xfc, 0x60, 0x21, 0x20, 0x71, 0x4c, 0x4c, 0x56, 0x56, 0x4c,
  0x4c, 0x71, 0x20, 0x21, 0x21, 0x20, 0x71, 0x4c, 0x4c, 0x56, 0x56, 0x4c,
  0x4c, 0x71, 0x20, 0x21, 0xdd, 0x5a, 0x01, 0x1d, 0x01, 0x1d, 0x5a, 0xc3,
  0x01, 0xc0, 0x6a, 0x5d, 0x5e, 0x8b, 0x28, 0x28, 0x28, 0x28, 0x8b, 0x5e,
  0x5d, 0x6a, 0x6a, 0x5d, 0x5e, 0x8b, 0x28, 0x28, 0x28, 0x28, 0x8b, 0x5e,
  0x5d, 0x6a, 0x56, 0x4c, 0x4c, 0x71, 0x20, 0x21, 0x21, 0x20, 0x71, 0x4c,
  0x4c, 0x56, 0x56, 0x4c, 0x4c, 0x71, 0x20, 0x21, 0x21, 0x20, 0x71, 0x4c,
  0x4c, 0xf3, 0x5a, 0xfe, 0xe2, 0x01, 0x1e, 0x5a, 0xc2, 0x00, 0x00, 0x00,
  0x00, 0x03, 0x00, 0x00, 0xff, 0xc0, 0x04, 0x00, 0x03, 0xc0, 0x00, 0x1b,
  0x00, 0x37, 0x00, 0x3d, 0x00, 0x00, 0x05, 0x32, 0x37, 0x3e, 0x01, 0x37,
  0x36, 0x35, 0x34, 0x27, 0x2e, 0x01, 0x27, 0x26, 0x23, 0x22, 0x07, 0x0e,
  0x01, 0x07, 0x06, 0x15, 0x14, 0x17, 0x1e, 0x01, 0x17, 0x16, 0x13, 0x32,
  0x17, 0x1e, 0x01, 0x17, 0x16, 0x15, 0x14, 0x07, 0x0e, 0x01, 0x07, 0x06,
  0x23, 0x22, 0x27, 0x2e, 0x01, 0x27, 0x26, 0x35, 0x34, 0x37, 0x3e, 0x01,
  0x37, 0x36, 0x17, 0x27, 0x09, 0x01, 0x37, 0x27, 0x02, 0x00, 0x6a, 0x5d,
  0x5e, 0x8b, 0x28, 0x28, 0x28, 0x28, 0x8b, 0x5e, 0x5d, 0x6a, 0x6a, 0x5d,
  0x5e, 0x8b, 0x28, 0x28, 0x28, 0x28, 0x8b, 0x5e, 0x5d, 0x6a, 0x56, 0x4c,
  0x4c, 0x71, 0x20, 0x21, 0x21, 0x20, 0x71, 0x4c, 0x4c, 0x56, 0x56, 0x4c,
  0x4c, 0x71, 0x20, 0x21, 0x21, 0x20, 0x71, 0x4c, 0x4c, 0xf3, 0x5a, 0xfe,
  0xe2, 0x01, 0x1e, 0x5a, 0xc2, 0x40, 0x28, 0x28, 0x8b, 0x5e, 0x5d, 0x6a,
  0x6a, 0x5d, 0x5e, 0x8b, 0x28, 0x28, 0x28, 0x28, 0x8b, 0x5e, 0x5d, 0x6a,
  0x6a, 0x5d, 0x5e, 0x8b, 0x28, 0x28, 0x03, 0xa0, 0x21, 0x20, 0x71, 0x4c,
  0x4c, 0x56, 0x56, 0x4c, 0x4c, 0x71, 0x20, 0x21, 0x21, 0x20, 0x71, 0x4c,
  0x4c, 0x56, 0x56, 0x4c, 0x4c, 0x71, 0x20, 0x21, 0xdd, 0x5a, 0xfe, 0xe3,
  0xfe, 0xe3, 0x5a, 0xc3, 0x00, 0x04, 0x00, 0x00, 0xff, 0xc0, 0x04, 0x00,
  0x03, 0xc0, 0x00, 0x03, 0x00, 0x07, 0x00, 0x0e, 0x00, 0x15, 0x00, 0x00,
  0x01, 0x33, 0x11, 0x23, 0x21, 0x33, 0x11, 0x23, 0x01, 0x21, 0x15, 0x21,
  0x15, 0x27, 0x37, 0x25, 0x21, 0x35, 0x21, 0x35, 0x17, 0x07, 0x03, 0xc0,
  0x40, 0x40, 0xfc, 0x40, 0x40, 0x40, 0x01, 0x40, 0x02, 0xc0, 0xfd, 0x40,
  0xe0, 0xe0, 0x01, 0x80, 0xfd, 0x40, 0x02, 0xc0, 0xe0, 0xe0, 0x03, 0xc0,
  0xfe, 0x00, 0xfe, 0x00, 0x01, 0x40, 0x80, 0xa0, 0xe0, 0xe0, 0xe0, 0x80,
  0xa0, 0xe0, 0xe0, 0x00, 0x00, 0x0b, 0x00, 0x00, 0xff, 0xc0, 0x03, 0xa0,
  0x03, 0xc0, 0x00, 0x06, 0x00, 0x0a, 0x00, 0x0e, 0x00, 0x12, 0x00, 0x16,
  0x00, 0x1a, 0x00, 0x1e, 0x00, 0x22, 0x00, 0x26, 0x00, 0x2a, 0x00, 0x2e,
  0x00, 0x00, 0x01, 0x11, 0x33, 0x11, 0x33, 0x27, 0x07, 0x01, 0x33, 0x15,
  0x23, 0x37, 0x33, 0x15, 0x23, 0x37, 0x33, 0x15, 0x23, 0x05, 0x33, 0x15,
  0x23, 0x37, 0x33, 0x15, 0x23, 0x37, 0x33, 0x15, 0x23, 0x27, 0x33, 0x15,
  0x23, 0x25, 0x33, 0x15, 0x23, 0x11, 0x15, 0x23, 0x35, 0x25, 0x21, 0x11,
  0x21, 0x02, 0xc0, 0x40, 0xa0, 0xc0, 0xc0, 0xfe, 0x20, 0x60, 0x60, 0x80,
  0x60, 0x60, 0x80, 0x40, 0x40, 0xff, 0x00, 0x40, 0x40, 0x60, 0x60, 0x60,
  0x80, 0x60, 0x60, 0xe0, 0x40, 0x40, 0x01, 0x00, 0x40, 0x40, 0xc0, 0x01,
  0x00, 0xfe, 0xc0, 0x01, 0x40, 0x01, 0xc0, 0xfe, 0x80, 0x01, 0x80, 0xc0,
  0xc0, 0x01, 0x40, 0x40, 0x40, 0x40, 0x40, 0x60, 0x80, 0x60, 0x40, 0x40,
  0x40, 0x40, 0xe0, 0x60, 0x40, 0x60, 0xfe, 0xe0, 0xc0, 0xc0, 0x40, 0xfe,
  0xc0, 0x00, 0x00, 0x00, 0x00, 0x0b, 0x00, 0x00, 0xff, 0xc0, 0x03, 0xa0,
  0x03, 0xc0, 0x00, 0x06, 0x00, 0x0a, 0x00, 0x0e, 0x00, 0x12, 0x00, 0x16,
  0x00, 0x1a, 0x00, 0x1e, 0x00, 0x22, 0x00, 0x26, 0x00, 0x2a, 0x00, 0x2e,
  0x00, 0x00, 0x01, 0x11, 0x23, 0x11, 0x23, 0x17, 0x37, 0x01, 0x15, 0x23,
  0x35, 0x25, 0x21, 0x11, 0x21, 0x05, 0x33, 0x15, 0x23, 0x37, 0x33, 0x15,
  0x23, 0x37, 0x33, 0x15, 0x23, 0x05, 0x33, 0x15, 0x23, 0x37, 0x33, 0x15,
  0x23, 0x37, 0x33, 0x15, 0x23, 0x27, 0x33, 0x15, 0x23, 0x25, 0x33, 0x15,
  0x23, 0x03, 0x00, 0x40, 0xa0, 0xc0, 0xc0, 0xfd, 0xa0, 0xc0, 0x01, 0x00,
  0xfe, 0xc0, 0x01, 0x40, 0xfe, 0xc0, 0x60, 0x60, 0x80, 0x60, 0x60, 0x80,
  0x40, 0x40, 0xff, 0x00, 0x40, 0x40, 0x60, 0x60, 0x60, 0x80, 0x60, 0x60,
  0xe0, 0x40, 0x40, 0x01, 0x00, 0x40, 0x40, 0x01, 0x00, 0x01, 0x80, 0xfe,
  0x80, 0xc0, 0xc0, 0x01, 0xc0, 0xc0, 0xc0, 0x40, 0xfe, 0xc0, 0x80, 0x40,
  0x40, 0x40, 0x40, 0x60, 0x80, 0x60, 0x40, 0x40, 0x40, 0x40, 0xe0, 0x60,
  0x40, 0x60, 0x00, 0x00, 0x00, 0x04, 0x00, 0x00, 0xff, 0xc0, 0x03, 0xfd,
  0x03, 0xc0, 0x00, 0x06, 0x00, 0x25, 0x00, 0x40, 0x00, 0x44, 0x00, 0x00,
  0x25, 0x11, 0x23, 0x11, 0x23, 0x17, 0x37, 0x01, 0x21, 0x22, 0x26, 0x27,
  0x26, 0x34, 0x37, 0x13, 0x23, 0x22, 0x26, 0x35, 0x34, 0x36, 0x33, 0x21,
  0x32, 0x16, 0x17, 0x16, 0x14, 0x07, 0x03, 0x33, 0x32, 0x16, 0x15, 0x14,
  0x06, 0x23, 0x13, 0x03, 0x2e, 0x01, 0x23, 0x22, 0x06, 0x07, 0x03, 0x06,
  0x16, 0x17, 0x1e, 0x01, 0x33, 0x32, 0x36, 0x3f, 0x01, 0x33, 0x17, 0x1e,
  0x01, 0x37, 0x3e, 0x01, 0x27, 0x25, 0x37, 0x17, 0x23, 0x01, 0x40, 0x80,
  0xa0, 0xe0, 0xe0, 0x01, 0xc0, 0xff, 0x00, 0x09, 0x0f, 0x04, 0x04, 0x05,
  0xdf, 0xc4, 0x0d, 0x13, 0x13, 0x0d, 0x01, 0x00, 0x09, 0x0f, 0x04, 0x04,
  0x05, 0xdf, 0xc4, 0x0d, 0x13, 0x13, 0x0d, 0x5d, 0xc0, 0x04, 0x10, 0x09,
  0x09, 0x10, 0x04, 0xc0, 0x06, 0x09, 0x0c, 0x03, 0x07, 0x04, 0x09, 0x0f,
  0x05, 0x37, 0xd8, 0x37, 0x06, 0x19, 0x0c, 0x0c, 0x09, 0x06, 0xfe, 0xd7,
  0x4c, 0x4c, 0x98, 0xc0, 0x03, 0x00, 0xfd, 0x00, 0xe0, 0xe0, 0xff, 0x00,
  0x09, 0x08, 0x08, 0x11, 0x08, 0x01, 0x4e, 0x13, 0x0d, 0x0d, 0x13, 0x09,
  0x08, 0x08, 0x11, 0x08, 0xfe, 0xb2, 0x13, 0x0d, 0x0d, 0x13, 0x02, 0x6e,
  0x01, 0x80, 0x08, 0x0a, 0x0a, 0x08, 0xfe, 0x80, 0x0c, 0x19, 0x06, 0x01,
  0x02, 0x09, 0x09, 0x6e, 0x6e, 0x0c, 0x09, 0x06, 0x06, 0x19, 0x0c, 0x92,
  0x98, 0x98, 0x00, 0x00, 0x00, 0x04, 0x00, 0x00, 0xff, 0xc0, 0x03, 0xfd,
  0x03, 0xc0, 0x00, 0x06, 0x00, 0x25, 0x00, 0x40, 0x00, 0x43, 0x00, 0x00,
  0x25, 0x11, 0x23, 0x11, 0x23, 0x17, 0x37, 0x01, 0x21, 0x22, 0x26, 0x27,
  0x26, 0x34, 0x37, 0x13, 0x23, 0x22, 0x26, 0x35, 0x34, 0x36, 0x33, 0x21,
  0x32, 0x16, 0x17, 0x16, 0x14, 0x07, 0x03, 0x33, 0x32, 0x16, 0x15, 0x14,
  0x06, 0x23, 0x13, 0x03, 0x2e, 0x01, 0x23, 0x22, 0x06, 0x07, 0x03, 0x06,
  0x16, 0x17, 0x1e, 0x01, 0x33, 0x32, 0x36, 0x3f, 0x01, 0x33, 0x17, 0x1e,
  0x01, 0x37, 0x3e, 0x01, 0x27, 0x25, 0x37, 0x17, 0x01, 0x40, 0x80, 0xa0,
  0xe0, 0xe0, 0x01, 0xc0, 0xff, 0x00, 0x09, 0x0f, 0x04, 0x04, 0x05, 0xdf,
  0xc4, 0x0d, 0x13, 0x13, 0x0d, 0x01, 0x00, 0x09, 0x0f, 0x04, 0x04, 0x05,
  0xdf, 0xc4, 0x0d, 0x13, 0x13, 0x0d, 0x5d, 0xc0, 0x04, 0x10, 0x09, 0x09,
  0x10, 0x04, 0xc0, 0x06, 0x09, 0x0c, 0x03, 0x07, 0x04, 0x09, 0x0f, 0x05,
  0x37, 0xd8, 0x37, 0x06, 0x19, 0x0c, 0x0c, 0x09, 0x06, 0xfe, 0xd7, 0x4c,
  0x4c, 0xc0, 0x03, 0x00, 0xfd, 0x00, 0xe0, 0xe0, 0x01, 0x40, 0x09, 0x08,
  0x08, 0x11, 0x08, 0x01, 0x4e, 0x13, 0x0d, 0x0d, 0x13, 0x09, 0x08, 0x08,
  0x11, 0x08, 0xfe, 0xb2, 0x13, 0x0d, 0x0d, 0x13, 0xfd, 0xee, 0x01, 0x80,
  0x08, 0x0a, 0x0a, 0x08, 0xfe, 0x80, 0x0c, 0x19, 0x06, 0x01, 0x02, 0x09,
  0x09, 0x6e, 0x6e, 0x0c, 0x09, 0x06, 0x06, 0x19, 0x0c, 0x92, 0x98, 0x98,
  0x00, 0x04, 0x00, 0x00, 0xff, 0xc0, 0x03, 0xc0, 0x03, 0xc0, 0x00, 0x06,
  0x00, 0x19, 0x00, 0x32, 0x00, 0x36, 0x00, 0x00, 0x25, 0x11, 0x23, 0x11,
  0x23, 0x17, 0x37, 0x01, 0x22, 0x26, 0x35, 0x11, 0x23, 0x22, 0x26, 0x35,
  0x34, 0x36, 0x3b, 0x01, 0x32, 0x16, 0x15, 0x11, 0x14, 0x06, 0x17, 0x23,
  0x22, 0x06, 0x1d, 0x01, 0x14, 0x16, 0x3b, 0x01, 0x15, 0x23, 0x22, 0x06,
  0x15, 0x14, 0x16, 0x3b, 0x01, 0x32, 0x36, 0x35, 0x11, 0x34, 0x26, 0x07,
  0x33, 0x15, 0x23, 0x01, 0x40, 0x80, 0xa0, 0xe0, 0xe0, 0x01, 0x80, 0x0d,
  0x13, 0x20, 0x0d, 0x13, 0x13, 0x0d, 0x40, 0x0d, 0x13, 0x13, 0x33, 0xc0,
  0x0d, 0x13, 0x13, 0x0d, 0xa0, 0xa0, 0x0d, 0x13, 0x13, 0x0d, 0xc0, 0x0d,
  0x13, 0x13, 0xad, 0x80, 0x80, 0xc0, 0x03, 0x00, 0xfd, 0x00, 0xe0, 0xe0,
  0x01, 0x40, 0x13, 0x0d, 0x01, 0x60, 0x13, 0x0d, 0x0d, 0x13, 0x13, 0x0d,
  0xfe, 0x80, 0x0d, 0x13, 0x80, 0x13, 0x0d, 0xc0, 0x0d, 0x13, 0x80, 0x13,
  0x0d, 0x0d, 0x13, 0x13, 0x0d, 0x01, 0x80, 0x0d, 0x13, 0x40, 0x80, 0x00,
  0x00, 0x04, 0x00, 0x00, 0xff, 0xc0, 0x03, 0xc0, 0x03, 0xc0, 0x00, 0x06,
  0x00, 0x19, 0x00, 0x32, 0x00, 0x36, 0x00, 0x00, 0x25, 0x11, 0x23, 0x11,
  0x23, 0x17, 0x37, 0x01, 0x22, 0x26, 0x35, 0x11, 0x23, 0x22, 0x26, 0x35,
  0x34, 0x36, 0x3b, 0x01, 0x32, 0x16, 0x15, 0x11, 0x14, 0x06, 0x13, 0x23,
  0x22, 0x06, 0x1d, 0x01, 0x14, 0x16, 0x3b, 0x01, 0x15, 0x23, 0x22, 0x06,
  0x15, 0x14, 0x16, 0x3b, 0x01, 0x32, 0x36, 0x35, 0x11, 0x34, 0x26, 0x07,
  0x33, 0x15, 0x23, 0x01, 0x40, 0x80, 0xa0, 0xe0, 0xe0, 0x01, 0x80, 0x0d,
  0x13, 0x20, 0x0d, 0x13, 0x13, 0x0d, 0x40, 0x0d, 0x13, 0x13, 0x33, 0xc0,
  0x0d, 0x13, 0x13, 0x0d, 0xa0, 0xa0, 0x0d, 0x13, 0x13, 0x0d, 0xc0, 0x0d,
  0x13, 0x13, 0xad, 0x80, 0x80, 0xc0, 0x03, 0x00, 0xfd, 0x00, 0xe0, 0xe0,
  0xff, 0x00, 0x13, 0x0d, 0x01, 0x60, 0x13, 0x0d, 0x0d, 0x13, 0x13, 0x0d,
  0xfe, 0x80, 0x0d, 0x13, 0x04, 0x00, 0x13, 0x0d, 0xc0, 0x0d, 0x13, 0x80,
  0x13, 0x0d, 0x0d, 0x13, 0x13, 0x0d, 0x01, 0x80, 0x0d, 0x13, 0x40, 0x80,
  0x00, 0x05, 0x00, 0x00, 0xff, 0xc0, 0x04, 0x00, 0x03, 0xc0, 0x00, 0x06,
  0x00, 0x0a, 0x00, 0x0e, 0x00, 0x12, 0x00, 0x16, 0x00, 0x00, 0x25, 0x11,
  0x23, 0x11, 0x23, 0x17, 0x37, 0x27, 0x21, 0x15, 0x21, 0x11, 0x21, 0x15,
  0x21, 0x11, 0x21, 0x15, 0x21, 0x11, 0x33, 0x15, 0x23, 0x01, 0x40, 0x80,
  0xa0, 0xe0, 0xe0, 0x20, 0x02, 0x40, 0xfd, 0xc0, 0x01, 0xc0, 0xfe, 0x40,
  0x01, 0x40, 0xfe, 0xc0, 0xc0, 0xc0, 0xc0, 0x03, 0x00, 0xfd, 0x00, 0xe0,
  0xe0, 0xc0, 0x80, 0x01, 0x40, 0x80, 0x01, 0x40, 0x80, 0x01, 0x40, 0x80,
  0x00, 0x05, 0x00, 0x00, 0xff, 0xc0, 0x04, 0x00, 0x03, 0xc0, 0x00, 0x06,
  0x00, 0x0a, 0x00, 0x0e, 0x00, 0x12, 0x00, 0x16, 0x00, 0x00, 0x25, 0x11,
  0x23, 0x11, 0x23, 0x17, 0x37, 0x03, 0x21, 0x15, 0x21, 0x15, 0x21, 0x15,
  0x21, 0x15, 0x21, 0x15, 0x21, 0x15, 0x33, 0x15, 0x23, 0x01, 0x40, 0x80,
  0xa0, 0xe0, 0xe0, 0x20, 0x02, 0x40, 0xfd, 0xc0, 0x01, 0xc0, 0xfe, 0x40,
  0x01, 0x40, 0xfe, 0xc0, 0xc0, 0xc0, 0xc0, 0x03, 0x00, 0xfd, 0x00, 0xe0,
  0xe0, 0x03, 0x00, 0x80, 0x40, 0x80, 0x40, 0x80, 0x40, 0x80, 0x00, 0x00,
  0x00, 0x06, 0x00, 0x00, 0xff, 0xc0, 0x03, 0x80, 0x03, 0xc0, 0x00, 0x2f,
  0x00, 0x3a, 0x00, 0x45, 0x00, 0x49, 0x00, 0x54, 0x00, 0x5f, 0x00, 0x00,
  0x25, 0x22, 0x26, 0x3d, 0x01, 0x23, 0x15, 0x14, 0x06, 0x23, 0x22, 0x26,
  0x35, 0x34, 0x36, 0x3b, 0x01, 0x35, 0x23, 0x22, 0x26, 0x35, 0x34, 0x36,
  0x33, 0x32, 0x16, 0x1d, 0x01, 0x33, 0x35, 0x34, 0x36, 0x33, 0x32, 0x16,
  0x15, 0x14, 0x06, 0x2b, 0x01, 0x15, 0x33, 0x32, 0x16, 0x15, 0x14, 0x06,
  0x03, 0x15, 0x14, 0x16, 0x33, 0x32, 0x36, 0x35, 0x34, 0x26, 0x23, 0x21,
  0x22, 0x06, 0x15, 0x14, 0x16, 0x33, 0x32, 0x36, 0x3d, 0x01, 0x37, 0x33,
  0x35, 0x23, 0x37, 0x33, 0x32, 0x36, 0x35, 0x34, 0x26, 0x23, 0x22, 0x06,
  0x15, 0x25, 0x22, 0x06, 0x15, 0x14, 0x16, 0x3b, 0x01, 0x35, 0x34, 0x26,
  0x02, 0xe0, 0x42, 0x5e, 0x80, 0x5e, 0x42, 0x42, 0x5e, 0x5e, 0x42, 0x60,
  0x60, 0x42, 0x5e, 0x5e, 0x42, 0x42, 0x5e, 0x80, 0x5e, 0x42, 0x42, 0x5e,
  0x5e, 0x42, 0x60, 0x60, 0x42, 0x5e, 0x5e, 0xa2, 0x38, 0x28, 0x28, 0x38,
  0x38, 0x28, 0xfe, 0x40, 0x28, 0x38, 0x38, 0x28, 0x28, 0x38, 0x40, 0x80,
  0x80, 0xc0, 0x60, 0x28, 0x38, 0x38, 0x28, 0x28, 0x38, 0xfe, 0xa0, 0x28,
  0x38, 0x38, 0x28, 0x60, 0x38, 0x40, 0x5e, 0x42, 0x60, 0x60, 0x42, 0x5e,
  0x5e, 0x42, 0x42, 0x5e, 0x80, 0x5e, 0x42, 0x42, 0x5e, 0x5e, 0x42, 0x60,
  0x60, 0x42, 0x5e, 0x5e, 0x42, 0x42, 0x5e, 0x80, 0x5e, 0x42, 0x42, 0x5e,
  0x01, 0x00, 0x60, 0x28, 0x38, 0x38, 0x28, 0x28, 0x38, 0x38, 0x28, 0x28,
  0x38, 0x38, 0x28, 0x60, 0x40, 0x80, 0x40, 0x38, 0x28, 0x28, 0x38, 0x38,
  0x28, 0x60, 0x38, 0x28, 0x28, 0x38, 0x60, 0x28, 0x38, 0x00, 0x00, 0x00,
  0x00, 0x02, 0x00, 0x00, 0xff, 0xc0, 0x03, 0x5e, 0x03, 0xc0, 0x00, 0x1b,
  0x00, 0x28, 0x00, 0x00, 0x25, 0x21, 0x22, 0x26, 0x35, 0x11, 0x23, 0x22,
  0x26, 0x27, 0x26, 0x36, 0x37, 0x01, 0x36, 0x32, 0x17, 0x01, 0x1e, 0x01,
  0x07, 0x0e, 0x01, 0x2b, 0x01, 0x11, 0x14, 0x06, 0x25, 0x21, 0x11, 0x34,
  0x36, 0x3b, 0x01, 0x27, 0x07, 0x33, 0x32, 0x16, 0x15, 0x02, 0xa0, 0xfe,
  0xc0, 0x0d, 0x13, 0x80, 0x0a, 0x10, 0x04, 0x03, 0x04, 0x06, 0x01, 0x40,
  0x0a, 0x1a, 0x0a, 0x01, 0x40, 0x06, 0x04, 0x03, 0x04, 0x10, 0x0a, 0x80,
  0x13, 0xfe, 0xd3, 0x01, 0x00, 0x13, 0x0d, 0x53, 0xf3, 0xf3, 0x53, 0x0d,
  0x13, 0x40, 0x13, 0x0d, 0x01, 0x60, 0x0b, 0x09, 0x09, 0x13, 0x07, 0x01,
  0x40, 0x09, 0x09, 0xfe, 0xc0, 0x07, 0x13, 0x09, 0x09, 0x0b, 0xfe, 0xa0,
  0x0d, 0x13, 0x40, 0x01, 0x60, 0x0d, 0x13, 0xf3, 0xf3, 0x13, 0x0d, 0x00,
  0x00, 0x01, 0x00, 0x00, 0xff, 0xc0, 0x02, 0xf8, 0x03, 0xc0, 0x00, 0x18,
  0x00, 0x00, 0x01, 0x22, 0x26, 0x2f, 0x01, 0x07, 0x0e, 0x01, 0x27, 0x2e,
  0x01, 0x37, 0x13, 0x3e, 0x01, 0x33, 0x32, 0x16, 0x17, 0x13, 0x16, 0x06,
  0x07, 0x0e, 0x01, 0x02, 0xe0, 0x07, 0x0c, 0x05, 0xc8, 0xc8, 0x09, 0x1a,
  0x0a, 0x0a, 0x02, 0x09, 0xe0, 0x04, 0x0d, 0x07, 0x07, 0x0d, 0x04, 0xe0,
  0x09, 0x02, 0x0a, 0x04, 0x0b, 0x02, 0x00, 0x06, 0x05, 0xe4, 0xe4, 0x0a,
  0x02, 0x09, 0x09, 0x1a, 0x0a, 0x01, 0x00, 0x05, 0x06, 0x06, 0x05, 0xff,
  0x00, 0x0a, 0x1a, 0x09, 0x04, 0x04, 0x00, 0x00, 0x00, 0x02, 0x00, 0x00,
  0xff, 0xc0, 0x03, 0xc0, 0x03, 0xc0, 0x00, 0x18, 0x00, 0x26, 0x00, 0x00,
  0x25, 0x21, 0x22, 0x26, 0x27, 0x03, 0x21, 0x22, 0x26, 0x35, 0x34, 0x36,
  0x33, 0x21, 0x32, 0x16, 0x17, 0x13, 0x33, 0x32, 0x16, 0x15, 0x14, 0x06,
  0x23, 0x11, 0x21, 0x22, 0x26, 0x35, 0x34, 0x36, 0x33, 0x21, 0x32, 0x16,
  0x15, 0x14, 0x06, 0x03, 0xa0, 0xff, 0x00, 0x09, 0x10, 0x04, 0xf8, 0xfe,
  0xd5, 0x0d, 0x13, 0x13, 0x0d, 0x01, 0x40, 0x09, 0x10, 0x04, 0xf8, 0xeb,
  0x0d, 0x13, 0x13, 0x0d, 0xfe, 0xc0, 0x0d, 0x13, 0x13, 0x0d, 0x01, 0x40,
  0x0d, 0x13, 0x13, 0x80, 0x0a, 0x09, 0x02, 0x2d, 0x13, 0x0d, 0x0d, 0x13,
  0x0a, 0x09, 0xfd, 0xd3, 0x13, 0x0d, 0x0d, 0x13, 0x02, 0x40, 0x13, 0x0d,
  0x0d, 0x13, 0x13, 0x0d, 0x0d, 0x13, 0x00, 0x00, 0x00, 0x02, 0x00, 0x00,
  0xff, 0xc0, 0x04, 0x00, 0x03, 0xc0, 0x00, 0x0f, 0x00, 0x15, 0x00, 0x00,
  0x01, 0x21, 0x22, 0x06, 0x15, 0x11, 0x14, 0x16, 0x33, 0x21, 0x32, 0x36,
  0x35, 0x11, 0x34, 0x26, 0x01, 0x27, 0x37, 0x17, 0x01, 0x17, 0x03, 0x80,
  0xfd, 0x00, 0x35, 0x4b, 0x4b, 0x35, 0x03, 0x00, 0x35, 0x4b, 0x4b, 0xfe,
  0x0b, 0xed, 0x5a, 0x93, 0x01, 0x33, 0x5a, 0x03, 0xc0, 0x4b, 0x35, 0xfd,
  0x00, 0x35, 0x4b, 0x4b, 0x35, 0x03, 0x00, 0x35, 0x4b, 0xfc, 0xe5, 0xee,
  0x5a, 0x92, 0x01, 0x32, 0x5a, 0x00, 0x00, 0x00, 0x00, 0x02, 0x00, 0x00,
  0xff, 0xc0, 0x04, 0x00, 0x03, 0xc0, 0x00, 0x0f, 0x00, 0x13, 0x00, 0x00,
  0x01, 0x21, 0x22, 0x06, 0x15, 0x11, 0x14, 0x16, 0x33, 0x21, 0x32, 0x36,
  0x35, 0x11, 0x34, 0x26, 0x03, 0x21, 0x11, 0x21, 0x03, 0x80, 0xfd, 0x00,
  0x35, 0x4b, 0x4b, 0x35, 0x03, 0x00, 0x35, 0x4b, 0x4b, 0x35, 0xfd, 0x00,
  0x03, 0x00, 0x03, 0xc0, 0x4b, 0x35, 0xfd, 0x00, 0x35, 0x4b, 0x4b, 0x35,
  0x03, 0x00, 0x35, 0x4b, 0xfc, 0x80, 0x03, 0x00, 0x00, 0x03, 0x00, 0x00,
  0xff, 0xc0, 0x04, 0x00, 0x03, 0xc0, 0x00, 0x1b, 0x00, 0x37, 0x00, 0x43,
  0x00, 0x00, 0x01, 0x22, 0x07, 0x0e, 0x01, 0x07, 0x06, 0x15, 0x14, 0x17,
  0x1e, 0x01, 0x17, 0x16, 0x33, 0x32, 0x37, 0x3e, 0x01, 0x37, 0x36, 0x35,
  0x34, 0x27, 0x2e, 0x01, 0x27, 0x26, 0x03, 0x22, 0x27, 0x2e, 0x01, 0x27,
  0x26, 0x35, 0x34, 0x37, 0x3e, 0x01, 0x37, 0x36, 0x33, 0x32, 0x17, 0x1e,
  0x01, 0x17, 0x16, 0x15, 0x14, 0x07, 0x0e, 0x01, 0x07, 0x06, 0x01, 0x34,
  0x36, 0x33, 0x32, 0x16, 0x15, 0x14, 0x06, 0x23, 0x22, 0x26, 0x02, 0x00,
  0x6a, 0x5d, 0x5e, 0x8b, 0x28, 0x28, 0x28, 0x28, 0x8b, 0x5e, 0x5d, 0x6a,
  0x6a, 0x5d, 0x5e, 0x8b, 0x28, 0x28, 0x28, 0x28, 0x8b, 0x5e, 0x5d, 0x6a,
  0x50, 0x45, 0x46, 0x69, 0x1e, 0x1e, 0x1e, 0x1e, 0x69, 0x46, 0x45, 0x50,
  0x50, 0x45, 0x46, 0x69, 0x1e, 0x1e, 0x1e, 0x1e, 0x69, 0x46, 0x45, 0xfe,
  0xf0, 0x70, 0x50, 0x50, 0x70, 0x70, 0x50, 0x50, 0x70, 0x03, 0xc0, 0x28,
  0x28, 0x8b, 0x5e, 0x5d, 0x6a, 0x6a, 0x5d, 0x5e, 0x8b, 0x28, 0x28, 0x28,
  0x28, 0x8b, 0x5e, 0x5d, 0x6a, 0x6a, 0x5d, 0x5e, 0x8b, 0x28, 0x28, 0xfc,
  0x80, 0x1e, 0x1e, 0x69, 0x46, 0x45, 0x50, 0x50, 0x45, 0x46, 0x69, 0x1e,
  0x1e, 0x1e, 0x1e, 0x69, 0x46, 0x45, 0x50, 0x50, 0x45, 0x46, 0x69, 0x1e,
  0x1e, 0x01, 0x80, 0x50, 0x70, 0x70, 0x50, 0x50, 0x70, 0x70, 0x00, 0x00,
  0x00, 0x02, 0x00, 0x00, 0xff, 0xc0, 0x04, 0x00, 0x03, 0xc0, 0x00, 0x1b,
  0x00, 0x27, 0x00, 0x00, 0x01, 0x22, 0x07, 0x0e, 0x01, 0x07, 0x06, 0x15,
  0x14, 0x17, 0x1e, 0x01, 0x17, 0x16, 0x33, 0x32, 0x37, 0x3e, 0x01, 0x37,
  0x36, 0x35, 0x34, 0x27, 0x2e, 0x01, 0x27, 0x26, 0x03, 0x22, 0x26, 0x35,
  0x34, 0x36, 0x33, 0x32, 0x16, 0x15, 0x14, 0x06, 0x02, 0x00, 0x6a, 0x5d,
  0x5e, 0x8b, 0x28, 0x28, 0x28, 0x28, 0x8b, 0x5e, 0x5d, 0x6a, 0x6a, 0x5d,
  0x5e, 0x8b, 0x28, 0x28, 0x28, 0x28, 0x8b, 0x5e, 0x5d, 0x6a, 0x35, 0x4b,
  0x4b, 0x35, 0x35, 0x4b, 0x4b, 0x03, 0xc0, 0x28, 0x28, 0x8b, 0x5e, 0x5d,
  0x6a, 0x6a, 0x5d, 0x5e, 0x8b, 0x28, 0x28, 0x28, 0x28, 0x8b, 0x5e, 0x5d,
  0x6a, 0x6a, 0x5d, 0x5e, 0x8b, 0x28, 0x28, 0xfd, 0x80, 0x4b, 0x35, 0x35,
  0x4b, 0x4b, 0x35, 0x35, 0x4b, 0x00, 0x00, 0x00, 0x00, 0x02, 0x00, 0x00,
  0xff, 0xc0, 0x04, 0x00, 0x03, 0xc0, 0x00, 0x1b, 0x00, 0x37, 0x00, 0x00,
  0x01, 0x22, 0x07, 0x0e, 0x01, 0x07, 0x06, 0x15, 0x14, 0x17, 0x1e, 0x01,
  0x17, 0x16, 0x33, 0x32, 0x37, 0x3e, 0x01, 0x37, 0x36, 0x35, 0x34, 0x27,
  0x2e, 0x01, 0x27, 0x26, 0x03, 0x22, 0x27, 0x2e, 0x01, 0x27, 0x26, 0x35,
  0x34, 0x37, 0x3e, 0x01, 0x37, 0x36, 0x33, 0x32, 0x17, 0x1e, 0x01, 0x17,
  0x16, 0x15, 0x14, 0x07, 0x0e, 0x01, 0x07, 0x06, 0x02, 0x00, 0x6a, 0x5d,
  0x5e, 0x8b, 0x28, 0x28, 0x28, 0x28, 0x8b, 0x5e, 0x5d, 0x6a, 0x6a, 0x5d,
  0x5e, 0x8b, 0x28, 0x28, 0x28, 0x28, 0x8b, 0x5e, 0x5d, 0x6a, 0x50, 0x45,
  0x46, 0x69, 0x1e, 0x1e, 0x1e, 0x1e, 0x69, 0x46, 0x45, 0x50, 0x50, 0x45,
  0x46, 0x69, 0x1e, 0x1e, 0x1e, 0x1e, 0x69, 0x46, 0x45, 0x03, 0xc0, 0x28,
  0x28, 0x8b, 0x5e, 0x5d, 0x6a, 0x6a, 0x5d, 0x5e, 0x8b, 0x28, 0x28, 0x28,
  0x28, 0x8b, 0x5e, 0x5d, 0x6a, 0x6a, 0x5d, 0x5e, 0x8b, 0x28, 0x28, 0xfc,
  0x80, 0x1e, 0x1e, 0x69, 0x46, 0x45, 0x50, 0x50, 0x45, 0x46, 0x69, 0x1e,
  0x1e, 0x1e, 0x1e, 0x69, 0x46, 0x45, 0x50, 0x50, 0x45, 0x46, 0x69, 0x1e,
  0x1e, 0x00, 0x00, 0x00, 0x00, 0x03, 0x00, 0x00, 0xff, 0xc0, 0x04, 0x00,
  0x03, 0xc0, 0x00, 0x12, 0x00, 0x15, 0x00, 0x18, 0x00, 0x00, 0x01, 0x37,
  0x27, 0x07, 0x21, 0x35, 0x23, 0x15, 0x23, 0x15, 0x33, 0x11, 0x21, 0x15,
  0x33, 0x35, 0x33, 0x35, 0x23, 0x01, 0x21, 0x01, 0x17, 0x01, 0x11, 0x03,
  0x40, 0xc0, 0x40, 0xc0, 0xfe, 0x40, 0x80, 0xc0, 0xc0, 0x02, 0x00, 0x80,
  0xc0, 0xc0, 0xfe, 0x00, 0x01, 0x40, 0xfe, 0xc0, 0x40, 0x01, 0x40, 0x02,
  0xc0, 0xc0, 0x40, 0xc0, 0xc0, 0xc0, 0x80, 0xfe, 0x00, 0xc0, 0xc0, 0x80,
  0x01, 0x80, 0xfe, 0xc0, 0x40, 0x01, 0x40, 0xfe, 0xc0, 0x00, 0x00, 0x00,
  0x00, 0x08, 0x00, 0x00, 0xff, 0xc0, 0x04, 0x00, 0x03, 0xc0, 0x00, 0x0f,
  0x00, 0x1f, 0x00, 0x23, 0x00, 0x33, 0x00, 0x37, 0x00, 0x47, 0x00, 0x6d,
  0x00, 0xa7, 0x00, 0x00, 0x01, 0x23, 0x22, 0x06, 0x1d, 0x01, 0x14, 0x16,
  0x3b, 0x01, 0x32, 0x36, 0x3d, 0x01, 0x34, 0x26, 0x01, 0x33, 0x32, 0x36,
  0x3d, 0x01, 0x34, 0x26, 0x2b, 0x01, 0x22, 0x06, 0x1d, 0x01, 0x14, 0x16,
  0x37, 0x33, 0x15, 0x23, 0x01, 0x23, 0x22, 0x06, 0x1d, 0x01, 0x14, 0x16,
  0x3b, 0x01, 0x32, 0x36, 0x3d, 0x01, 0x34, 0x26, 0x07, 0x23, 0x35, 0x33,
  0x25, 0x23, 0x22, 0x06, 0x1d, 0x01, 0x14, 0x16, 0x3b, 0x01, 0x32, 0x36,
  0x3d, 0x01, 0x34, 0x26, 0x37, 0x23, 0x22, 0x26, 0x27, 0x2e, 0x01, 0x3d,
  0x01, 0x34, 0x26, 0x23, 0x21, 0x22, 0x06, 0x15, 0x11, 0x14, 0x16, 0x3b,
  0x01, 0x32, 0x16, 0x17, 0x1e, 0x01, 0x1d, 0x01, 0x14, 0x16, 0x33, 0x21,
  0x32, 0x36, 0x35, 0x11, 0x34, 0x26, 0x13, 0x14, 0x06, 0x07, 0x0e, 0x01,
  0x23, 0x21, 0x22, 0x26, 0x27, 0x2e, 0x01, 0x3d, 0x01, 0x34, 0x27, 0x2e,
  0x01, 0x27, 0x26, 0x2b, 0x01, 0x22, 0x26, 0x27, 0x2e, 0x01, 0x35, 0x11,
  0x34, 0x36, 0x37, 0x3e, 0x01, 0x33, 0x21, 0x32, 0x16, 0x17, 0x1e, 0x01,
  0x1d, 0x01, 0x14, 0x17, 0x1e, 0x01, 0x17, 0x16, 0x3b, 0x01, 0x32, 0x16,
  0x17, 0x1e, 0x01, 0x15, 0x01, 0x40, 0x80, 0x1a, 0x26, 0x26, 0x1a, 0x80,
  0x1a, 0x26, 0x26, 0x01, 0x66, 0x80, 0x1a, 0x26, 0x26, 0x1a, 0x80, 0x1a,
  0x26, 0x26, 0x1a, 0x80, 0x80, 0xfe, 0x80, 0x80, 0x1a, 0x26, 0x26, 0x1a,
  0x80, 0x1a, 0x26, 0x26, 0x1a, 0x80, 0x80, 0x02, 0x00, 0x80, 0x1a, 0x26,
  0x26, 0x1a, 0x80, 0x1a, 0x26, 0x26, 0x26, 0x40, 0x40, 0x75, 0x2d, 0x2e,
  0x30, 0x4b, 0x35, 0xff, 0x00, 0x35, 0x4b, 0x4b, 0x35, 0x40, 0x40, 0x75,
  0x2d, 0x2e, 0x30, 0x4b, 0x35, 0x01, 0x00, 0x35, 0x4b, 0x4b, 0x0b, 0x0a,
  0x09, 0x09, 0x17, 0x0d, 0xff, 0x00, 0x0d, 0x17, 0x09, 0x09, 0x0a, 0x1e,
  0x1e, 0x69, 0x46, 0x45, 0x50, 0x40, 0x0d, 0x17, 0x09, 0x09, 0x0a, 0x0a,
  0x09, 0x09, 0x17, 0x0d, 0x01, 0x00, 0x0d, 0x17, 0x09, 0x09, 0x0a, 0x1e,
  0x1e, 0x69, 0x46, 0x45, 0x50, 0x40, 0x0d, 0x17, 0x09, 0x09, 0x0a, 0x03,
  0x40, 0x26, 0x1a, 0x80, 0x1a, 0x26, 0x26, 0x1a, 0x80, 0x1a, 0x26, 0xff,
  0x00, 0x26, 0x1a, 0x80, 0x1a, 0x26, 0x26, 0x1a, 0x80, 0x1a, 0x26, 0xc0,
  0x80, 0xfe, 0xc0, 0x26, 0x1a, 0x80, 0x1a, 0x26, 0x26, 0x1a, 0x80, 0x1a,
  0x26, 0xc0, 0x80, 0x40, 0x26, 0x1a, 0x80, 0x1a, 0x26, 0x26, 0x1a, 0x80,
  0x1a, 0x26, 0x80, 0x30, 0x2e, 0x2d, 0x75, 0x40, 0x40, 0x35, 0x4b, 0x4b,
  0x35, 0xff, 0x00, 0x35, 0x4b, 0x30, 0x2e, 0x2d, 0x75, 0x40, 0x40, 0x35,
  0x4b, 0x4b, 0x35, 0x01, 0x00, 0x35, 0x4b, 0xfe, 0x80, 0x0d, 0x17, 0x09,
  0x09, 0x0a, 0x0a, 0x09, 0x09, 0x17, 0x0d, 0x40, 0x50, 0x45, 0x46, 0x69,
  0x1e, 0x1e, 0x0a, 0x09, 0x09, 0x17, 0x0d, 0x01, 0x00, 0x0d, 0x17, 0x09,
  0x09, 0x0a, 0x0a, 0x09, 0x09, 0x17, 0x0d, 0x40, 0x50, 0x45, 0x46, 0x69,
  0x1e, 0x1e, 0x0a, 0x09, 0x09, 0x17, 0x0d, 0x00, 0x00, 0x13, 0x00, 0x00,
  0xff, 0xc0, 0x04, 0x00, 0x03, 0xc0, 0x00, 0x0f, 0x00, 0x1f, 0x00, 0x2f,
  0x00, 0x3f, 0x00, 0x4f, 0x00, 0x53, 0x00, 0x57, 0x00, 0x5b, 0x00, 0x5f,
  0x00, 0x63, 0x00, 0x67, 0x00, 0x6b, 0x00, 0x6f, 0x00, 0x73, 0x00, 0x77,
  0x00, 0x7b, 0x00, 0x7f, 0x00, 0x83, 0x00, 0x87, 0x00, 0x00, 0x01, 0x14,
  0x06, 0x2b, 0x01, 0x22, 0x26, 0x3d, 0x01, 0x34, 0x36, 0x3b, 0x01, 0x32,
  0x16, 0x15, 0x05, 0x14, 0x06, 0x2b, 0x01, 0x22, 0x26, 0x3d, 0x01, 0x34,
  0x36, 0x3b, 0x01, 0x32, 0x16, 0x15, 0x01, 0x14, 0x06, 0x2b, 0x01, 0x22,
  0x26, 0x3d, 0x01, 0x34, 0x36, 0x3b, 0x01, 0x32, 0x16, 0x15, 0x05, 0x14,
  0x06, 0x2b, 0x01, 0x22, 0x26, 0x3d, 0x01, 0x34, 0x36, 0x3b, 0x01, 0x32,
  0x16, 0x15, 0x13, 0x37, 0x35, 0x23, 0x07, 0x27, 0x23, 0x15, 0x17, 0x07,
  0x15, 0x33, 0x37, 0x17, 0x33, 0x35, 0x01, 0x33, 0x15, 0x23, 0x11, 0x33,
  0x15, 0x23, 0x01, 0x33, 0x15, 0x23, 0x11, 0x33, 0x15, 0x23, 0x11, 0x33,
  0x15, 0x23, 0x01, 0x33, 0x15, 0x23, 0x11, 0x33, 0x15, 0x23, 0x25, 0x33,
  0x15, 0x23, 0x27, 0x33, 0x15, 0x23, 0x27, 0x33, 0x15, 0x23, 0x01, 0x33,
  0x15, 0x23, 0x37, 0x33, 0x15, 0x23, 0x25, 0x33, 0x15, 0x23, 0x27, 0x33,
  0x15, 0x23, 0x01, 0x80, 0x1c, 0x14, 0x60, 0x14, 0x1c, 0x1c, 0x14, 0x60,
  0x14, 0x1c, 0x01, 0x40, 0x1c, 0x14, 0x60, 0x14, 0x1c, 0x1c, 0x14, 0x60,
  0x14, 0x1c, 0xfe, 0xc0, 0x1c, 0x14, 0x60, 0x14, 0x1c, 0x1c, 0x14, 0x60,
  0x14, 0x1c, 0x01, 0x40, 0x1c, 0x14, 0x60, 0x14, 0x1c, 0x1c, 0x14, 0x60,
  0x14, 0x1c, 0xd0, 0x70, 0x30, 0x70, 0x70, 0x30, 0x70, 0x70, 0x30, 0x70,
  0x70, 0x30, 0xfc, 0x00, 0x40, 0x40, 0x40, 0x40, 0x03, 0x40, 0x40, 0x40,
  0x40, 0x40, 0x40, 0x40, 0xfc, 0xc0, 0x40, 0x40, 0x40, 0x40, 0x02, 0x00,
  0x80, 0x80, 0xc0, 0x80, 0x80, 0xc0, 0x80, 0x80, 0x01, 0x40, 0x80, 0x80,
  0xc0, 0x80, 0x80, 0xfe, 0x80, 0x80, 0x80, 0xc0, 0x80, 0x80, 0x01, 0xf0,
  0x14, 0x1c, 0x1c, 0x14, 0x60, 0x14, 0x1c, 0x1c, 0x14, 0x60, 0x14, 0x1c,
  0x1c, 0x14, 0x60, 0x14, 0x1c, 0x1c, 0x14, 0xfe, 0x60, 0x14, 0x1c, 0x1c,
  0x14, 0x60, 0x14, 0x1c, 0x1c, 0x14, 0x60, 0x14, 0x1c, 0x1c, 0x14, 0x60,
  0x14, 0x1c, 0x1c, 0x14, 0x02, 0x10, 0x70, 0x30, 0x70, 0x70, 0x30, 0x70,
  0x70, 0x30, 0x70, 0x70, 0x30, 0xfe, 0x10, 0x80, 0x01, 0x40, 0x80, 0x01,
  0x00, 0x80, 0xff, 0x00, 0x80, 0x01, 0x40, 0x80, 0x01, 0x80, 0x80, 0x01,
  0x40, 0x80, 0xc0, 0x40, 0x40, 0x40, 0x40, 0x40, 0xfd, 0x00, 0x40, 0x40,
  0x40, 0x40, 0x40, 0x40, 0x40, 0x00, 0x00, 0x00, 0x00, 0x04, 0x00, 0x00,
  0xff, 0xc0, 0x03, 0xb6, 0x03, 0xc0, 0x00, 0x45, 0x00, 0x61, 0x00, 0x6d,
  0x00, 0x89, 0x00, 0x00, 0x01, 0x26, 0x27, 0x2e, 0x01, 0x07, 0x22, 0x07,
  0x0e, 0x01, 0x07, 0x27, 0x13, 0x3e, 0x01, 0x27, 0x2e, 0x01, 0x2f, 0x01,
  0x0b, 0x01, 0x07, 0x0e, 0x01, 0x07, 0x06, 0x16, 0x17, 0x13, 0x07, 0x2e,
  0x01, 0x27, 0x26, 0x23, 0x26, 0x06, 0x07, 0x06, 0x07, 0x06, 0x07, 0x06,
  0x16, 0x17, 0x16, 0x17, 0x16, 0x17, 0x16, 0x36, 0x37, 0x36, 0x37, 0x1b,
  0x01, 0x16, 0x17, 0x1e, 0x01, 0x37, 0x36, 0x37, 0x36, 0x37, 0x3e, 0x01,
  0x27, 0x26, 0x05, 0x0e, 0x01, 0x07, 0x38, 0x01, 0x31, 0x0e, 0x01, 0x27,
  0x2e, 0x01, 0x27, 0x26, 0x36, 0x37, 0x3e, 0x01, 0x37, 0x3e, 0x01, 0x17,
  0x1e, 0x01, 0x17, 0x16, 0x06, 0x07, 0x13, 0x22, 0x26, 0x35, 0x34, 0x36,
  0x33, 0x32, 0x16, 0x15, 0x14, 0x06, 0x01, 0x0e, 0x01, 0x07, 0x06, 0x26,
  0x27, 0x38, 0x01, 0x31, 0x2e, 0x01, 0x27, 0x2e, 0x01, 0x37, 0x3e, 0x01,
  0x37, 0x36, 0x16, 0x17, 0x1e, 0x01, 0x17, 0x1e, 0x01, 0x07, 0x03, 0x92,
  0x19, 0x21, 0x20, 0x46, 0x22, 0x22, 0x1c, 0x05, 0x08, 0x04, 0x50, 0xb8,
  0x0b, 0x07, 0x05, 0x05, 0x1a, 0x11, 0x0d, 0xd9, 0xd9, 0x0d, 0x11, 0x1a,
  0x05, 0x05, 0x07, 0x0b, 0xb8, 0x50, 0x04, 0x08, 0x05, 0x1c, 0x22, 0x22,
  0x46, 0x20, 0x21, 0x19, 0x19, 0x0b, 0x0c, 0x04, 0x0f, 0x0f, 0x1c, 0x1c,
  0x22, 0x22, 0x46, 0x20, 0x21, 0x19, 0xa4, 0xa4, 0x19, 0x21, 0x20, 0x46,
  0x22, 0x22, 0x1c, 0x1c, 0x0f, 0x0f, 0x04, 0x0c, 0x0b, 0xfd, 0x40, 0x17,
  0x34, 0x14, 0x06, 0x10, 0x06, 0x07, 0x08, 0x01, 0x01, 0x10, 0x10, 0x17,
  0x34, 0x14, 0x06, 0x10, 0x06, 0x07, 0x08, 0x01, 0x01, 0x10, 0x10, 0xf5,
  0x0d, 0x13, 0x13, 0x0d, 0x0d, 0x13, 0x13, 0x01, 0x73, 0x01, 0x08, 0x07,
  0x06, 0x10, 0x06, 0x14, 0x34, 0x17, 0x10, 0x10, 0x01, 0x01, 0x08, 0x07,
  0x06, 0x10, 0x06, 0x14, 0x34, 0x17, 0x10, 0x10, 0x01, 0x01, 0x18, 0x27,
  0x1c, 0x1c, 0x1b, 0x01, 0x12, 0x03, 0x07, 0x04, 0x7c, 0x01, 0x20, 0x15,
  0x30, 0x19, 0x18, 0x27, 0x0e, 0x08, 0xfe, 0xac, 0x01, 0x54, 0x08, 0x0e,
  0x27, 0x18, 0x19, 0x30, 0x15, 0xfe, 0xe0, 0x7c, 0x04, 0x07, 0x03, 0x12,
  0x01, 0x1b, 0x1c, 0x1c, 0x27, 0x27, 0x29, 0x29, 0x4b, 0x1e, 0x1f, 0x12,
  0x11, 0x01, 0x01, 0x1c, 0x1b, 0x1c, 0x27, 0x01, 0x02, 0xfe, 0xfe, 0x27,
  0x1c, 0x1b, 0x1c, 0x01, 0x01, 0x11, 0x12, 0x1f, 0x1e, 0x4b, 0x29, 0x29,
  0x51, 0x24, 0x24, 0x04, 0x01, 0x01, 0x04, 0x05, 0x15, 0x0f, 0x17, 0x36,
  0x19, 0x23, 0x24, 0x04, 0x01, 0x01, 0x04, 0x04, 0x16, 0x0e, 0x18, 0x36,
  0x18, 0x01, 0x20, 0x13, 0x0d, 0x0d, 0x13, 0x13, 0x0d, 0x0d, 0x13, 0xfe,
  0xbf, 0x0f, 0x15, 0x05, 0x04, 0x01, 0x01, 0x04, 0x24, 0x24, 0x18, 0x36,
  0x18, 0x0e, 0x16, 0x04, 0x04, 0x01, 0x01, 0x04, 0x24, 0x23, 0x19, 0x36,
  0x17, 0x00, 0x00, 0x00, 0x00, 0x02, 0x00, 0x00, 0xff, 0xc0, 0x04, 0x00,
  0x03, 0xc0, 0x00, 0x19, 0x00, 0x4e, 0x00, 0x00, 0x01, 0x22, 0x07, 0x0e,
  0x01, 0x07, 0x06, 0x1d, 0x01, 0x01, 0x11, 0x14, 0x16, 0x33, 0x32, 0x36,
  0x35, 0x11, 0x01, 0x35, 0x34, 0x27, 0x2e, 0x01, 0x27, 0x26, 0x05, 0x3e,
  0x01, 0x37, 0x36, 0x37, 0x3e, 0x01, 0x37, 0x36, 0x33, 0x32, 0x17, 0x1e,
  0x01, 0x17, 0x16, 0x17, 0x1e, 0x01, 0x17, 0x1e, 0x01, 0x17, 0x0e, 0x01,
  0x07, 0x0e, 0x01, 0x07, 0x06, 0x07, 0x0e, 0x01, 0x07, 0x06, 0x23, 0x22,
  0x27, 0x2e, 0x01, 0x27, 0x26, 0x27, 0x2e, 0x01, 0x27, 0x2e, 0x01, 0x27,
  0x3e, 0x01, 0x37, 0x02, 0x00, 0x6a, 0x5d, 0x5e, 0x8b, 0x28, 0x28, 0x01,
  0x80, 0x4b, 0x35, 0x35, 0x4b, 0x01, 0x80, 0x28, 0x28, 0x8b, 0x5e, 0x5d,
  0xfd, 0xf4, 0x12, 0x32, 0x1e, 0x21, 0x25, 0x26, 0x51, 0x2b, 0x2c, 0x2c,
  0x2c, 0x2c, 0x2b, 0x51, 0x26, 0x25, 0x21, 0x1e, 0x32, 0x12, 0x0b, 0x0e,
  0x03, 0x03, 0x0e, 0x0b, 0x12, 0x32, 0x1e, 0x21, 0x25, 0x26, 0x51, 0x2b,
  0x2c, 0x2c, 0x2c, 0x2c, 0x2b, 0x51, 0x26, 0x25, 0x21, 0x1e, 0x32, 0x12,
  0x0b, 0x0e, 0x03, 0x03, 0x0e, 0x0b, 0x03, 0xc0, 0x0d, 0x0c, 0x2c, 0x1d,
  0x1d, 0x21, 0x60, 0xfe, 0x80, 0xfe, 0xc0, 0x1b, 0x25, 0x25, 0x1b, 0x01,
  0x40, 0x01, 0x80, 0x60, 0x21, 0x1d, 0x1d, 0x2c, 0x0c, 0x0d, 0x8b, 0x0a,
  0x14, 0x08, 0x09, 0x07, 0x07, 0x09, 0x03, 0x02, 0x02, 0x03, 0x09, 0x07,
  0x07, 0x09, 0x08, 0x14, 0x0a, 0x07, 0x0b, 0x03, 0x03, 0x0b, 0x07, 0x0a,
  0x14, 0x08, 0x09, 0x07, 0x07, 0x09, 0x03, 0x02, 0x02, 0x03, 0x09, 0x07,
  0x07, 0x09, 0x08, 0x14, 0x0a, 0x07, 0x0b, 0x03, 0x03, 0x0b, 0x07, 0x00,
  0x00, 0x01, 0x00, 0x00, 0xff, 0xc0, 0x03, 0x9b, 0x03, 0xc0, 0x00, 0x29,
  0x00, 0x00, 0x01, 0x22, 0x26, 0x23, 0x22, 0x07, 0x0e, 0x01, 0x07, 0x06,
  0x15, 0x14, 0x16, 0x33, 0x2e, 0x01, 0x35, 0x34, 0x36, 0x37, 0x30, 0x07,
  0x06, 0x02, 0x07, 0x06, 0x07, 0x15, 0x21, 0x13, 0x33, 0x37, 0x23, 0x37,
  0x1e, 0x01, 0x33, 0x32, 0x36, 0x37, 0x0e, 0x01, 0x03, 0x20, 0x44, 0x68,
  0x46, 0x71, 0x53, 0x54, 0x6d, 0x1a, 0x1b, 0x49, 0x48, 0x06, 0x0d, 0x65,
  0x4a, 0x10, 0x10, 0x4b, 0x3c, 0x3c, 0x59, 0x01, 0x3d, 0x6c, 0xc6, 0x2c,
  0xd7, 0x34, 0x2d, 0x55, 0x26, 0x2e, 0x50, 0x18, 0x1d, 0x3d, 0x03, 0xb0,
  0x10, 0x1e, 0x1d, 0x61, 0x3e, 0x3f, 0x41, 0x4d, 0x3b, 0x0b, 0x26, 0x37,
  0x99, 0x6f, 0x03, 0x7d, 0x7e, 0xfe, 0xc5, 0x8f, 0x90, 0x23, 0x19, 0x02,
  0x00, 0x80, 0xf6, 0x09, 0x0f, 0x37, 0x6b, 0x09, 0x07, 0x00, 0x00, 0x00,
  0x00, 0x01, 0x00, 0x00, 0xff, 0xc0, 0x03, 0x66, 0x03, 0xc0, 0x00, 0x61,
  0x00, 0x00, 0x25, 0x38, 0x01, 0x31, 0x11, 0x07, 0x23, 0x35, 0x34, 0x36,
  0x37, 0x3e, 0x01, 0x37, 0x3e, 0x01, 0x33, 0x32, 0x16, 0x17, 0x1e, 0x01,
  0x17, 0x1e, 0x01, 0x17, 0x1e, 0x01, 0x33, 0x32, 0x36, 0x37, 0x3e, 0x01,
  0x35, 0x34, 0x26, 0x27, 0x2e, 0x01, 0x27, 0x2e, 0x01, 0x23, 0x22, 0x06,
  0x07, 0x0e, 0x01, 0x07, 0x0e, 0x01, 0x07, 0x23, 0x15, 0x33, 0x11, 0x14,
  0x06, 0x07, 0x0e, 0x01, 0x2b, 0x01, 0x15, 0x21, 0x35, 0x23, 0x22, 0x26,
  0x35, 0x38, 0x01, 0x31, 0x11, 0x33, 0x32, 0x16, 0x17, 0x1e, 0x01, 0x17,
  0x1e, 0x01, 0x1d, 0x01, 0x14, 0x06, 0x07, 0x0e, 0x01, 0x07, 0x15, 0x21,
  0x35, 0x22, 0x26, 0x35, 0x03, 0x00, 0x80, 0xfc, 0x09, 0x08, 0x06, 0x16,
  0x10, 0x10, 0x1e, 0x0f, 0x0d, 0x15, 0x08, 0x0b, 0x16, 0x0a, 0x1c, 0x1a,
  0x06, 0x0b, 0x19, 0x0e, 0x0e, 0x18, 0x0b, 0x0a, 0x0a, 0x0e, 0x0d, 0x0d,
  0x27, 0x1b, 0x19, 0x3a, 0x1f, 0x2e, 0x53, 0x24, 0x24, 0x38, 0x12, 0x11,
  0x05, 0x01, 0x7e, 0x7e, 0x18, 0x06, 0x09, 0x1f, 0x15, 0x26, 0x01, 0x81,
  0x07, 0x44, 0x31, 0x8c, 0x38, 0x25, 0x03, 0x03, 0x08, 0x02, 0x01, 0x04,
  0x08, 0x03, 0x07, 0x16, 0x1a, 0x01, 0x26, 0x45, 0x21, 0x58, 0x01, 0xb5,
  0x06, 0x15, 0x3d, 0x6e, 0x18, 0x10, 0x1e, 0x0d, 0x0c, 0x0d, 0x04, 0x05,
  0x06, 0x16, 0x0e, 0x28, 0x1c, 0x05, 0x07, 0x08, 0x0a, 0x0b, 0x0a, 0x19,
  0x0f, 0x10, 0x22, 0x12, 0x11, 0x1c, 0x0b, 0x0a, 0x0b, 0x16, 0x15, 0x16,
  0x3c, 0x26, 0x23, 0x77, 0x3c, 0x48, 0xfe, 0xbc, 0x36, 0x28, 0x08, 0x0a,
  0x13, 0x38, 0x38, 0x26, 0x53, 0x01, 0x4e, 0x04, 0x01, 0x01, 0x05, 0x03,
  0x01, 0x26, 0x2c, 0xfa, 0x2c, 0x24, 0x05, 0x0a, 0x0c, 0x01, 0x38, 0x38,
  0x1f, 0x41, 0x00, 0x00, 0x00, 0x01, 0x00, 0x00, 0xff, 0xc0, 0x03, 0x5c,
  0x03, 0xc0, 0x00, 0x7c, 0x00, 0x00, 0x25, 0x22, 0x26, 0x27, 0x2e, 0x01,
  0x35, 0x11, 0x34, 0x36, 0x31, 0x2e, 0x01, 0x2b, 0x01, 0x22, 0x06, 0x23,
  0x22, 0x26, 0x23, 0x22, 0x07, 0x0e, 0x01, 0x07, 0x06, 0x1d, 0x01, 0x14,
  0x06, 0x2b, 0x01, 0x22, 0x06, 0x15, 0x14, 0x16, 0x3b, 0x01, 0x32, 0x16,
  0x15, 0x14, 0x15, 0x14, 0x06, 0x15, 0x14, 0x31, 0x14, 0x06, 0x07, 0x0e,
  0x01, 0x23, 0x22, 0x14, 0x17, 0x3e, 0x01, 0x33, 0x32, 0x16, 0x17, 0x36,
  0x26, 0x23, 0x22, 0x26, 0x27, 0x2e, 0x01, 0x27, 0x35, 0x34, 0x36, 0x3b,
  0x01, 0x3e, 0x01, 0x35, 0x34, 0x26, 0x2b, 0x01, 0x22, 0x26, 0x3d, 0x01,
  0x34, 0x37, 0x3e, 0x01, 0x37, 0x36, 0x33, 0x32, 0x16, 0x15, 0x38, 0x01,
  0x31, 0x14, 0x16, 0x15, 0x11, 0x14, 0x06, 0x07, 0x0e, 0x01, 0x23, 0x22,
  0x14, 0x17, 0x3e, 0x01, 0x33, 0x32, 0x16, 0x17, 0x36, 0x26, 0x23, 0x03,
  0x57, 0x08, 0x4c, 0x04, 0x07, 0x04, 0x10, 0x01, 0x0a, 0x07, 0x04, 0x04,
  0x40, 0x23, 0x1d, 0x2c, 0x21, 0x45, 0x33, 0x34, 0x43, 0x10, 0x11, 0x04,
  0x03, 0x3c, 0x06, 0x10, 0x02, 0x02, 0x4e, 0x03, 0x04, 0x01, 0x04, 0x07,
  0x03, 0x49, 0x0d, 0x06, 0x06, 0x2d, 0x46, 0x2d, 0x2a, 0x47, 0x2c, 0x02,
  0x01, 0x06, 0x08, 0x4c, 0x04, 0x07, 0x03, 0x01, 0x05, 0x03, 0x98, 0x07,
  0x0a, 0x02, 0x05, 0xa3, 0x02, 0x05, 0x09, 0x0a, 0x25, 0x1b, 0x1a, 0x22,
  0x2f, 0x47, 0x01, 0x04, 0x07, 0x03, 0x49, 0x0d, 0x06, 0x06, 0x2d, 0x46,
  0x2d, 0x2a, 0x47, 0x2c, 0x02, 0x01, 0x06, 0x2b, 0x11, 0x0c, 0x1e, 0x40,
  0x24, 0x02, 0x1d, 0x3d, 0x43, 0x06, 0x12, 0x21, 0x22, 0x1b, 0x1b, 0x60,
  0x43, 0x42, 0x50, 0x0b, 0x03, 0x06, 0x2e, 0x0e, 0x04, 0x05, 0x07, 0x03,
  0x31, 0x2f, 0x2e, 0x49, 0x16, 0x16, 0x10, 0x3c, 0x1b, 0x0c, 0x11, 0x25,
  0x06, 0x02, 0x05, 0x05, 0x02, 0x07, 0x24, 0x11, 0x0c, 0x1e, 0x40, 0x24,
  0xe9, 0x04, 0x05, 0x10, 0x21, 0x0a, 0x06, 0x04, 0x05, 0x02, 0x35, 0x31,
  0x2d, 0x2c, 0x44, 0x14, 0x14, 0x50, 0x76, 0x03, 0x05, 0x02, 0xfe, 0x4c,
  0x10, 0x3c, 0x1b, 0x0c, 0x11, 0x25, 0x06, 0x02, 0x05, 0x05, 0x02, 0x07,
  0x24, 0x00, 0x00, 0x00, 0x00, 0x02, 0x00, 0x00, 0xff, 0xc0, 0x04, 0x00,
  0x03, 0xc0, 0x00, 0x09, 0x00, 0x17, 0x00, 0x00, 0x25, 0x33, 0x07, 0x27,
  0x33, 0x11, 0x23, 0x37, 0x17, 0x23, 0x25, 0x11, 0x27, 0x23, 0x11, 0x33,
  0x15, 0x21, 0x35, 0x33, 0x11, 0x23, 0x07, 0x11, 0x03, 0x80, 0x80, 0xa0,
  0xa0, 0x80, 0x80, 0xa0, 0xa0, 0x80, 0xff, 0x00, 0x40, 0xc0, 0x80, 0xfe,
  0x80, 0x80, 0xc0, 0x40, 0xc0, 0xc0, 0xc0, 0x02, 0x00, 0xc0, 0xc0, 0xc0,
  0xff, 0x00, 0x80, 0xfd, 0x40, 0x40, 0x40, 0x02, 0xc0, 0x80, 0x01, 0x00,
  0x00, 0x02, 0x00, 0x00, 0xff, 0xc0, 0x03, 0xc0, 0x03, 0xc0, 0x00, 0x09,
  0x00, 0x17, 0x00, 0x00, 0x25, 0x15, 0x27, 0x37, 0x15, 0x21, 0x35, 0x17,
  0x07, 0x35, 0x13, 0x11, 0x27, 0x23, 0x11, 0x33, 0x15, 0x21, 0x35, 0x33,
  0x11, 0x23, 0x07, 0x11, 0x01, 0x00, 0xc0, 0xc0, 0x02, 0x00, 0xc0, 0xc0,
  0x40, 0x40, 0xc0, 0x80, 0xfe, 0x80, 0x80, 0xc0, 0x40, 0x40, 0x80, 0xa0,
  0xa0, 0x80, 0x80, 0xa0, 0xa0, 0x80, 0x03, 0x40, 0xff, 0x00, 0x80, 0xfe,
  0x40, 0x40, 0x40, 0x01, 0xc0, 0x80, 0x01, 0x00, 0x00, 0x02, 0x00, 0x00,
  0xff, 0xc0, 0x03, 0xc0, 0x03, 0xc0, 0x00, 0x07, 0x00, 0x0f, 0x00, 0x00,
  0x13, 0x21, 0x15, 0x23, 0x11, 0x23, 0x11, 0x23, 0x01, 0x23, 0x11, 0x23,
  0x11, 0x23, 0x35, 0x21, 0x40, 0x01, 0x80, 0x80, 0x80, 0x80, 0x03, 0x80,
  0xfc, 0x88, 0xfc, 0x02, 0x80, 0x01, 0xc0, 0x80, 0xfe, 0x80, 0x01, 0x80,
  0x01, 0x80, 0xfd, 0x00, 0x03, 0x00, 0x80, 0x00, 0x00, 0x03, 0x00, 0x00,
  0xff, 0xc0, 0x03, 0x40, 0x03, 0xc0, 0x00, 0x16, 0x00, 0x1f, 0x00, 0x28,
  0x00, 0x00, 0x01, 0x3e, 0x01, 0x35, 0x34, 0x27, 0x2e, 0x01, 0x27, 0x26,
  0x23, 0x21, 0x11, 0x21, 0x32, 0x37, 0x3e, 0x01, 0x37, 0x36, 0x35, 0x34,
  0x26, 0x01, 0x33, 0x32, 0x16, 0x15, 0x14, 0x06, 0x2b, 0x01, 0x13, 0x23,
  0x11, 0x33, 0x32, 0x16, 0x15, 0x14, 0x06, 0x02, 0xc4, 0x1c, 0x20, 0x14,
  0x14, 0x46, 0x2e, 0x2f, 0x35, 0xfe, 0xc0, 0x01, 0x80, 0x35, 0x2f, 0x2e,
  0x46, 0x14, 0x14, 0x44, 0xfe, 0x84, 0x65, 0x2a, 0x3c, 0x3c, 0x29, 0x66,
  0x9f, 0x9f, 0x9f, 0x2c, 0x3e, 0x3e, 0x01, 0xdb, 0x22, 0x54, 0x2f, 0x35,
  0x2f, 0x2e, 0x46, 0x14, 0x14, 0xfc, 0x80, 0x14, 0x14, 0x46, 0x2e, 0x2f,
  0x35, 0x46, 0x74, 0x01, 0x46, 0x4b, 0x35, 0x35, 0x4b, 0xfe, 0x80, 0x01,
  0x00, 0x4b, 0x35, 0x35, 0x4b, 0x00, 0x00, 0x00, 0x00, 0x02, 0x00, 0x00,
  0xff, 0xc0, 0x03, 0x40, 0x03, 0xc0, 0x00, 0x1f, 0x00, 0x23, 0x00, 0x00,
  0x01, 0x33, 0x11, 0x14, 0x07, 0x0e, 0x01, 0x07, 0x06, 0x23, 0x22, 0x27,
  0x2e, 0x01, 0x27, 0x26, 0x35, 0x11, 0x33, 0x11, 0x14, 0x16, 0x17, 0x1e,
  0x01, 0x33, 0x32, 0x36, 0x37, 0x3e, 0x01, 0x35, 0x01, 0x21, 0x15, 0x21,
  0x02, 0xc0, 0x80, 0x19, 0x19, 0x57, 0x3a, 0x3b, 0x42, 0x42, 0x3b, 0x3a,
  0x57, 0x19, 0x19, 0x80, 0x1b, 0x18, 0x1c, 0x49, 0x28, 0x28, 0x49, 0x1c,
  0x18, 0x1b, 0xfe, 0x00, 0x02, 0x80, 0xfd, 0x80, 0x03, 0x80, 0xfe, 0x60,
  0x3c, 0x34, 0x35, 0x4e, 0x16, 0x17, 0x17, 0x16, 0x4e, 0x35, 0x34, 0x3c,
  0x01, 0xa0, 0xfe, 0x60, 0x1e, 0x38, 0x17, 0x18, 0x1b, 0x1b, 0x18, 0x17,
  0x38, 0x1e, 0xfe, 0xa0, 0x80, 0x00, 0x00, 0x00, 0x00, 0x01, 0x00, 0x00,
  0xff, 0xc0, 0x03, 0x80, 0x03, 0xc0, 0x00, 0x0b, 0x00, 0x00, 0x01, 0x15,
  0x23, 0x01, 0x33, 0x15, 0x21, 0x35, 0x33, 0x01, 0x23, 0x35, 0x03, 0x80,
  0x80, 0xfe, 0xc0, 0x80, 0xfe, 0x40, 0x80, 0x01, 0x40, 0x80, 0x03, 0x80,
  0x40, 0xfd, 0x00, 0x40, 0x40, 0x03, 0x00, 0x40, 0x00, 0x01, 0x00, 0x00,
  0xff, 0xc0, 0x04, 0x00, 0x03, 0xc0, 0x00, 0x3d, 0x00, 0x00, 0x01, 0x15,
  0x23, 0x1e, 0x01, 0x15, 0x14, 0x06, 0x07, 0x0e, 0x01, 0x23, 0x22, 0x26,
  0x27, 0x2e, 0x01, 0x35, 0x33, 0x14, 0x16, 0x33, 0x32, 0x36, 0x35, 0x34,
  0x26, 0x23, 0x21, 0x35, 0x21, 0x2e, 0x01, 0x27, 0x2e, 0x01, 0x35, 0x34,
  0x36, 0x37, 0x3e, 0x01, 0x33, 0x32, 0x16, 0x17, 0x1e, 0x01, 0x15, 0x23,
  0x34, 0x26, 0x23, 0x22, 0x06, 0x15, 0x14, 0x16, 0x33, 0x32, 0x16, 0x17,
  0x04, 0x00, 0xeb, 0x15, 0x16, 0x35, 0x30, 0x2c, 0x71, 0x3e, 0x3e, 0x71,
  0x2c, 0x30, 0x35, 0x80, 0x72, 0x4e, 0x4e, 0x72, 0x72, 0x4e, 0xfe, 0x00,
  0x01, 0x2c, 0x02, 0x04, 0x01, 0x30, 0x35, 0x35, 0x30, 0x2c, 0x71, 0x3e,
  0x3e, 0x71, 0x2c, 0x30, 0x35, 0x80, 0x72, 0x4e, 0x4e, 0x72, 0x72, 0x4e,
  0x3b, 0x6e, 0x2b, 0x01, 0xc0, 0x40, 0x1d, 0x41, 0x22, 0x35, 0x62, 0x24,
  0x21, 0x24, 0x24, 0x21, 0x24, 0x62, 0x35, 0x34, 0x4c, 0x4c, 0x34, 0x34,
  0x4c, 0x40, 0x01, 0x03, 0x01, 0x24, 0x62, 0x35, 0x35, 0x62, 0x24, 0x21,
  0x24, 0x24, 0x21, 0x24, 0x62, 0x35, 0x34, 0x4c, 0x4c, 0x34, 0x34, 0x4c,
  0x21, 0x1f, 0x00, 0x00, 0x00, 0x01, 0x00, 0x00, 0xff, 0xc0, 0x04, 0x00,
  0x03, 0xc0, 0x00, 0x43, 0x00, 0x00, 0x25, 0x21, 0x37, 0x11, 0x21, 0x35,
  0x36, 0x37, 0x3e, 0x01, 0x37, 0x36, 0x35, 0x34, 0x27, 0x2e, 0x01, 0x27,
  0x26, 0x23, 0x22, 0x07, 0x0e, 0x01, 0x07, 0x06, 0x15, 0x14, 0x17, 0x1e,
  0x01, 0x17, 0x16, 0x17, 0x15, 0x21, 0x11, 0x17, 0x21, 0x35, 0x26, 0x27,
  0x2e, 0x01, 0x27, 0x26, 0x35, 0x34, 0x37, 0x3e, 0x01, 0x37, 0x36, 0x33,
  0x32, 0x17, 0x1e, 0x01, 0x17, 0x16, 0x15, 0x14, 0x07, 0x0e, 0x01, 0x07,
  0x06, 0x07, 0x02, 0xc0, 0x01, 0x00, 0x40, 0xfe, 0x80, 0x31, 0x29, 0x29,
  0x3c, 0x10, 0x11, 0x1c, 0x1b, 0x60, 0x40, 0x40, 0x49, 0x49, 0x40, 0x40,
  0x60, 0x1b, 0x1c, 0x11, 0x10, 0x3c, 0x29, 0x29, 0x31, 0xfe, 0x80, 0x40,
  0x01, 0x00, 0x46, 0x3b, 0x3b, 0x55, 0x17, 0x18, 0x28, 0x28, 0x8b, 0x5e,
  0x5d, 0x6a, 0x6a, 0x5d, 0x5e, 0x8b, 0x28, 0x28, 0x18, 0x17, 0x55, 0x3b,
  0x3b, 0x46, 0x40, 0x80, 0xff, 0x00, 0xd6, 0x15, 0x24, 0x24, 0x5f, 0x38,
  0x38, 0x3e, 0x50, 0x46, 0x46, 0x67, 0x1e, 0x1d, 0x1d, 0x1e, 0x67, 0x46,
  0x46, 0x50, 0x3e, 0x38, 0x38, 0x5f, 0x24, 0x24, 0x15, 0xd6, 0x01, 0x00,
  0x80, 0x21, 0x19, 0x29, 0x2a, 0x6c, 0x40, 0x40, 0x47, 0x5d, 0x51, 0x52,
  0x7a, 0x23, 0x23, 0x23, 0x23, 0x7a, 0x52, 0x51, 0x5d, 0x47, 0x40, 0x40,
  0x6c, 0x2a, 0x29, 0x19, 0x00, 0x01, 0x00, 0x00, 0xff, 0xc0, 0x04, 0x00,
  0x03, 0xc0, 0x00, 0x15, 0x00, 0x00, 0x25, 0x37, 0x33, 0x03, 0x21, 0x35,
  0x09, 0x01, 0x35, 0x21, 0x13, 0x23, 0x27, 0x2e, 0x01, 0x23, 0x21, 0x09,
  0x01, 0x21, 0x32, 0x36, 0x03, 0xae, 0x2c, 0x26, 0x40, 0xfc, 0x40, 0x01,
  0x4c, 0xfe, 0xb4, 0x03, 0xd4, 0x2c, 0x22, 0x13, 0x1b, 0x36, 0x3a, 0xfd,
  0x6a, 0x01, 0x61, 0xfe, 0xd7, 0x02, 0x1e, 0x57, 0x42, 0xe1, 0x5f, 0xfe,
  0x80, 0x4a, 0x01, 0x87, 0x01, 0x4c, 0xe3, 0xff, 0x00, 0x27, 0x37, 0x22,
  0xfe, 0x9f, 0xfe, 0xa1, 0x38, 0x00, 0x00, 0x00, 0x00, 0x07, 0x00, 0x00,
  0xff, 0xc0, 0x04, 0x00, 0x03, 0xc0, 0x00, 0x03, 0x00, 0x07, 0x00, 0x0b,
  0x00, 0x0f, 0x00, 0x13, 0x00, 0x1b, 0x00, 0x23, 0x00, 0x00, 0x13, 0x33,
  0x15, 0x23, 0x37, 0x33, 0x15, 0x23, 0x25, 0x33, 0x15, 0x23, 0x37, 0x33,
  0x15, 0x23, 0x25, 0x33, 0x15, 0x23, 0x03, 0x13, 0x21, 0x13, 0x33, 0x13,
  0x21, 0x13, 0x01, 0x03, 0x21, 0x03, 0x23, 0x03, 0x21, 0x03, 0x00, 0x80,
  0x80, 0xc0, 0xc0, 0xc0, 0x01, 0x00, 0x80, 0x80, 0xc0, 0xc0, 0xc0, 0x01,
  0x00, 0x80, 0x80, 0x10, 0x10, 0xfd, 0x00, 0x10, 0x20, 0x10, 0x02, 0x80,
  0x10, 0xfd, 0x40, 0x10, 0x03, 0x00, 0x10, 0x20, 0x10, 0xfd, 0x80, 0x10,
  0x01, 0xc0, 0x40, 0x40, 0x40, 0x40, 0x40, 0x40, 0x40, 0x40, 0x40, 0x02,
  0x40, 0xfe, 0x40, 0x01, 0xc0, 0xfe, 0x80, 0x01, 0x80, 0xfc, 0x00, 0x01,
  0x80, 0xfe, 0x80, 0x01, 0x40, 0xfe, 0xc0, 0x00, 0x00, 0x02, 0x00, 0x00,
  0xff, 0xc0, 0x03, 0x80, 0x03, 0xc0, 0x00, 0x0b, 0x00, 0x17, 0x00, 0x00,
  0x01, 0x15, 0x33, 0x15, 0x23, 0x35, 0x37, 0x35, 0x23, 0x35, 0x33, 0x15,
  0x07, 0x23, 0x07, 0x27, 0x23, 0x09, 0x01, 0x33, 0x37, 0x17, 0x33, 0x01,
  0x03, 0x00, 0x80, 0xc0, 0x80, 0x80, 0xc0, 0xdc, 0x88, 0xbc, 0xbc, 0x88,
  0x01, 0x00, 0xff, 0x00, 0x88, 0xbc, 0xbc, 0x88, 0xff, 0x00, 0x02, 0xf2,
  0x32, 0x40, 0x92, 0x3c, 0x32, 0x40, 0x92, 0x6e, 0xbc, 0xbc, 0xff, 0x00,
  0xff, 0x00, 0xbc, 0xbc, 0x01, 0x00, 0x00, 0x00, 0x00, 0x02, 0x00, 0x00,
  0xff, 0xc0, 0x03, 0x80, 0x03, 0xc0, 0x00, 0x0b, 0x00, 0x17, 0x00, 0x00,
  0x25, 0x15, 0x33, 0x15, 0x23, 0x35, 0x37, 0x35, 0x23, 0x35, 0x33, 0x15,
  0x03, 0x23, 0x07, 0x27, 0x23, 0x09, 0x01, 0x33, 0x37, 0x17, 0x33, 0x01,
  0x03, 0x00, 0x80, 0xc0, 0x80, 0x80, 0xc0, 0xdc, 0x88, 0xbc, 0xbc, 0x88,
  0x01, 0x00, 0xff, 0x00, 0x88, 0xbc, 0xbc, 0x88, 0xff, 0x00, 0x32, 0x32,
  0x40, 0x92, 0x3c, 0x32, 0x40, 0x92, 0x02, 0x52, 0xbc, 0xbc, 0xff, 0x00,
  0xff, 0x00, 0xbc, 0xbc, 0x01, 0x00, 0x00, 0x00, 0x00, 0x04, 0x00, 0x00,
  0xff, 0xc0, 0x04, 0x00, 0x03, 0xc0, 0x00, 0x08, 0x00, 0x0d, 0x00, 0x10,
  0x00, 0x40, 0x00, 0x00, 0x3f, 0x01, 0x21, 0x17, 0x33, 0x03, 0x23, 0x03,
  0x33, 0x13, 0x33, 0x17, 0x23, 0x37, 0x01, 0x1b, 0x01, 0x03, 0x23, 0x22,
  0x26, 0x35, 0x34, 0x36, 0x3b, 0x01, 0x32, 0x36, 0x35, 0x34, 0x26, 0x2b,
  0x01, 0x22, 0x06, 0x15, 0x14, 0x16, 0x17, 0x1e, 0x01, 0x3b, 0x01, 0x32,
  0x16, 0x15, 0x14, 0x06, 0x2b, 0x01, 0x22, 0x06, 0x15, 0x14, 0x16, 0x3b,
  0x01, 0x32, 0x36, 0x35, 0x34, 0x26, 0x27, 0x2e, 0x01, 0xc2, 0x3a, 0x01,
  0x08, 0x3a, 0x72, 0xc0, 0xe0, 0xc0, 0x72, 0x9a, 0x48, 0x3a, 0xbc, 0x3a,
  0x01, 0x64, 0xa0, 0xa0, 0xa0, 0x40, 0x0d, 0x13, 0x13, 0x0d, 0x80, 0x0d,
  0x13, 0x13, 0x0d, 0x80, 0x28, 0x38, 0x0d, 0x0c, 0x0d, 0x25, 0x15, 0x40,
  0x0d, 0x13, 0x13, 0x0d, 0x80, 0x0d, 0x13, 0x13, 0x0d, 0x80, 0x28, 0x38,
  0x0d, 0x0c, 0x0d, 0x25, 0x80, 0xc0, 0xc0, 0x02, 0x80, 0xfd, 0x80, 0x02,
  0x00, 0xc0, 0xc0, 0xfe, 0x00, 0x01, 0x00, 0xff, 0x00, 0x02, 0xc0, 0x13,
  0x0d, 0x0d, 0x13, 0x13, 0x0d, 0x0d, 0x13, 0x38, 0x28, 0x12, 0x21, 0x0d,
  0x0f, 0x11, 0x13, 0x0d, 0x0d, 0x13, 0x13, 0x0d, 0x0d, 0x13, 0x38, 0x28,
  0x12, 0x21, 0x0d, 0x0f, 0x11, 0x00, 0x00, 0x00, 0x00, 0x04, 0x00, 0x00,
  0xff, 0xc0, 0x04, 0x00, 0x03, 0xc0, 0x00, 0x08, 0x00, 0x0d, 0x00, 0x10,
  0x00, 0x40, 0x00, 0x00, 0x3f, 0x01, 0x21, 0x17, 0x33, 0x03, 0x23, 0x03,
  0x33, 0x13, 0x33, 0x17, 0x23, 0x37, 0x25, 0x0b, 0x01, 0x13, 0x23, 0x22,
  0x26, 0x35, 0x34, 0x36, 0x3b, 0x01, 0x32, 0x36, 0x35, 0x34, 0x26, 0x2b,
  0x01, 0x22, 0x06, 0x15, 0x14, 0x16, 0x17, 0x1e, 0x01, 0x3b, 0x01, 0x32,
  0x16, 0x15, 0x14, 0x06, 0x2b, 0x01, 0x22, 0x06, 0x15, 0x14, 0x16, 0x3b,
  0x01, 0x32, 0x36, 0x35, 0x34, 0x26, 0x27, 0x2e, 0x01, 0xc2, 0x3a, 0x01,
  0x08, 0x3a, 0x72, 0xc0, 0xe0, 0xc0, 0x72, 0x9a, 0x48, 0x3a, 0xbc, 0x3a,
  0x02, 0xa4, 0xa0, 0xa0, 0xa0, 0x40, 0x0d, 0x13, 0x13, 0x0d, 0x80, 0x0d,
  0x13, 0x13, 0x0d, 0x80, 0x28, 0x38, 0x0d, 0x0c, 0x0d, 0x25, 0x15, 0x40,
  0x0d, 0x13, 0x13, 0x0d, 0x80, 0x0d, 0x13, 0x13, 0x0d, 0x80, 0x28, 0x38,
  0x0d, 0x0c, 0x0d, 0x25, 0x80, 0xc0, 0xc0, 0x02, 0x80, 0xfd, 0x80, 0x02,
  0x00, 0xc0, 0xc0, 0x80, 0xff, 0x00, 0x01, 0x00, 0xfd, 0x80, 0x13, 0x0d,
  0x0d, 0x13, 0x13, 0x0d, 0x0d, 0x13, 0x38, 0x28, 0x12, 0x21, 0x0d, 0x0f,
  0x11, 0x13, 0x0d, 0x0d, 0x13, 0x13, 0x0d, 0x0d, 0x13, 0x38, 0x28, 0x12,
  0x21, 0x0d, 0x0f, 0x11, 0x00, 0x02, 0x00, 0x00, 0xff, 0xc0, 0x03, 0x30,
  0x03, 0xc0, 0x00, 0x08, 0x00, 0x0c, 0x00, 0x00, 0x25, 0x37, 0x21, 0x17,
  0x33, 0x03, 0x23, 0x03, 0x33, 0x13, 0x33, 0x17, 0x23, 0x01, 0x42, 0x3a,
  0x01, 0x08, 0x3a, 0x72, 0xc0, 0xe0, 0xc0, 0x72, 0x9a, 0x48, 0x3a, 0xbc,
  0x80, 0xc0, 0xc0, 0x02, 0x80, 0xfd, 0x80, 0x02, 0x00, 0xc0, 0x00, 0x00,
  0x00, 0x07, 0x00, 0x00, 0xff, 0xc0, 0x04, 0x00, 0x03, 0xc0, 0x00, 0x07,
  0x00, 0x0f, 0x00, 0x13, 0x00, 0x17, 0x00, 0x1b, 0x00, 0x1f, 0x00, 0x22,
  0x00, 0x00, 0x01, 0x11, 0x21, 0x11, 0x23, 0x11, 0x21, 0x11, 0x05, 0x11,
  0x21, 0x11, 0x33, 0x11, 0x21, 0x11, 0x25, 0x33, 0x15, 0x23, 0x27, 0x33,
  0x15, 0x23, 0x25, 0x33, 0x15, 0x23, 0x37, 0x33, 0x15, 0x23, 0x25, 0x17,
  0x07, 0x01, 0x00, 0x03, 0x00, 0x40, 0xfd, 0x80, 0x02, 0xc0, 0xfd, 0x00,
  0x40, 0x02, 0x80, 0xfe, 0x40, 0x80, 0x80, 0xc0, 0x80, 0x80, 0x01, 0x80,
  0x80, 0x80, 0xc0, 0x80, 0x80, 0xfc, 0x80, 0xc0, 0xc0, 0x02, 0x40, 0x01,
  0x80, 0xfe, 0x80, 0x01, 0x40, 0xfe, 0xc0, 0xc0, 0xfe, 0x40, 0x01, 0xc0,
  0xfe, 0x80, 0x01, 0x80, 0x80, 0x40, 0x40, 0x40, 0x40, 0x40, 0x40, 0x40,
  0xe0, 0xc0, 0xc0, 0x00, 0x00, 0x03, 0x00, 0x00, 0xff, 0xc0, 0x03, 0xe0,
  0x03, 0xc0, 0x00, 0x03, 0x00, 0x0b, 0x00, 0x17, 0x00, 0x00, 0x37, 0x21,
  0x15, 0x21, 0x01, 0x21, 0x03, 0x23, 0x13, 0x21, 0x35, 0x21, 0x13, 0x27,
  0x07, 0x27, 0x37, 0x27, 0x37, 0x17, 0x37, 0x17, 0x07, 0x17, 0x00, 0x02,
  0x40, 0xfd, 0xc0, 0x03, 0x80, 0xfe, 0xd1, 0xb7, 0x85, 0xb8, 0xfe, 0xf3,
  0x02, 0xc0, 0x22, 0x82, 0x82, 0x3e, 0x82, 0x82, 0x3e, 0x82, 0x82, 0x3e,
  0x82, 0x82, 0x40, 0x80, 0x03, 0x80, 0xfd, 0x40, 0x02, 0xc0, 0x80, 0xfc,
  0x00, 0x82, 0x82, 0x3e, 0x82, 0x82, 0x3e, 0x82, 0x82, 0x3e, 0x82, 0x82,
  0x00, 0x0a, 0x00, 0x00, 0xff, 0xc0, 0x04, 0x00, 0x03, 0xc0, 0x00, 0x03,
  0x00, 0x07, 0x00, 0x0b, 0x00, 0x0f, 0x00, 0x13, 0x00, 0x17, 0x00, 0x1b,
  0x00, 0x1f, 0x00, 0x23, 0x00, 0x27, 0x00, 0x00, 0x13, 0x11, 0x21, 0x11,
  0x01, 0x35, 0x21, 0x15, 0x1d, 0x01, 0x21, 0x35, 0x01, 0x15, 0x21, 0x35,
  0x23, 0x15, 0x21, 0x35, 0x15, 0x21, 0x15, 0x21, 0x25, 0x21, 0x15, 0x21,
  0x3d, 0x01, 0x21, 0x15, 0x01, 0x21, 0x15, 0x21, 0x21, 0x35, 0x21, 0x15,
  0x00, 0x04, 0x00, 0xfd, 0x80, 0x01, 0x00, 0xff, 0x00, 0x01, 0x00, 0xff,
  0x00, 0x40, 0xff, 0x00, 0x01, 0x00, 0xff, 0x00, 0x02, 0x80, 0x01, 0x00,
  0xff, 0x00, 0x01, 0x00, 0xfc, 0x80, 0x01, 0x00, 0xff, 0x00, 0x02, 0x80,
  0x01, 0x00, 0x03, 0x00, 0xfd, 0x40, 0x02, 0xc0, 0xfe, 0x40, 0x80, 0x80,
  0x40, 0x80, 0x80, 0x01, 0x80, 0x80, 0x80, 0x80, 0x80, 0xc0, 0x80, 0x80,
  0x80, 0xc0, 0x80, 0x80, 0xff, 0x00, 0x80, 0x80, 0x80, 0x00, 0x00, 0x00,
  0x00, 0x0a, 0x00, 0x00, 0xff, 0xc0, 0x04, 0x00, 0x03, 0xc0, 0x00, 0x03,
  0x00, 0x07, 0x00, 0x0b, 0x00, 0x0f, 0x00, 0x13, 0x00, 0x17, 0x00, 0x1b,
  0x00, 0x1f, 0x00, 0x23, 0x00, 0x27, 0x00, 0x00, 0x13, 0x11, 0x21, 0x11,
  0x01, 0x35, 0x21, 0x15, 0x1d, 0x01, 0x21, 0x35, 0x01, 0x15, 0x21, 0x35,
  0x23, 0x15, 0x21, 0x35, 0x11, 0x21, 0x15, 0x21, 0x25, 0x21, 0x15, 0x21,
  0x11, 0x35, 0x21, 0x15, 0x01, 0x21, 0x15, 0x21, 0x21, 0x35, 0x21, 0x15,
  0x00, 0x04, 0x00, 0xfd, 0x80, 0x01, 0x00, 0xff, 0x00, 0x01, 0x00, 0xff,
  0x00, 0x40, 0xff, 0x00, 0x01, 0x00, 0xff, 0x00, 0x02, 0x80, 0x01, 0x00,
  0xff, 0x00, 0x01, 0x00, 0xfc, 0x80, 0x01, 0x00, 0xff, 0x00, 0x02, 0x80,
  0x01, 0x00, 0x03, 0x80, 0xfc, 0x80, 0x03, 0x80, 0xfd, 0xc0, 0xc0, 0xc0,
  0x40, 0xc0, 0xc0, 0x02, 0x00, 0xc0, 0xc0, 0xc0, 0xc0, 0xff, 0x00, 0xc0,
  0xc0, 0xc0, 0x01, 0x00, 0xc0, 0xc0, 0xfe, 0xc0, 0xc0, 0xc0, 0xc0, 0x00,
  0x00, 0x0e, 0x00, 0x00, 0xff, 0xc0, 0x04, 0x00, 0x03, 0xc0, 0x00, 0x03,
  0x00, 0x07, 0x00, 0x0f, 0x00, 0x13, 0x00, 0x17, 0x00, 0x1f, 0x00, 0x23,
  0x00, 0x27, 0x00, 0x2f, 0x00, 0x33, 0x00, 0x37, 0x00, 0x3f, 0x00, 0x43,
  0x00, 0x48, 0x00, 0x00, 0x01, 0x33, 0x15, 0x23, 0x37, 0x33, 0x15, 0x23,
  0x25, 0x11, 0x23, 0x35, 0x33, 0x35, 0x23, 0x35, 0x05, 0x33, 0x15, 0x23,
  0x37, 0x33, 0x15, 0x23, 0x25, 0x15, 0x33, 0x15, 0x23, 0x11, 0x33, 0x15,
  0x13, 0x33, 0x15, 0x23, 0x37, 0x33, 0x15, 0x23, 0x25, 0x11, 0x23, 0x35,
  0x33, 0x35, 0x23, 0x35, 0x05, 0x33, 0x15, 0x23, 0x37, 0x33, 0x15, 0x23,
  0x25, 0x15, 0x33, 0x15, 0x23, 0x11, 0x33, 0x15, 0x01, 0x21, 0x11, 0x21,
  0x13, 0x31, 0x11, 0x21, 0x11, 0x01, 0x80, 0x80, 0x80, 0xc0, 0x80, 0x80,
  0x01, 0x40, 0xc0, 0x80, 0x40, 0xfe, 0x40, 0x80, 0x80, 0xc0, 0x80, 0x80,
  0xfe, 0xc0, 0x40, 0x80, 0xc0, 0x40, 0x80, 0x80, 0xc0, 0x80, 0x80, 0x01,
  0x40, 0xc0, 0x80, 0x40, 0xfe, 0x40, 0x80, 0x80, 0xc0, 0x80, 0x80, 0xfe,
  0xc0, 0x40, 0x80, 0xc0, 0x02, 0x80, 0xfc, 0x80, 0x03, 0x80, 0x40, 0xfc,
  0x00, 0x03, 0x00, 0x40, 0x40, 0x40, 0x40, 0xff, 0x00, 0x40, 0x80, 0x40,
  0xc0, 0x40, 0x40, 0x40, 0xc0, 0x80, 0x40, 0x01, 0x00, 0x40, 0xfe, 0xc0,
  0x40, 0x40, 0x40, 0x40, 0xff, 0x00, 0x40, 0x80, 0x40, 0xc0, 0x40, 0x40,
  0x40, 0xc0, 0x80, 0x40, 0x01, 0x00, 0x40, 0x02, 0x40, 0xfc, 0x80, 0x03,
  0xc0, 0xfc, 0x00, 0x04, 0x00, 0x00, 0x00, 0x00, 0x00, 0x01, 0x00, 0x00,
  0xff, 0xc0, 0x03, 0x80, 0x03, 0xc0, 0x00, 0x17, 0x00, 0x00, 0x01, 0x21,
  0x15, 0x23, 0x11, 0x23, 0x11, 0x23, 0x11, 0x23, 0x11, 0x22, 0x27, 0x2e,
  0x01, 0x27, 0x26, 0x35, 0x34, 0x37, 0x3e, 0x01, 0x37, 0x36, 0x01, 0x80,
  0x02, 0x00, 0x80, 0x80, 0x80, 0x80, 0x35, 0x2f, 0x2e, 0x46, 0x14, 0x14,
  0x14, 0x14, 0x46, 0x2e, 0x2f, 0x03, 0xc0, 0x80, 0xfc, 0x80, 0x03, 0x80,
  0xfc, 0x80, 0x02, 0x00, 0x14, 0x14, 0x46, 0x2e, 0x2f, 0x35, 0x35, 0x2f,
  0x2e, 0x46, 0x14, 0x14, 0x00, 0x02, 0x00, 0x00, 0xff, 0xc0, 0x04, 0x00,
  0x03, 0xc0, 0x00, 0x17, 0x00, 0x1a, 0x00, 0x00, 0x01, 0x22, 0x07, 0x0e,
  0x01, 0x07, 0x06, 0x15, 0x14, 0x17, 0x1e, 0x01, 0x17, 0x16, 0x33, 0x11,
  0x33, 0x11, 0x33, 0x11, 0x33, 0x11, 0x33, 0x35, 0x09, 0x02, 0x02, 0x00,
  0x35, 0x2f, 0x2e, 0x46, 0x14, 0x14, 0x14, 0x14, 0x46, 0x2e, 0x2f, 0x35,
  0x80, 0x80, 0x80, 0x80, 0xfc, 0x00, 0x01, 0x00, 0xff, 0x00, 0x03, 0xc0,
  0x14, 0x14, 0x46, 0x2e, 0x2f, 0x35, 0x35, 0x2f, 0x2e, 0x46, 0x14, 0x14,
  0xfe, 0x00, 0x03, 0x80, 0xfc, 0x80, 0x03, 0x80, 0x80, 0xfd, 0x40, 0x01,
  0x00, 0x01, 0x00, 0x00, 0x00, 0x02, 0x00, 0x00, 0xff, 0xc0, 0x04, 0x00,
  0x03, 0xc0, 0x00, 0x17, 0x00, 0x1a, 0x00, 0x00, 0x01, 0x22, 0x07, 0x0e,
  0x01, 0x07, 0x06, 0x15, 0x14, 0x17, 0x1e, 0x01, 0x17, 0x16, 0x33, 0x11,
  0x33, 0x11, 0x33, 0x11, 0x33, 0x11, 0x33, 0x35, 0x05, 0x09, 0x01, 0x01,
  0x00, 0x35, 0x2f, 0x2e, 0x46, 0x14, 0x14, 0x14, 0x14, 0x46, 0x2e, 0x2f,
  0x35, 0x80, 0x80, 0x80, 0x80, 0x01, 0x00, 0xff, 0x00, 0x01, 0x00, 0x03,
  0xc0, 0x14, 0x14, 0x46, 0x2e, 0x2f, 0x35, 0x35, 0x2f, 0x2e, 0x46, 0x14,
  0x14, 0xfe, 0x00, 0x03, 0x80, 0xfc, 0x80, 0x03, 0x80, 0x80, 0xc0, 0xff,
  0x00, 0xff, 0x00, 0x00, 0x00, 0x02, 0x00, 0x00, 0xff, 0xc0, 0x02, 0xef,
  0x03, 0xc0, 0x00, 0x85, 0x00, 0x9e, 0x00, 0x00, 0x05, 0x22, 0x26, 0x27,
  0x2e, 0x01, 0x35, 0x34, 0x36, 0x37, 0x3e, 0x01, 0x33, 0x32, 0x16, 0x17,
  0x1e, 0x01, 0x15, 0x14, 0x06, 0x07, 0x0e, 0x01, 0x15, 0x14, 0x16, 0x17,
  0x1e, 0x01, 0x33, 0x32, 0x36, 0x37, 0x3e, 0x01, 0x35, 0x34, 0x26, 0x27,
  0x2e, 0x01, 0x27, 0x2e, 0x01, 0x27, 0x2e, 0x01, 0x35, 0x34, 0x36, 0x37,
  0x3e, 0x01, 0x37, 0x2e, 0x01, 0x27, 0x2e, 0x01, 0x35, 0x34, 0x36, 0x37,
  0x3e, 0x01, 0x33, 0x32, 0x16, 0x17, 0x1e, 0x01, 0x15, 0x14, 0x06, 0x07,
  0x31, 0x0e, 0x01, 0x23, 0x22, 0x26, 0x27, 0x2e, 0x01, 0x35, 0x34, 0x36,
  0x37, 0x3e, 0x01, 0x35, 0x34, 0x26, 0x27, 0x2e, 0x01, 0x23, 0x22, 0x06,
  0x07, 0x0e, 0x01, 0x15, 0x14, 0x16, 0x17, 0x1e, 0x01, 0x17, 0x1e, 0x01,
  0x17, 0x1e, 0x01, 0x15, 0x14, 0x06, 0x07, 0x0e, 0x01, 0x07, 0x1e, 0x01,
  0x17, 0x1e, 0x01, 0x15, 0x14, 0x06, 0x07, 0x0e, 0x01, 0x23, 0x03, 0x0e,
  0x01, 0x15, 0x14, 0x16, 0x17, 0x1e, 0x01, 0x17, 0x1e, 0x01, 0x17, 0x3e,
  0x01, 0x35, 0x34, 0x26, 0x27, 0x2e, 0x01, 0x27, 0x2e, 0x01, 0x27, 0x01,
  0xf0, 0x25, 0x3e, 0x19, 0x19, 0x19, 0x0a, 0x09, 0x0a, 0x19, 0x0d, 0x0e,
  0x18, 0x09, 0x09, 0x0a, 0x03, 0x03, 0x02, 0x02, 0x03, 0x05, 0x09, 0x18,
  0x0e, 0x11, 0x1e, 0x0e, 0x0e, 0x0e, 0x08, 0x08, 0x0e, 0x34, 0x25, 0x3c,
  0x50, 0x16, 0x12, 0x11, 0x12, 0x12, 0x10, 0x2d, 0x1d, 0x0f, 0x18, 0x08,
  0x09, 0x0a, 0x1c, 0x1c, 0x1c, 0x46, 0x28, 0x26, 0x3f, 0x19, 0x19, 0x19,
  0x0b, 0x0a, 0x06, 0x17, 0x12, 0x0f, 0x18, 0x0a, 0x09, 0x0a, 0x03, 0x03,
  0x01, 0x01, 0x05, 0x06, 0x07, 0x12, 0x0c, 0x12, 0x1f, 0x0d, 0x0d, 0x0d,
  0x07, 0x07, 0x0d, 0x2c, 0x1f, 0x3f, 0x58, 0x18, 0x11, 0x12, 0x12, 0x11,
  0x10, 0x2d, 0x1e, 0x10, 0x18, 0x07, 0x09, 0x09, 0x1c, 0x1c, 0x1c, 0x45,
  0x29, 0x32, 0x24, 0x23, 0x0a, 0x0a, 0x0f, 0x3a, 0x2b, 0x13, 0x21, 0x0e,
  0x25, 0x24, 0x0c, 0x0c, 0x0d, 0x36, 0x28, 0x16, 0x24, 0x0f, 0x40, 0x16,
  0x15, 0x15, 0x32, 0x1c, 0x0e, 0x17, 0x0a, 0x09, 0x0a, 0x09, 0x09, 0x09,
  0x18, 0x0e, 0x09, 0x12, 0x0a, 0x0a, 0x0b, 0x03, 0x02, 0x07, 0x03, 0x07,
  0x07, 0x0c, 0x0c, 0x0c, 0x19, 0x0e, 0x0e, 0x1a, 0x0c, 0x13, 0x2d, 0x19,
  0x29, 0x46, 0x1f, 0x18, 0x35, 0x1c, 0x1b, 0x38, 0x1a, 0x17, 0x29, 0x12,
  0x11, 0x20, 0x0f, 0x13, 0x26, 0x13, 0x24, 0x3e, 0x19, 0x19, 0x1a, 0x15,
  0x15, 0x15, 0x31, 0x1b, 0x0e, 0x19, 0x0b, 0x06, 0x0c, 0x0a, 0x08, 0x09,
  0x15, 0x0c, 0x06, 0x10, 0x0b, 0x06, 0x0a, 0x05, 0x07, 0x0d, 0x05, 0x05,
  0x05, 0x0c, 0x0b, 0x0c, 0x1c, 0x11, 0x0f, 0x19, 0x09, 0x12, 0x27, 0x14,
  0x29, 0x4b, 0x21, 0x19, 0x34, 0x1c, 0x1b, 0x37, 0x1b, 0x18, 0x2a, 0x12,
  0x12, 0x1f, 0x0d, 0x12, 0x25, 0x14, 0x25, 0x3f, 0x19, 0x1a, 0x19, 0x02,
  0x9c, 0x16, 0x32, 0x1e, 0x11, 0x1f, 0x0e, 0x15, 0x33, 0x1d, 0x0d, 0x18,
  0x0b, 0x16, 0x32, 0x1c, 0x0f, 0x21, 0x12, 0x12, 0x2f, 0x1d, 0x0e, 0x1b,
  0x0c, 0x00, 0x00, 0x00, 0x00, 0x05, 0x00, 0x00, 0xff, 0xc0, 0x04, 0x00,
  0x03, 0xc0, 0x00, 0x03, 0x00, 0x07, 0x00, 0x0b, 0x00, 0x0f, 0x00, 0x13,
  0x00, 0x00, 0x13, 0x21, 0x15, 0x21, 0x15, 0x21, 0x15, 0x21, 0x11, 0x21,
  0x15, 0x21, 0x11, 0x21, 0x15, 0x21, 0x11, 0x21, 0x15, 0x21, 0x00, 0x04,
  0x00, 0xfc, 0x00, 0x02, 0x80, 0xfd, 0x80, 0x02, 0x80, 0xfd, 0x80, 0x04,
  0x00, 0xfc, 0x00, 0x04, 0x00, 0xfc, 0x00, 0x03, 0x80, 0x80, 0x40, 0x80,
  0xff, 0x00, 0x80, 0x01, 0x40, 0x80, 0xff, 0x00, 0x80, 0x00, 0x00, 0x00,
  0x00, 0x05, 0x00, 0x00, 0xff, 0xc0, 0x04, 0x00, 0x03, 0xc0, 0x00, 0x03,
  0x00, 0x07, 0x00, 0x0b, 0x00, 0x0f, 0x00, 0x13, 0x00, 0x00, 0x13, 0x21,
  0x15, 0x21, 0x17, 0x21, 0x15, 0x21, 0x11, 0x21, 0x15, 0x21, 0x03, 0x21,
  0x15, 0x21, 0x11, 0x21, 0x15, 0x21, 0x00, 0x04, 0x00, 0xfc, 0x00, 0xc0,
  0x02, 0x80, 0xfd, 0x80, 0x02, 0x80, 0xfd, 0x80, 0xc0, 0x04, 0x00, 0xfc,
  0x00, 0x04, 0x00, 0xfc, 0x00, 0x03, 0x80, 0x80, 0x40, 0x80, 0xff, 0x00,
  0x80, 0x01, 0x40, 0x80, 0xff, 0x00, 0x80, 0x00, 0x00, 0x05, 0x00, 0x00,
  0xff, 0xc0, 0x04, 0x00, 0x03, 0xc0, 0x00, 0x03, 0x00, 0x07, 0x00, 0x0b,
  0x00, 0x0f, 0x00, 0x13, 0x00, 0x00, 0x13, 0x21, 0x15, 0x21, 0x05, 0x21,
  0x15, 0x21, 0x11, 0x21, 0x15, 0x21, 0x01, 0x21, 0x15, 0x21, 0x11, 0x21,
  0x15, 0x21, 0x00, 0x04, 0x00, 0xfc, 0x00, 0x01, 0x80, 0x02, 0x80, 0xfd,
  0x80, 0x02, 0x80, 0xfd, 0x80, 0xfe, 0x80, 0x04, 0x00, 0xfc, 0x00, 0x04,
  0x00, 0xfc, 0x00, 0x03, 0x80, 0x80, 0x40, 0x80, 0xff, 0x00, 0x80, 0x01,
  0x40, 0x80, 0xff, 0x00, 0x80, 0x00, 0x00, 0x00, 0x00, 0x05, 0x00, 0x00,
  0xff, 0xc0, 0x04, 0x00, 0x03, 0xc0, 0x00, 0x03, 0x00, 0x07, 0x00, 0x0b,
  0x00, 0x0f, 0x00, 0x13, 0x00, 0x00, 0x13, 0x21, 0x15, 0x21, 0x15, 0x21,
  0x15, 0x21, 0x15, 0x21, 0x15, 0x21, 0x15, 0x21, 0x15, 0x21, 0x15, 0x21,
  0x15, 0x21, 0x00, 0x04, 0x00, 0xfc, 0x00, 0x04, 0x00, 0xfc, 0x00, 0x04,
  0x00, 0xfc, 0x00, 0x04, 0x00, 0xfc, 0x00, 0x04, 0x00, 0xfc, 0x00, 0x03,
  0x80, 0x80, 0x40, 0x80, 0x40, 0x80, 0x40, 0x80, 0x40, 0x80, 0x00, 0x00,
  0x00, 0x06, 0x00, 0x00, 0xff, 0xc0, 0x04, 0x00, 0x03, 0xc0, 0x00, 0x03,
  0x00, 0x07, 0x00, 0x0b, 0x00, 0x0f, 0x00, 0x13, 0x00, 0x16, 0x00, 0x00,
  0x13, 0x21, 0x15, 0x21, 0x05, 0x21, 0x15, 0x21, 0x15, 0x21, 0x15, 0x21,
  0x15, 0x21, 0x15, 0x21, 0x05, 0x21, 0x15, 0x21, 0x19, 0x01, 0x05, 0x00,
  0x04, 0x00, 0xfc, 0x00, 0x01, 0x80, 0x02, 0x80, 0xfd, 0x80, 0x02, 0x80,
  0xfd, 0x80, 0x02, 0x80, 0xfd, 0x80, 0xfe, 0x80, 0x04, 0x00, 0xfc, 0x00,
  0x01, 0x00, 0x03, 0x80, 0x80, 0x40, 0x80, 0x40, 0x80, 0x40, 0x80, 0x40,
  0x80, 0x01, 0x00, 0x01, 0x80, 0xc0, 0x00, 0x00, 0x00, 0x06, 0x00, 0x00,
  0xff, 0xc0, 0x04, 0x00, 0x03, 0xc0, 0x00, 0x03, 0x00, 0x07, 0x00, 0x0b,
  0x00, 0x0f, 0x00, 0x13, 0x00, 0x16, 0x00, 0x00, 0x13, 0x21, 0x15, 0x21,
  0x05, 0x21, 0x15, 0x21, 0x15, 0x21, 0x15, 0x21, 0x15, 0x21, 0x15, 0x21,
  0x05, 0x21, 0x15, 0x21, 0x01, 0x11, 0x25, 0x00, 0x04, 0x00, 0xfc, 0x00,
  0x01, 0x80, 0x02, 0x80, 0xfd, 0x80, 0x02, 0x80, 0xfd, 0x80, 0x02, 0x80,
  0xfd, 0x80, 0xfe, 0x80, 0x04, 0x00, 0xfc, 0x00, 0x01, 0x00, 0xff, 0x00,
  0x03, 0x80, 0x80, 0x40, 0x80, 0x40, 0x80, 0x40, 0x80, 0x40, 0x80, 0x02,
  0x80, 0xfe, 0x80, 0xc0, 0x00, 0x02, 0x00, 0x00, 0xff, 0xc0, 0x04, 0x00,
  0x03, 0xc0, 0x00, 0x11, 0x00, 0x20, 0x00, 0x00, 0x01, 0x30, 0x37, 0x3e,
  0x01, 0x37, 0x36, 0x33, 0x15, 0x09, 0x01, 0x15, 0x22, 0x07, 0x0e, 0x01,
  0x07, 0x06, 0x05, 0x21, 0x11, 0x33, 0x3e, 0x01, 0x37, 0x3e, 0x01, 0x37,
  0x21, 0x11, 0x21, 0x11, 0x07, 0x01, 0x00, 0x0e, 0x0f, 0x53, 0x4b, 0x4b,
  0x7a, 0x01, 0x80, 0xfe, 0x80, 0x60, 0x48, 0x48, 0x60, 0x18, 0x18, 0x01,
  0xc0, 0xfd, 0xc0, 0x7e, 0x07, 0x11, 0x08, 0x21, 0x4f, 0x2c, 0xfe, 0x46,
  0x03, 0x40, 0x80, 0x01, 0x40, 0x1e, 0x1e, 0x48, 0x1e, 0x1e, 0xc0, 0x01,
  0x00, 0x01, 0x00, 0xc0, 0x1b, 0x1c, 0x5a, 0x39, 0x3a, 0xbc, 0x01, 0x80,
  0x09, 0x11, 0x08, 0x1f, 0x2f, 0x10, 0xfd, 0x80, 0x01, 0x0d, 0x56, 0x00,
  0x00, 0x04, 0x00, 0x00, 0xff, 0xc0, 0x03, 0xc0, 0x03, 0xc0, 0x00, 0x03,
  0x00, 0x07, 0x00, 0x0d, 0x00, 0x14, 0x00, 0x00, 0x13, 0x11, 0x21, 0x11,
  0x03, 0x21, 0x11, 0x21, 0x01, 0x11, 0x27, 0x11, 0x21, 0x27, 0x01, 0x17,
  0x07, 0x17, 0x37, 0x17, 0x11, 0xc0, 0x03, 0x00, 0x40, 0xfd, 0x80, 0x02,
  0x80, 0xfd, 0x00, 0x40, 0x03, 0x20, 0x40, 0xfe, 0x40, 0xa0, 0xc0, 0x60,
  0xc0, 0xa0, 0x03, 0x80, 0xfd, 0x00, 0x03, 0x00, 0xfd, 0x40, 0x02, 0x80,
  0xfd, 0x00, 0x02, 0xa0, 0x40, 0xfc, 0xe0, 0x40, 0x02, 0x80, 0xa0, 0xc0,
  0x60, 0xc0, 0xa0, 0x01, 0xa0, 0x00, 0x00, 0x00, 0x00, 0x02, 0x00, 0x00,
  0xff, 0xc0, 0x03, 0xe0, 0x03, 0xc0, 0x00, 0x05, 0x00, 0x0b, 0x00, 0x00,
  0x25, 0x17, 0x09, 0x01, 0x07, 0x17, 0x25, 0x27, 0x09, 0x01, 0x37, 0x27,
  0x02, 0x40, 0x60, 0x01, 0x40, 0xfe, 0xc0, 0x60, 0xe0, 0xfe, 0xa0, 0x60,
  0xfe, 0xc0, 0x01, 0x40, 0x60, 0xe0, 0xe0, 0x60, 0x01, 0x40, 0x01, 0x40,
  0x60, 0xe0, 0xe0, 0x60, 0xfe, 0xc0, 0xfe, 0xc0, 0x60, 0xe0, 0x00, 0x00,
  0x00, 0x03, 0x00, 0x00, 0xff, 0xc0, 0x04, 0xe0, 0x03, 0xc0, 0x00, 0x05,
  0x00, 0x0b, 0x00, 0x0f, 0x00, 0x00, 0x25, 0x17, 0x09, 0x01, 0x07, 0x17,
  0x25, 0x27, 0x09, 0x01, 0x37, 0x27, 0x01, 0x17, 0x03, 0x27, 0x03, 0x40,
  0x60, 0x01, 0x40, 0xfe, 0xc0, 0x60, 0xe0, 0xfd, 0xa0, 0x60, 0xfe, 0xc0,
  0x01, 0x40, 0x60, 0xe0, 0x01, 0xdd, 0x46, 0xc0, 0x46, 0xe0, 0x60, 0x01,
  0x40, 0x01, 0x40, 0x60, 0xe0, 0xe0, 0x60, 0xfe, 0xc0, 0xfe, 0xc0, 0x60,
  0xe0, 0x01, 0x69, 0x12, 0xfd, 0x40, 0x12, 0x00, 0x00, 0x05, 0x00, 0x00,
  0xff, 0xc0, 0x04, 0x00, 0x03, 0xc0, 0x00, 0x03, 0x00, 0x07, 0x00, 0x0b,
  0x00, 0x1f, 0x00, 0x23, 0x00, 0x00, 0x13, 0x11, 0x21, 0x11, 0x03, 0x21,
  0x11, 0x21, 0x07, 0x21, 0x11, 0x21, 0x01, 0x23, 0x15, 0x23, 0x15, 0x23,
  0x35, 0x33, 0x35, 0x33, 0x35, 0x23, 0x35, 0x23, 0x35, 0x33, 0x15, 0x33,
  0x15, 0x33, 0x05, 0x23, 0x35, 0x33, 0x00, 0x04, 0x00, 0x40, 0xfc, 0x80,
  0x03, 0x80, 0x40, 0xfd, 0x00, 0x03, 0x00, 0xfe, 0x40, 0x40, 0x40, 0x40,
  0x40, 0x40, 0x40, 0x40, 0x40, 0x40, 0x40, 0x01, 0x00, 0xc0, 0xc0, 0x03,
  0x80, 0xfc, 0x80, 0x03, 0x80, 0xfc, 0xc0, 0x03, 0x00, 0x40, 0xfd, 0x80,
  0x01, 0x40, 0x40, 0x40, 0x40, 0x40, 0x40, 0x40, 0x40, 0x40, 0x40, 0xc0,
  0x40, 0x00, 0x00, 0x00, 0x00, 0x01, 0x00, 0x00, 0xff, 0xc0, 0x04, 0x00,
  0x03, 0xc0, 0x00, 0x33, 0x00, 0x00, 0x01, 0x22, 0x06, 0x07, 0x25, 0x3e,
  0x01, 0x35, 0x34, 0x26, 0x27, 0x25, 0x1e, 0x01, 0x33, 0x32, 0x36, 0x35,
  0x34, 0x26, 0x23, 0x22, 0x06, 0x15, 0x14, 0x16, 0x17, 0x05, 0x2e, 0x01,
  0x23, 0x22, 0x06, 0x15, 0x14, 0x16, 0x33, 0x32, 0x36, 0x37, 0x05, 0x0e,
  0x01, 0x15, 0x14, 0x16, 0x33, 0x32, 0x36, 0x35, 0x34, 0x26, 0x03, 0x60,
  0x22, 0x3b, 0x16, 0xfe, 0x51, 0x01, 0x01, 0x01, 0x01, 0x01, 0xaf, 0x16,
  0x3b, 0x22, 0x42, 0x5e, 0x5e, 0x42, 0x42, 0x5e, 0x01, 0x01, 0xfe, 0x51,
  0x16, 0x3b, 0x22, 0x42, 0x5e, 0x5e, 0x42, 0x22, 0x3b, 0x16, 0x01, 0xaf,
  0x01, 0x01, 0x5e, 0x42, 0x42, 0x5e, 0x5e, 0x01, 0x00, 0x1a, 0x17, 0xd8,
  0x06, 0x0d, 0x06, 0x06, 0x0d, 0x06, 0xd8, 0x17, 0x1a, 0x5e, 0x42, 0x42,
  0x5e, 0x5e, 0x42, 0x06, 0x0d, 0x06, 0xd8, 0x17, 0x1a, 0x5e, 0x42, 0x42,
  0x5e, 0x1a, 0x17, 0xd8, 0x06, 0x0d, 0x06, 0x42, 0x5e, 0x5e, 0x42, 0x42,
  0x5e, 0x00, 0x00, 0x00, 0x00, 0x05, 0x00, 0x00, 0xff, 0xc0, 0x04, 0x00,
  0x03, 0xc0, 0x00, 0x0f, 0x00, 0x19, 0x00, 0x23, 0x00, 0x2f, 0x00, 0x39,
  0x00, 0x00, 0x01, 0x21, 0x22, 0x06, 0x15, 0x11, 0x14, 0x16, 0x33, 0x21,
  0x32, 0x36, 0x35, 0x11, 0x34, 0x26, 0x01, 0x21, 0x32, 0x16, 0x17, 0x09,
  0x01, 0x3e, 0x01, 0x33, 0x03, 0x11, 0x3c, 0x01, 0x35, 0x17, 0x07, 0x2e,
  0x01, 0x35, 0x05, 0x21, 0x22, 0x26, 0x27, 0x37, 0x17, 0x37, 0x17, 0x0e,
  0x01, 0x23, 0x37, 0x14, 0x06, 0x07, 0x27, 0x37, 0x1c, 0x01, 0x15, 0x11,
  0x03, 0x55, 0xfd, 0x56, 0x47, 0x64, 0x64, 0x47, 0x02, 0xaa, 0x47, 0x64,
  0x64, 0xfd, 0x64, 0x02, 0x00, 0x07, 0x0d, 0x06, 0xfe, 0xe6, 0xfe, 0xe6,
  0x06, 0x0d, 0x07, 0x40, 0xbc, 0xba, 0x01, 0x01, 0x02, 0x40, 0xfe, 0x00,
  0x04, 0x09, 0x04, 0xb7, 0x5a, 0x5a, 0xb7, 0x04, 0x09, 0x04, 0x40, 0x01,
  0x01, 0xba, 0xbc, 0x03, 0xc0, 0x64, 0x47, 0xfd, 0x56, 0x47, 0x64, 0x64,
  0x47, 0x02, 0xaa, 0x47, 0x64, 0xff, 0x00, 0x03, 0x03, 0xfe, 0xb7, 0x01,
  0x49, 0x03, 0x03, 0xfe, 0x40, 0x01, 0x80, 0x01, 0x02, 0x01, 0xdb, 0xba,
  0x04, 0x09, 0x04, 0x40, 0x01, 0x01, 0xb6, 0x69, 0x69, 0xb6, 0x01, 0x01,
  0x40, 0x04, 0x09, 0x04, 0xba, 0xdb, 0x01, 0x02, 0x01, 0xfe, 0x80, 0x00,
  0x00, 0x03, 0x00, 0x00, 0xff, 0xc0, 0x04, 0x00, 0x03, 0xc0, 0x00, 0x0f,
  0x00, 0x19, 0x00, 0x2b, 0x00, 0x00, 0x01, 0x21, 0x22, 0x06, 0x15, 0x11,
  0x14, 0x16, 0x33, 0x21, 0x32, 0x36, 0x35, 0x11, 0x34, 0x26, 0x07, 0x32,
  0x16, 0x17, 0x09, 0x01, 0x3e, 0x01, 0x33, 0x21, 0x01, 0x2a, 0x01, 0x23,
  0x13, 0x27, 0x07, 0x11, 0x09, 0x01, 0x11, 0x27, 0x07, 0x13, 0x2a, 0x01,
  0x23, 0x21, 0x03, 0x55, 0xfd, 0x56, 0x47, 0x64, 0x64, 0x47, 0x02, 0xaa,
  0x47, 0x64, 0x64, 0x47, 0x06, 0x0c, 0x04, 0xfe, 0x95, 0xfe, 0x95, 0x05,
  0x0b, 0x06, 0x02, 0xaa, 0xfd, 0x56, 0x02, 0x03, 0x01, 0xe2, 0x1e, 0xe9,
  0x01, 0x80, 0x01, 0x80, 0xe9, 0x1e, 0xe2, 0x01, 0x03, 0x02, 0xfd, 0x56,
  0x03, 0xc0, 0x64, 0x47, 0xfd, 0x56, 0x47, 0x64, 0x64, 0x47, 0x02, 0xaa,
  0x47, 0x64, 0x80, 0x03, 0x03, 0xfe, 0xd3, 0x01, 0x2d, 0x03, 0x03, 0xfd,
  0x00, 0x01, 0x39, 0x1e, 0xea, 0x02, 0x63, 0xfe, 0x30, 0x01, 0xd0, 0xfd,
  0x9d, 0xea, 0x1e, 0xfe, 0xc7, 0x00, 0x00, 0x00, 0x00, 0x04, 0x00, 0x00,
  0xff, 0xc0, 0x04, 0x00, 0x03, 0xc0, 0x00, 0x0f, 0x00, 0x14, 0x00, 0x1a,
  0x00, 0x1e, 0x00, 0x00, 0x01, 0x21, 0x22, 0x06, 0x15, 0x11, 0x14, 0x16,
  0x33, 0x21, 0x32, 0x36, 0x35, 0x11, 0x34, 0x26, 0x01, 0x27, 0x01, 0x17,
  0x03, 0x03, 0x37, 0x09, 0x01, 0x17, 0x01, 0x01, 0x03, 0x37, 0x01, 0x03,
  0x55, 0xfd, 0x56, 0x47, 0x64, 0x64, 0x47, 0x02, 0xaa, 0x47, 0x64, 0x64,
  0xfd, 0x1b, 0x4e, 0x01, 0x00, 0x1e, 0xd0, 0x1e, 0x1e, 0x01, 0x49, 0x01,
  0x49, 0x1e, 0xfe, 0x99, 0x01, 0x49, 0xd0, 0x1e, 0x01, 0x00, 0x03, 0xc0,
  0x64, 0x47, 0xfd, 0x56, 0x47, 0x64, 0x64, 0x47, 0x02, 0xaa, 0x47, 0x64,
  0xfc, 0x89, 0x4e, 0x01, 0x00, 0x1e, 0xfe, 0xd0, 0x02, 0xb0, 0x1e, 0xfe,
  0xf6, 0x01, 0x0a, 0x1e, 0xfe, 0x5a, 0xfe, 0xf6, 0x01, 0x30, 0x1e, 0xff,
  0x00, 0x00, 0x00, 0x00, 0x00, 0x05, 0x00, 0x00, 0xff, 0xc0, 0x04, 0x00,
  0x03, 0xc0, 0x00, 0x1b, 0x00, 0x25, 0x00, 0x2f, 0x00, 0x3a, 0x00, 0x44,
  0x00, 0x00, 0x01, 0x22, 0x07, 0x0e, 0x01, 0x07, 0x06, 0x15, 0x14, 0x17,
  0x1e, 0x01, 0x17, 0x16, 0x33, 0x32, 0x37, 0x3e, 0x01, 0x37, 0x36, 0x35,
  0x34, 0x27, 0x2e, 0x01, 0x27, 0x26, 0x01, 0x21, 0x32, 0x16, 0x17, 0x09,
  0x01, 0x3e, 0x01, 0x33, 0x03, 0x11, 0x3c, 0x01, 0x35, 0x17, 0x07, 0x2e,
  0x01, 0x35, 0x05, 0x21, 0x22, 0x26, 0x27, 0x37, 0x17, 0x37, 0x17, 0x0e,
  0x01, 0x37, 0x14, 0x06, 0x07, 0x27, 0x37, 0x1c, 0x01, 0x15, 0x11, 0x02,
  0x00, 0x6a, 0x5d, 0x5e, 0x8b, 0x28, 0x28, 0x28, 0x28, 0x8b, 0x5e, 0x5d,
  0x6a, 0x6a, 0x5d, 0x5e, 0x8b, 0x28, 0x28, 0x28, 0x28, 0x8b, 0x5e, 0x5d,
  0xfe, 0x96, 0x02, 0x00, 0x07, 0x0d, 0x06, 0xfe, 0xe6, 0xfe, 0xe6, 0x06,
  0x0d, 0x07, 0x40, 0xbc, 0xba, 0x01, 0x01, 0x02, 0x40, 0xfe, 0x00, 0x04,
  0x09, 0x04, 0xb7, 0x5a, 0x5a, 0xb7, 0x04, 0x09, 0x3c, 0x01, 0x01, 0xba,
  0xbc, 0x03, 0xc0, 0x28, 0x28, 0x8b, 0x5e, 0x5d, 0x6a, 0x6a, 0x5d, 0x5e,
  0x8b, 0x28, 0x28, 0x28, 0x28, 0x8b, 0x5e, 0x5d, 0x6a, 0x6a, 0x5d, 0x5e,
  0x8b, 0x28, 0x28, 0xff, 0x00, 0x03, 0x03, 0xfe, 0xb7, 0x01, 0x49, 0x03,
  0x03, 0xfe, 0x40, 0x01, 0x80, 0x01, 0x02, 0x01, 0xdb, 0xba, 0x04, 0x09,
  0x04, 0x40, 0x01, 0x01, 0xb6, 0x69, 0x69, 0xb6, 0x01, 0x01, 0x40, 0x04,
  0x09, 0x04, 0xba, 0xdb, 0x01, 0x02, 0x01, 0xfe, 0x80, 0x00, 0x00, 0x00,
  0x00, 0x04, 0x00, 0x00, 0xff, 0xc0, 0x03, 0xfc, 0x03, 0xc0, 0x00, 0x22,
  0x00, 0x35, 0x00, 0x71, 0x00, 0x7f, 0x00, 0x00, 0x25, 0x06, 0x07, 0x0e,
  0x01, 0x07, 0x06, 0x23, 0x22, 0x27, 0x2e, 0x01, 0x27, 0x26, 0x27, 0x26,
  0x36, 0x17, 0x16, 0x17, 0x1e, 0x01, 0x17, 0x16, 0x33, 0x32, 0x37, 0x3e,
  0x01, 0x37, 0x36, 0x37, 0x36, 0x16, 0x07, 0x37, 0x26, 0x06, 0x07, 0x06,
  0x26, 0x37, 0x36, 0x16, 0x17, 0x16, 0x06, 0x07, 0x06, 0x26, 0x37, 0x3e,
  0x01, 0x27, 0x25, 0x33, 0x3e, 0x01, 0x37, 0x36, 0x26, 0x27, 0x2e, 0x01,
  0x3d, 0x01, 0x34, 0x26, 0x27, 0x2e, 0x01, 0x23, 0x22, 0x07, 0x0e, 0x01,
  0x07, 0x06, 0x07, 0x06, 0x16, 0x1f, 0x01, 0x32, 0x36, 0x37, 0x3e, 0x01,
  0x33, 0x32, 0x16, 0x17, 0x1e, 0x01, 0x1d, 0x01, 0x0e, 0x01, 0x07, 0x0e,
  0x01, 0x15, 0x14, 0x16, 0x33, 0x32, 0x36, 0x37, 0x1e, 0x01, 0x17, 0x16,
  0x36, 0x37, 0x03, 0x14, 0x06, 0x07, 0x0e, 0x01, 0x23, 0x22, 0x26, 0x35,
  0x34, 0x36, 0x33, 0x15, 0x03, 0x9e, 0x2a, 0x33, 0x32, 0x6c, 0x38, 0x37,
  0x35, 0x4a, 0x45, 0x46, 0x80, 0x3a, 0x39, 0x32, 0x08, 0x0a, 0x09, 0x36,
  0x3c, 0x3c, 0x81, 0x43, 0x44, 0x45, 0x2e, 0x31, 0x30, 0x63, 0x30, 0x31,
  0x2f, 0x0e, 0x11, 0x0e, 0x2e, 0x0b, 0x5d, 0x1b, 0x08, 0x02, 0x07, 0x31,
  0x7c, 0x09, 0x09, 0x1b, 0x2d, 0x07, 0x0a, 0x03, 0x0a, 0x1e, 0x0b, 0xfe,
  0xf7, 0x01, 0x12, 0x39, 0x13, 0x08, 0x02, 0x05, 0x11, 0x1e, 0x09, 0x2d,
  0x24, 0x69, 0x2d, 0x2c, 0x2c, 0x2d, 0x4c, 0x1c, 0x1c, 0x0a, 0x02, 0x0d,
  0x07, 0x78, 0x08, 0x0b, 0x02, 0x08, 0x38, 0x23, 0x13, 0x27, 0x0b, 0x0d,
  0x02, 0x35, 0x80, 0x32, 0x3a, 0x4a, 0x6b, 0x4e, 0x41, 0x57, 0x33, 0x10,
  0x17, 0x1f, 0x07, 0x10, 0x06, 0x7c, 0x05, 0x12, 0x0e, 0x2d, 0x1a, 0x23,
  0x28, 0x75, 0x42, 0x4b, 0x1f, 0x18, 0x18, 0x20, 0x08, 0x08, 0x0d, 0x0d,
  0x32, 0x24, 0x24, 0x2d, 0x07, 0x0e, 0x06, 0x1f, 0x19, 0x19, 0x23, 0x09,
  0x09, 0x05, 0x05, 0x13, 0x0f, 0x0f, 0x14, 0x06, 0x16, 0x0a, 0x35, 0x0e,
  0x06, 0x04, 0x01, 0x0b, 0x06, 0x21, 0x05, 0x0b, 0x0c, 0x7a, 0x25, 0x06,
  0x05, 0x07, 0x1a, 0x58, 0x0e, 0x4a, 0x11, 0x31, 0x10, 0x06, 0x12, 0x09,
  0x17, 0x30, 0x2b, 0xc0, 0x3d, 0x6d, 0x2a, 0x22, 0x1b, 0x09, 0x09, 0x2c,
  0x24, 0x24, 0x37, 0x0b, 0x0d, 0x01, 0x0d, 0x0e, 0x08, 0x26, 0x24, 0x0e,
  0x12, 0x13, 0x30, 0x16, 0x10, 0x06, 0x0f, 0x16, 0x19, 0x65, 0x4b, 0x60,
  0x60, 0x26, 0x34, 0x18, 0x21, 0x19, 0x04, 0x01, 0x05, 0x01, 0x2d, 0x24,
  0x3f, 0x20, 0x1a, 0x1e, 0x32, 0x27, 0x4f, 0x2d, 0x1a, 0x00, 0x00, 0x00,
  0x00, 0x01, 0x00, 0x00, 0xff, 0xc0, 0x03, 0xf6, 0x03, 0xc0, 0x00, 0x3a,
  0x00, 0x00, 0x01, 0x15, 0x21, 0x06, 0x07, 0x0e, 0x01, 0x07, 0x06, 0x23,
  0x22, 0x27, 0x2e, 0x01, 0x27, 0x26, 0x35, 0x34, 0x37, 0x3e, 0x01, 0x37,
  0x36, 0x33, 0x32, 0x16, 0x17, 0x37, 0x26, 0x27, 0x2e, 0x01, 0x27, 0x26,
  0x23, 0x22, 0x07, 0x0e, 0x01, 0x07, 0x06, 0x15, 0x14, 0x17, 0x1e, 0x01,
  0x17, 0x16, 0x33, 0x32, 0x37, 0x3e, 0x01, 0x37, 0x36, 0x35, 0x34, 0x26,
  0x27, 0x02, 0x0a, 0x01, 0x23, 0x05, 0x11, 0x12, 0x44, 0x36, 0x35, 0x4c,
  0x41, 0x3a, 0x3a, 0x56, 0x19, 0x19, 0x19, 0x19, 0x56, 0x3a, 0x3a, 0x41,
  0x4b, 0x65, 0x1c, 0x8b, 0x21, 0x27, 0x26, 0x56, 0x2f, 0x30, 0x34, 0x6a,
  0x5d, 0x5d, 0x8b, 0x29, 0x28, 0x28, 0x29, 0x8b, 0x5d, 0x5d, 0x6a, 0x6f,
  0x5b, 0x5a, 0x81, 0x24, 0x23, 0x05, 0x03, 0x02, 0x09, 0xaf, 0x1d, 0x26,
  0x26, 0x44, 0x18, 0x18, 0x19, 0x1a, 0x57, 0x3b, 0x3b, 0x43, 0x43, 0x3b,
  0x3b, 0x57, 0x1a, 0x19, 0x33, 0x1c, 0x86, 0x1f, 0x19, 0x19, 0x23, 0x09,
  0x09, 0x28, 0x28, 0x8b, 0x5e, 0x5d, 0x6a, 0x6a, 0x5d, 0x5e, 0x8b, 0x28,
  0x28, 0x25, 0x25, 0x85, 0x5c, 0x5c, 0x6d, 0x19, 0x29, 0x13, 0x00, 0x00,
  0x00, 0x02, 0x00, 0x00, 0xff, 0xc0, 0x04, 0x00, 0x03, 0xc0, 0x00, 0x0f,
  0x00, 0x43, 0x00, 0x00, 0x01, 0x21, 0x22, 0x06, 0x15, 0x11, 0x14, 0x16,
  0x33, 0x21, 0x32, 0x36, 0x35, 0x11, 0x34, 0x26, 0x01, 0x22, 0x27, 0x2e,
  0x01, 0x27, 0x26, 0x35, 0x34, 0x37, 0x3e, 0x01, 0x37, 0x36, 0x33, 0x32,
  0x16, 0x17, 0x07, 0x2e, 0x01, 0x23, 0x22, 0x07, 0x0e, 0x01, 0x07, 0x06,
  0x15, 0x14, 0x17, 0x1e, 0x01, 0x17, 0x16, 0x33, 0x32, 0x36, 0x37, 0x23,
  0x35, 0x21, 0x1e, 0x01, 0x15, 0x14, 0x07, 0x0e, 0x01, 0x07, 0x06, 0x23,
  0x03, 0xa0, 0xfc, 0xc0, 0x28, 0x38, 0x38, 0x28, 0x03, 0x40, 0x28, 0x38,
  0x38, 0xfe, 0x40, 0x50, 0x46, 0x46, 0x68, 0x1e, 0x1e, 0x1e, 0x1e, 0x68,
  0x46, 0x46, 0x50, 0x4d, 0x82, 0x32, 0x68, 0x16, 0x4b, 0x38, 0x32, 0x2b,
  0x2b, 0x41, 0x13, 0x12, 0x12, 0x13, 0x41, 0x2b, 0x2b, 0x32, 0x72, 0x61,
  0x06, 0xd9, 0x01, 0x6a, 0x03, 0x03, 0x1a, 0x1b, 0x60, 0x44, 0x44, 0x53,
  0x03, 0xc0, 0x38, 0x28, 0xfc, 0xc0, 0x28, 0x38, 0x38, 0x28, 0x03, 0x40,
  0x28, 0x38, 0xfc, 0x80, 0x1e, 0x1e, 0x69, 0x45, 0x46, 0x50, 0x50, 0x46,
  0x45, 0x69, 0x1e, 0x1e, 0x35, 0x2f, 0x65, 0x15, 0x26, 0x13, 0x13, 0x42,
  0x2c, 0x2c, 0x32, 0x32, 0x2c, 0x2c, 0x42, 0x13, 0x13, 0x7b, 0x2a, 0x84,
  0x0f, 0x1e, 0x13, 0x52, 0x45, 0x45, 0x63, 0x1c, 0x1c, 0x00, 0x00, 0x00,
  0x00, 0x02, 0x00, 0x00, 0xff, 0xc0, 0x04, 0x00, 0x03, 0xc0, 0x00, 0x1b,
  0x00, 0x4f, 0x00, 0x00, 0x01, 0x22, 0x07, 0x0e, 0x01, 0x07, 0x06, 0x15,
  0x14, 0x17, 0x1e, 0x01, 0x17, 0x16, 0x33, 0x32, 0x37, 0x3e, 0x01, 0x37,
  0x36, 0x35, 0x34, 0x27, 0x2e, 0x01, 0x27, 0x26, 0x03, 0x22, 0x27, 0x2e,
  0x01, 0x27, 0x26, 0x35, 0x34, 0x37, 0x3e, 0x01, 0x37, 0x36, 0x33, 0x32,
  0x16, 0x17, 0x07, 0x2e, 0x01, 0x23, 0x22, 0x07, 0x0e, 0x01, 0x07, 0x06,
  0x15, 0x14, 0x17, 0x1e, 0x01, 0x17, 0x16, 0x33, 0x32, 0x36, 0x37, 0x23,
  0x35, 0x21, 0x1e, 0x01, 0x15, 0x14, 0x07, 0x0e, 0x01, 0x07, 0x06, 0x23,
  0x02, 0x00, 0x6a, 0x5d, 0x5e, 0x8b, 0x28, 0x28, 0x28, 0x28, 0x8b, 0x5e,
  0x5d, 0x6a, 0x6a, 0x5d, 0x5e, 0x8b, 0x28, 0x28, 0x28, 0x28, 0x8b, 0x5e,
  0x5d, 0x62, 0x50, 0x46, 0x46, 0x68, 0x1e, 0x1e, 0x1e, 0x1e, 0x68, 0x46,
  0x46, 0x50, 0x4d, 0x82, 0x32, 0x68, 0x16, 0x4b, 0x38, 0x32, 0x2b, 0x2b,
  0x41, 0x13, 0x12, 0x12, 0x13, 0x41, 0x2b, 0x2b, 0x32, 0x72, 0x61, 0x06,
  0xd9, 0x01, 0x6a, 0x03, 0x03, 0x1a, 0x1b, 0x60, 0x44, 0x44, 0x53, 0x03,
  0xc0, 0x28, 0x28, 0x8b, 0x5e, 0x5d, 0x6a, 0x6a, 0x5d, 0x5e, 0x8b, 0x28,
  0x28, 0x28, 0x28, 0x8b, 0x5e, 0x5d, 0x6a, 0x6a, 0x5d, 0x5e, 0x8b, 0x28,
  0x28, 0xfc, 0x80, 0x1e, 0x1e, 0x69, 0x45, 0x46, 0x50, 0x50, 0x46, 0x45,
  0x69, 0x1e, 0x1e, 0x35, 0x2f, 0x65, 0x15, 0x26, 0x13, 0x13, 0x42, 0x2c,
  0x2c, 0x32, 0x32, 0x2c, 0x2c, 0x42, 0x13, 0x13, 0x7b, 0x2a, 0x84, 0x0f,
  0x1e, 0x13, 0x52, 0x45, 0x45, 0x63, 0x1c, 0x1c, 0x00, 0x02, 0x00, 0x00,
  0xff, 0xc0, 0x04, 0x00, 0x03, 0xc0, 0x00, 0x33, 0x00, 0x3f, 0x00, 0x00,
  0x01, 0x15, 0x33, 0x0e, 0x01, 0x23, 0x22, 0x27, 0x2e, 0x01, 0x27, 0x26,
  0x35, 0x34, 0x37, 0x3e, 0x01, 0x37, 0x36, 0x33, 0x32, 0x16, 0x17, 0x37,
  0x2e, 0x01, 0x23, 0x22, 0x07, 0x0e, 0x01, 0x07, 0x06, 0x15, 0x14, 0x17,
  0x1e, 0x01, 0x17, 0x16, 0x33, 0x32, 0x37, 0x3e, 0x01, 0x37, 0x36, 0x35,
  0x34, 0x26, 0x27, 0x21, 0x25, 0x23, 0x35, 0x23, 0x15, 0x23, 0x15, 0x33,
  0x15, 0x33, 0x35, 0x33, 0x01, 0x46, 0xb9, 0x06, 0x52, 0x61, 0x2a, 0x25,
  0x24, 0x37, 0x10, 0x10, 0x10, 0x10, 0x37, 0x24, 0x25, 0x2a, 0x2f, 0x40,
  0x13, 0x58, 0x2b, 0x6d, 0x42, 0x44, 0x3b, 0x3b, 0x59, 0x19, 0x1a, 0x1a,
  0x19, 0x59, 0x3b, 0x3b, 0x44, 0x46, 0x3a, 0x3a, 0x52, 0x16, 0x17, 0x03,
  0x03, 0xfe, 0xcd, 0x02, 0xba, 0x60, 0x60, 0x60, 0x60, 0x60, 0x60, 0x01,
  0xf7, 0x70, 0x24, 0x69, 0x10, 0x11, 0x37, 0x26, 0x25, 0x2b, 0x2b, 0x25,
  0x26, 0x37, 0x11, 0x10, 0x21, 0x11, 0x55, 0x28, 0x2d, 0x1a, 0x19, 0x59,
  0x3b, 0x3b, 0x44, 0x44, 0x3b, 0x3b, 0x59, 0x19, 0x1a, 0x18, 0x17, 0x55,
  0x3a, 0x3b, 0x46, 0x10, 0x19, 0x0d, 0x09, 0x60, 0x60, 0x60, 0x60, 0x60,
  0x00, 0x03, 0x00, 0x00, 0xff, 0xc0, 0x04, 0x00, 0x03, 0xc0, 0x00, 0x0f,
  0x00, 0x3b, 0x00, 0x47, 0x00, 0x00, 0x01, 0x21, 0x22, 0x06, 0x15, 0x11,
  0x14, 0x16, 0x33, 0x21, 0x32, 0x36, 0x35, 0x11, 0x34, 0x26, 0x01, 0x22,
  0x27, 0x2e, 0x01, 0x27, 0x26, 0x35, 0x34, 0x37, 0x3e, 0x01, 0x37, 0x36,
  0x33, 0x32, 0x16, 0x17, 0x07, 0x2e, 0x01, 0x23, 0x22, 0x06, 0x15, 0x14,
  0x16, 0x33, 0x32, 0x36, 0x37, 0x23, 0x35, 0x33, 0x1e, 0x01, 0x15, 0x14,
  0x07, 0x0e, 0x01, 0x07, 0x06, 0x23, 0x01, 0x23, 0x15, 0x23, 0x35, 0x23,
  0x35, 0x33, 0x35, 0x33, 0x15, 0x33, 0x03, 0xa0, 0xfc, 0xc0, 0x28, 0x38,
  0x38, 0x28, 0x03, 0x40, 0x28, 0x38, 0x38, 0xfd, 0xb8, 0x35, 0x2f, 0x2e,
  0x46, 0x14, 0x14, 0x14, 0x14, 0x46, 0x2e, 0x2f, 0x35, 0x34, 0x56, 0x22,
  0x46, 0x0e, 0x33, 0x25, 0x42, 0x5d, 0x5d, 0x42, 0x4c, 0x41, 0x04, 0x91,
  0xf2, 0x01, 0x03, 0x12, 0x11, 0x41, 0x2d, 0x2e, 0x37, 0x02, 0x00, 0x40,
  0x40, 0x40, 0x40, 0x40, 0x40, 0x03, 0xc0, 0x38, 0x28, 0xfc, 0xc0, 0x28,
  0x38, 0x38, 0x28, 0x03, 0x40, 0x28, 0x38, 0xfd, 0x00, 0x14, 0x14, 0x46,
  0x2e, 0x2f, 0x35, 0x35, 0x2f, 0x2e, 0x46, 0x14, 0x14, 0x24, 0x1f, 0x43,
  0x0e, 0x1a, 0x5f, 0x43, 0x43, 0x5f, 0x53, 0x1c, 0x58, 0x0a, 0x14, 0x0d,
  0x37, 0x2e, 0x2e, 0x42, 0x12, 0x13, 0x01, 0x00, 0x40, 0x40, 0x40, 0x40,
  0x40, 0x00, 0x00, 0x00, 0x00, 0x03, 0x00, 0x00, 0xff, 0xc0, 0x04, 0x00,
  0x03, 0xc0, 0x00, 0x1b, 0x00, 0x47, 0x00, 0x53, 0x00, 0x00, 0x01, 0x22,
  0x07, 0x0e, 0x01, 0x07, 0x06, 0x15, 0x14, 0x17, 0x1e, 0x01, 0x17, 0x16,
  0x33, 0x32, 0x37, 0x3e, 0x01, 0x37, 0x36, 0x35, 0x34, 0x27, 0x2e, 0x01,
  0x27, 0x26, 0x03, 0x22, 0x27, 0x2e, 0x01, 0x27, 0x26, 0x35, 0x34, 0x37,
  0x3e, 0x01, 0x37, 0x36, 0x33, 0x32, 0x16, 0x17, 0x07, 0x2e, 0x01, 0x23,
  0x22, 0x06, 0x15, 0x14, 0x16, 0x33, 0x32, 0x36, 0x37, 0x23, 0x35, 0x33,
  0x1e, 0x01, 0x15, 0x14, 0x07, 0x0e, 0x01, 0x07, 0x06, 0x23, 0x01, 0x15,
  0x23, 0x35, 0x23, 0x35, 0x33, 0x35, 0x33, 0x15, 0x33, 0x15, 0x02, 0x00,
  0x6a, 0x5d, 0x5e, 0x8b, 0x28, 0x28, 0x28, 0x28, 0x8b, 0x5e, 0x5d, 0x6a,
  0x6a, 0x5d, 0x5e, 0x8b, 0x28, 0x28, 0x28, 0x28, 0x8b, 0x5e, 0x5d, 0xea,
  0x35, 0x2f, 0x2e, 0x46, 0x14, 0x14, 0x14, 0x14, 0x46, 0x2e, 0x2f, 0x35,
  0x34, 0x56, 0x22, 0x46, 0x0e, 0x33, 0x25, 0x42, 0x5d, 0x5d, 0x42, 0x4c,
  0x41, 0x04, 0x91, 0xf2, 0x01, 0x03, 0x12, 0x11, 0x41, 0x2d, 0x2e, 0x37,
  0x01, 0xc0, 0x40, 0x40, 0x40, 0x40, 0x40, 0x03, 0xc0, 0x28, 0x28, 0x8b,
  0x5e, 0x5d, 0x6a, 0x6a, 0x5d, 0x5e, 0x8b, 0x28, 0x28, 0x28, 0x28, 0x8b,
  0x5e, 0x5d, 0x6a, 0x6a, 0x5d, 0x5e, 0x8b, 0x28, 0x28, 0xfd, 0x00, 0x14,
  0x14, 0x46, 0x2e, 0x2f, 0x35, 0x35, 0x2f, 0x2e, 0x46, 0x14, 0x14, 0x24,
  0x1f, 0x43, 0x0e, 0x1a, 0x5f, 0x43, 0x43, 0x5f, 0x53, 0x1c, 0x58, 0x0a,
  0x14, 0x0d, 0x37, 0x2e, 0x2e, 0x42, 0x12, 0x13, 0x01, 0x00, 0x40, 0x40,
  0x40, 0x40, 0x40, 0x40, 0x00, 0x03, 0x00, 0x00, 0xff, 0xc0, 0x03, 0xba,
  0x03, 0xc0, 0x00, 0x1d, 0x00, 0x25, 0x00, 0x2d, 0x00, 0x00, 0x01, 0x22,
  0x07, 0x0e, 0x01, 0x07, 0x06, 0x15, 0x14, 0x17, 0x1e, 0x01, 0x17, 0x16,
  0x33, 0x15, 0x36, 0x37, 0x3e, 0x01, 0x37, 0x36, 0x35, 0x34, 0x27, 0x2e,
  0x01, 0x27, 0x26, 0x23, 0x03, 0x14, 0x06, 0x23, 0x35, 0x23, 0x35, 0x33,
  0x05, 0x14, 0x06, 0x23, 0x35, 0x23, 0x35, 0x33, 0x02, 0x00, 0x5c, 0x50,
  0x51, 0x78, 0x23, 0x22, 0x24, 0x25, 0x7a, 0x50, 0x50, 0x57, 0x65, 0x51,
  0x52, 0x74, 0x1f, 0x1f, 0x22, 0x23, 0x78, 0x51, 0x51, 0x5b, 0x40, 0x25,
  0x1b, 0x80, 0xc0, 0x01, 0x40, 0x25, 0x1b, 0x80, 0xc0, 0x03, 0xc0, 0x23,
  0x23, 0x78, 0x50, 0x51, 0x5b, 0x57, 0x4c, 0x4d, 0x71, 0x21, 0x21, 0xa3,
  0x33, 0x42, 0x41, 0x96, 0x53, 0x52, 0x55, 0x5b, 0x51, 0x50, 0x78, 0x23,
  0x23, 0xfe, 0x00, 0x28, 0x38, 0x60, 0xc0, 0xc0, 0x28, 0x38, 0x60, 0xc0,
  0x00, 0x03, 0x00, 0x00, 0xff, 0xc0, 0x03, 0xfb, 0x03, 0xc0, 0x00, 0x03,
  0x00, 0x07, 0x00, 0x0b, 0x00, 0x00, 0x01, 0x03, 0x21, 0x13, 0x27, 0x01,
  0x21, 0x01, 0x09, 0x01, 0x13, 0x01, 0x01, 0xb6, 0xb9, 0x02, 0x45, 0xb9,
  0x1b, 0xfe, 0xd9, 0xfe, 0x8e, 0x01, 0x28, 0xfe, 0xb3, 0xfe, 0xde, 0xb9,
  0x01, 0x22, 0x01, 0x40, 0xfe, 0xc0, 0x01, 0x40, 0x40, 0x02, 0x00, 0xfe,
  0x00, 0x01, 0xc0, 0xfe, 0x09, 0xfe, 0xc0, 0x01, 0xf7, 0x00, 0x00, 0x00,
  0x00, 0x01, 0x00, 0x00, 0xff, 0xc0, 0x03, 0x00, 0x03, 0xc0, 0x00, 0x17,
  0x00, 0x00, 0x01, 0x33, 0x35, 0x23, 0x22, 0x07, 0x0e, 0x01, 0x07, 0x06,
  0x1d, 0x01, 0x23, 0x15, 0x33, 0x11, 0x33, 0x11, 0x33, 0x37, 0x23, 0x35,
  0x34, 0x36, 0x02, 0x60, 0xa0, 0xa0, 0x2e, 0x29, 0x29, 0x3d, 0x11, 0x12,
  0x80, 0x80, 0xc0, 0xa0, 0x20, 0xc0, 0x13, 0x03, 0x00, 0xc0, 0x12, 0x11,
  0x3d, 0x29, 0x29, 0x2e, 0x60, 0xc0, 0xfe, 0x00, 0x02, 0x00, 0xc0, 0x60,
  0x0d, 0x13, 0x00, 0x00, 0x00, 0x01, 0x00, 0x00, 0xff, 0xc0, 0x04, 0x00,
  0x03, 0xc0, 0x00, 0x23, 0x00, 0x00, 0x01, 0x21, 0x22, 0x06, 0x15, 0x11,
  0x14, 0x16, 0x33, 0x21, 0x11, 0x23, 0x35, 0x33, 0x35, 0x34, 0x36, 0x3b,
  0x01, 0x15, 0x23, 0x22, 0x06, 0x1d, 0x01, 0x33, 0x07, 0x23, 0x11, 0x21,
  0x32, 0x36, 0x35, 0x11, 0x34, 0x26, 0x03, 0xa0, 0xfc, 0xc0, 0x28, 0x38,
  0x38, 0x28, 0x01, 0xa0, 0x80, 0x80, 0x71, 0x4f, 0x80, 0x80, 0x1a, 0x26,
  0xc0, 0x20, 0xa0, 0x01, 0x20, 0x28, 0x38, 0x38, 0x03, 0xc0, 0x38, 0x28,
  0xfc, 0xc0, 0x28, 0x38, 0x01, 0xc0, 0x80, 0x40, 0x4f, 0x71, 0x80, 0x26,
  0x1a, 0x40, 0x80, 0xfe, 0x40, 0x38, 0x28, 0x03, 0x40, 0x28, 0x38, 0x00,
  0x00, 0x05, 0x00, 0x00, 0xff, 0xc0, 0x03, 0xff, 0x03, 0xc0, 0x00, 0x48,
  0x00, 0x92, 0x00, 0xae, 0x00, 0xba, 0x00, 0xc6, 0x00, 0x00, 0x01, 0x32,
  0x16, 0x17, 0x1e, 0x01, 0x17, 0x1e, 0x01, 0x17, 0x1e, 0x01, 0x17, 0x1e,
  0x01, 0x17, 0x1e, 0x01, 0x15, 0x14, 0x06, 0x07, 0x0e, 0x01, 0x07, 0x0e,
  0x01, 0x07, 0x0e, 0x01, 0x07, 0x0e, 0x01, 0x07, 0x0e, 0x01, 0x23, 0x22,
  0x26, 0x27, 0x2e, 0x01, 0x27, 0x2e, 0x01, 0x27, 0x2e, 0x01, 0x27, 0x2e,
  0x01, 0x27, 0x2e, 0x01, 0x35, 0x34, 0x36, 0x37, 0x3e, 0x01, 0x37, 0x3e,
  0x01, 0x37, 0x3e, 0x01, 0x37, 0x3e, 0x01, 0x37, 0x3e, 0x01, 0x33, 0x35,
  0x22, 0x06, 0x07, 0x0e, 0x01, 0x07, 0x0e, 0x01, 0x07, 0x0e, 0x01, 0x07,
  0x0e, 0x01, 0x07, 0x0e, 0x01, 0x15, 0x14, 0x16, 0x17, 0x1e, 0x01, 0x17,
  0x1e, 0x01, 0x17, 0x1e, 0x01, 0x17, 0x1e, 0x01, 0x17, 0x1e, 0x01, 0x33,
  0x32, 0x36, 0x37, 0x3e, 0x01, 0x37, 0x3e, 0x01, 0x37, 0x3e, 0x01, 0x37,
  0x3e, 0x01, 0x37, 0x3e, 0x01, 0x35, 0x34, 0x26, 0x27, 0x2e, 0x01, 0x27,
  0x2e, 0x01, 0x27, 0x2e, 0x01, 0x27, 0x2e, 0x01, 0x27, 0x2e, 0x01, 0x23,
  0x31, 0x15, 0x22, 0x07, 0x0e, 0x01, 0x07, 0x06, 0x15, 0x14, 0x17, 0x1e,
  0x01, 0x17, 0x16, 0x33, 0x32, 0x37, 0x3e, 0x01, 0x37, 0x36, 0x35, 0x34,
  0x27, 0x2e, 0x01, 0x27, 0x26, 0x03, 0x22, 0x26, 0x35, 0x34, 0x36, 0x33,
  0x32, 0x16, 0x15, 0x14, 0x06, 0x01, 0x14, 0x06, 0x23, 0x22, 0x26, 0x35,
  0x34, 0x36, 0x33, 0x32, 0x16, 0x02, 0x00, 0x67, 0x3f, 0x29, 0x25, 0x2c,
  0x0e, 0x12, 0x1b, 0x0e, 0x0d, 0x12, 0x07, 0x05, 0x0b, 0x02, 0x01, 0x02,
  0x02, 0x01, 0x02, 0x0b, 0x05, 0x07, 0x12, 0x0d, 0x0e, 0x1b, 0x12, 0x0e,
  0x2c, 0x25, 0x29, 0x3f, 0x67, 0x66, 0x40, 0x29, 0x25, 0x2c, 0x0e, 0x11,
  0x1c, 0x0d, 0x0e, 0x12, 0x07, 0x05, 0x0b, 0x01, 0x02, 0x01, 0x01, 0x02,
  0x01, 0x0b, 0x05, 0x07, 0x12, 0x0d, 0x0e, 0x1b, 0x12, 0x0e, 0x2c, 0x25,
  0x29, 0x3f, 0x67, 0x68, 0x42, 0x29, 0x29, 0x3b, 0x18, 0x1a, 0x2c, 0x15,
  0x15, 0x1c, 0x0a, 0x0a, 0x0c, 0x02, 0x02, 0x01, 0x01, 0x02, 0x02, 0x0c,
  0x0a, 0x0a, 0x1c, 0x15, 0x15, 0x2c, 0x1a, 0x18, 0x3b, 0x29, 0x29, 0x42,
  0x68, 0x68, 0x42, 0x29, 0x29, 0x3b, 0x18, 0x19, 0x2c, 0x16, 0x15, 0x1c,
  0x0a, 0x09, 0x0d, 0x01, 0x02, 0x01, 0x01, 0x02, 0x01, 0x0d, 0x09, 0x0a,
  0x1c, 0x15, 0x15, 0x2c, 0x1a, 0x18, 0x3b, 0x29, 0x29, 0x42, 0x68, 0x36,
  0x30, 0x30, 0x48, 0x14, 0x15, 0x15, 0x14, 0x48, 0x30, 0x30, 0x36, 0x36,
  0x30, 0x30, 0x48, 0x14, 0x15, 0x15, 0x14, 0x48, 0x30, 0x30, 0x36, 0x47,
  0x64, 0x64, 0x47, 0x47, 0x64, 0x64, 0x01, 0x08, 0x24, 0x1a, 0x19, 0x24,
  0x24, 0x19, 0x1a, 0x24, 0x03, 0x64, 0x01, 0x02, 0x02, 0x0b, 0x05, 0x07,
  0x12, 0x0d, 0x0d, 0x1c, 0x12, 0x0d, 0x2c, 0x26, 0x28, 0x40, 0x67, 0x66,
  0x40, 0x28, 0x26, 0x2c, 0x0d, 0x12, 0x1c, 0x0d, 0x0e, 0x12, 0x07, 0x05,
  0x0b, 0x01, 0x02, 0x01, 0x01, 0x02, 0x01, 0x0b, 0x05, 0x07, 0x12, 0x0e,
  0x0d, 0x1c, 0x11, 0x0e, 0x2c, 0x25, 0x29, 0x40, 0x66, 0x67, 0x40, 0x28,
  0x25, 0x2c, 0x0e, 0x12, 0x1b, 0x0e, 0x0d, 0x12, 0x07, 0x05, 0x0b, 0x02,
  0x02, 0x01, 0x5c, 0x01, 0x02, 0x02, 0x0c, 0x0a, 0x0a, 0x1c, 0x15, 0x15,
  0x2c, 0x1a, 0x18, 0x3b, 0x29, 0x29, 0x42, 0x68, 0x68, 0x42, 0x29, 0x29,
  0x3b, 0x18, 0x1a, 0x2c, 0x15, 0x15, 0x1c, 0x0a, 0x09, 0x0d, 0x02, 0x02,
  0x01, 0x01, 0x02, 0x02, 0x0d, 0x09, 0x0a, 0x1c, 0x15, 0x15, 0x2c, 0x1a,
  0x18, 0x3b, 0x29, 0x29, 0x42, 0x68, 0x68, 0x42, 0x29, 0x29, 0x3b, 0x18,
  0x19, 0x2d, 0x15, 0x15, 0x1c, 0x0a, 0x09, 0x0d, 0x02, 0x02, 0x01, 0xf9,
  0x15, 0x14, 0x48, 0x30, 0x30, 0x36, 0x36, 0x30, 0x30, 0x48, 0x14, 0x15,
  0x15, 0x14, 0x48, 0x30, 0x30, 0x36, 0x36, 0x30, 0x30, 0x48, 0x14, 0x15,
  0xfe, 0x4e, 0x64, 0x47, 0x47, 0x64, 0x64, 0x47, 0x47, 0x64, 0x01, 0xbc,
  0x19, 0x24, 0x24, 0x19, 0x1a, 0x24, 0x24, 0x00, 0x00, 0x03, 0x00, 0x00,
  0xff, 0xc0, 0x03, 0xfe, 0x03, 0xc0, 0x00, 0x27, 0x00, 0x4f, 0x00, 0x96,
  0x00, 0x00, 0x01, 0x26, 0x27, 0x2e, 0x01, 0x27, 0x26, 0x23, 0x22, 0x07,
  0x0e, 0x01, 0x07, 0x06, 0x15, 0x14, 0x16, 0x17, 0x03, 0x25, 0x1e, 0x01,
  0x33, 0x31, 0x38, 0x01, 0x31, 0x32, 0x37, 0x3e, 0x01, 0x37, 0x36, 0x35,
  0x34, 0x27, 0x2e, 0x01, 0x27, 0x26, 0x01, 0x31, 0x22, 0x26, 0x2f, 0x01,
  0x07, 0x37, 0x27, 0x2e, 0x01, 0x35, 0x34, 0x37, 0x3e, 0x01, 0x37, 0x36,
  0x33, 0x32, 0x17, 0x1e, 0x01, 0x17, 0x16, 0x17, 0x16, 0x17, 0x1e, 0x01,
  0x17, 0x16, 0x15, 0x14, 0x07, 0x0e, 0x01, 0x07, 0x06, 0x23, 0x13, 0x2e,
  0x01, 0x27, 0x26, 0x22, 0x07, 0x0e, 0x01, 0x07, 0x0e, 0x01, 0x27, 0x2e,
  0x01, 0x27, 0x2e, 0x01, 0x27, 0x26, 0x36, 0x37, 0x3e, 0x01, 0x37, 0x3e,
  0x01, 0x37, 0x36, 0x26, 0x27, 0x2e, 0x01, 0x27, 0x2e, 0x01, 0x23, 0x26,
  0x22, 0x23, 0x22, 0x06, 0x07, 0x0e, 0x01, 0x15, 0x14, 0x16, 0x17, 0x16,
  0x17, 0x1e, 0x01, 0x17, 0x16, 0x17, 0x1e, 0x01, 0x17, 0x1e, 0x01, 0x37,
  0x3e, 0x01, 0x37, 0x3e, 0x01, 0x27, 0x2e, 0x01, 0x27, 0x03, 0x69, 0x24,
  0x29, 0x2a, 0x5b, 0x31, 0x31, 0x33, 0x69, 0x5c, 0x5d, 0x89, 0x28, 0x28,
  0x22, 0x22, 0x48, 0x01, 0x0d, 0x37, 0x7b, 0x40, 0x69, 0x5c, 0x5d, 0x8a,
  0x28, 0x28, 0x0a, 0x0a, 0x26, 0x1b, 0x1c, 0xfe, 0x75, 0x39, 0x6d, 0x31,
  0x0f, 0xa0, 0x2b, 0x0a, 0x20, 0x21, 0x22, 0x21, 0x72, 0x4d, 0x4d, 0x57,
  0x2b, 0x28, 0x29, 0x4c, 0x22, 0x23, 0x1e, 0x1d, 0x17, 0x17, 0x20, 0x08,
  0x08, 0x21, 0x22, 0x72, 0x4d, 0x4d, 0x57, 0xe7, 0x09, 0x44, 0x09, 0x09,
  0x0d, 0x07, 0x06, 0x1c, 0x06, 0x06, 0x0c, 0x09, 0x0a, 0x38, 0x24, 0x1d,
  0x24, 0x06, 0x06, 0x07, 0x05, 0x04, 0x0a, 0x05, 0x04, 0x05, 0x03, 0x03,
  0x01, 0x03, 0x02, 0x1d, 0x08, 0x07, 0x10, 0x05, 0x06, 0x0c, 0x07, 0x06,
  0x13, 0x08, 0x09, 0x24, 0x2f, 0x05, 0x02, 0x11, 0x10, 0x38, 0x27, 0x27,
  0x30, 0x16, 0x24, 0x0e, 0x17, 0x28, 0x11, 0x12, 0x3b, 0x08, 0x08, 0x02,
  0x02, 0x03, 0x0c, 0x0a, 0x03, 0x2b, 0x24, 0x1c, 0x1c, 0x25, 0x0a, 0x0a,
  0x28, 0x28, 0x8a, 0x5c, 0x5c, 0x69, 0x43, 0x81, 0x3a, 0xfe, 0xf9, 0x47,
  0x1f, 0x1f, 0x28, 0x28, 0x89, 0x5d, 0x5c, 0x69, 0x33, 0x31, 0x31, 0x5b,
  0x2a, 0x29, 0xfd, 0x17, 0x1e, 0x1d, 0x09, 0x29, 0x9b, 0x10, 0x32, 0x73,
  0x3c, 0x57, 0x4d, 0x4c, 0x73, 0x21, 0x21, 0x08, 0x08, 0x1f, 0x17, 0x17,
  0x1e, 0x1e, 0x23, 0x22, 0x4c, 0x29, 0x28, 0x2b, 0x57, 0x4d, 0x4d, 0x72,
  0x21, 0x22, 0x01, 0x3c, 0x05, 0x21, 0x04, 0x03, 0x0a, 0x09, 0x22, 0x07,
  0x06, 0x02, 0x05, 0x05, 0x1a, 0x20, 0x19, 0x36, 0x09, 0x09, 0x0c, 0x05,
  0x04, 0x0c, 0x06, 0x06, 0x09, 0x06, 0x06, 0x0c, 0x04, 0x05, 0x47, 0x13,
  0x12, 0x03, 0x01, 0x07, 0x09, 0x09, 0x32, 0x2f, 0x2f, 0x4e, 0x06, 0x03,
  0x17, 0x16, 0x3c, 0x20, 0x1f, 0x14, 0x0a, 0x0d, 0x04, 0x07, 0x01, 0x03,
  0x03, 0x23, 0x16, 0x16, 0x22, 0x04, 0x04, 0x07, 0x04, 0x00, 0x00, 0x00,
  0x00, 0x04, 0x00, 0x00, 0xff, 0xc0, 0x04, 0x00, 0x03, 0xc0, 0x00, 0x1b,
  0x00, 0x35, 0x00, 0x50, 0x00, 0x6a, 0x00, 0x00, 0x01, 0x22, 0x07, 0x0e,
  0x01, 0x07, 0x06, 0x15, 0x14, 0x17, 0x1e, 0x01, 0x17, 0x16, 0x33, 0x32,
  0x37, 0x3e, 0x01, 0x37, 0x36, 0x35, 0x34, 0x27, 0x2e, 0x01, 0x27, 0x26,
  0x13, 0x0e, 0x01, 0x27, 0x26, 0x27, 0x2e, 0x01, 0x07, 0x06, 0x07, 0x06,
  0x26, 0x27, 0x26, 0x36, 0x37, 0x36, 0x37, 0x36, 0x16, 0x17, 0x16, 0x17,
  0x1e, 0x01, 0x37, 0x0e, 0x01, 0x27, 0x26, 0x27, 0x2e, 0x01, 0x07, 0x06,
  0x07, 0x06, 0x26, 0x27, 0x26, 0x36, 0x37, 0x36, 0x37, 0x36, 0x16, 0x17,
  0x16, 0x17, 0x1e, 0x01, 0x07, 0x37, 0x26, 0x27, 0x2e, 0x01, 0x07, 0x06,
  0x07, 0x06, 0x26, 0x27, 0x26, 0x36, 0x37, 0x36, 0x37, 0x36, 0x16, 0x17,
  0x16, 0x17, 0x1e, 0x01, 0x07, 0x0e, 0x01, 0x02, 0x00, 0x6a, 0x5d, 0x5d,
  0x8b, 0x29, 0x28, 0x28, 0x29, 0x8b, 0x5d, 0x5d, 0x6a, 0x6a, 0x5d, 0x5d,
  0x8b, 0x29, 0x28, 0x28, 0x28, 0x8b, 0x5d, 0x5d, 0x81, 0x08, 0x18, 0x0c,
  0x2d, 0x33, 0x33, 0x71, 0x3e, 0x3d, 0x44, 0x0d, 0x15, 0x04, 0x04, 0x0f,
  0x0c, 0x49, 0x44, 0x44, 0x7d, 0x38, 0x39, 0x32, 0x0d, 0x05, 0x38, 0x0a,
  0x1e, 0x0e, 0x34, 0x3f, 0x3f, 0x87, 0x44, 0x44, 0x3c, 0x0f, 0x1e, 0x04,
  0x04, 0x0f, 0x0f, 0x46, 0x4c, 0x4d, 0x97, 0x47, 0x47, 0x3c, 0x0b, 0x09,
  0x0a, 0x05, 0x3d, 0x4f, 0x4e, 0xa3, 0x4d, 0x4d, 0x3b, 0x13, 0x22, 0x06,
  0x05, 0x13, 0x11, 0x44, 0x57, 0x57, 0xb5, 0x59, 0x58, 0x47, 0x11, 0x0a,
  0x09, 0x0a, 0x28, 0x03, 0xc0, 0x28, 0x29, 0x8b, 0x5d, 0x5d, 0x6a, 0x6a,
  0x5d, 0x5d, 0x8b, 0x29, 0x28, 0x28, 0x29, 0x8b, 0x5d, 0x5d, 0x6a, 0x6a,
  0x5d, 0x5d, 0x8b, 0x29, 0x28, 0xfd, 0x1c, 0x0b, 0x07, 0x08, 0x1c, 0x11,
  0x10, 0x0d, 0x05, 0x05, 0x0f, 0x04, 0x0f, 0x0c, 0x0d, 0x15, 0x04, 0x10,
  0x05, 0x05, 0x0e, 0x13, 0x13, 0x1e, 0x06, 0x1a, 0x81, 0x0d, 0x09, 0x09,
  0x20, 0x14, 0x15, 0x0f, 0x05, 0x05, 0x13, 0x04, 0x0e, 0x10, 0x0f, 0x1d,
  0x04, 0x15, 0x06, 0x05, 0x12, 0x17, 0x17, 0x25, 0x06, 0x20, 0x0d, 0x8f,
  0x25, 0x14, 0x15, 0x0d, 0x07, 0x06, 0x13, 0x05, 0x13, 0x11, 0x13, 0x22,
  0x06, 0x14, 0x08, 0x07, 0x0f, 0x17, 0x18, 0x2a, 0x0a, 0x28, 0x11, 0x0d,
  0x09, 0x00, 0x00, 0x00, 0x00, 0x02, 0x00, 0x00, 0xff, 0xc0, 0x04, 0x00,
  0x03, 0xc0, 0x00, 0x1b, 0x00, 0x31, 0x00, 0x00, 0x01, 0x22, 0x07, 0x0e,
  0x01, 0x07, 0x06, 0x15, 0x14, 0x17, 0x1e, 0x01, 0x17, 0x16, 0x33, 0x32,
  0x37, 0x3e, 0x01, 0x37, 0x36, 0x35, 0x34, 0x27, 0x2e, 0x01, 0x27, 0x26,
  0x13, 0x03, 0x0e, 0x01, 0x2f, 0x01, 0x07, 0x0e, 0x01, 0x23, 0x22, 0x26,
  0x2f, 0x02, 0x26, 0x36, 0x37, 0x25, 0x36, 0x16, 0x07, 0x02, 0x00, 0x6a,
  0x5d, 0x5e, 0x8b, 0x28, 0x28, 0x28, 0x28, 0x8b, 0x5e, 0x5d, 0x6a, 0x6a,
  0x5d, 0x5e, 0x8b, 0x28, 0x28, 0x28, 0x28, 0x8b, 0x5e, 0x5d, 0x92, 0x54,
  0x05, 0x18, 0x12, 0x80, 0x3d, 0x06, 0x0a, 0x0a, 0x0c, 0x03, 0x04, 0x2c,
  0x7e, 0x15, 0x01, 0x1a, 0x01, 0xed, 0x11, 0x19, 0x06, 0x03, 0xc0, 0x28,
  0x28, 0x8b, 0x5e, 0x5d, 0x6a, 0x6a, 0x5d, 0x5e, 0x8b, 0x28, 0x28, 0x28,
  0x28, 0x8b, 0x5e, 0x5d, 0x6a, 0x6a, 0x5d, 0x5e, 0x8b, 0x28, 0x28, 0xfe,
  0xa1, 0xfe, 0x74, 0x15, 0x0a, 0x09, 0x5f, 0x3c, 0x05, 0x08, 0x0b, 0x0b,
  0x90, 0x27, 0x06, 0x19, 0x0a, 0xbe, 0x08, 0x16, 0x1a, 0x00, 0x00, 0x00,
  0x00, 0x01, 0x00, 0x00, 0xff, 0xc0, 0x04, 0x00, 0x03, 0xc0, 0x00, 0x4f,
  0x00, 0x00, 0x01, 0x0e, 0x01, 0x07, 0x3e, 0x01, 0x37, 0x0e, 0x01, 0x07,
  0x2e, 0x01, 0x23, 0x22, 0x07, 0x0e, 0x01, 0x07, 0x06, 0x15, 0x14, 0x16,
  0x17, 0x26, 0x27, 0x2e, 0x01, 0x27, 0x26, 0x27, 0x0e, 0x01, 0x15, 0x14,
  0x16, 0x17, 0x2e, 0x01, 0x27, 0x1c, 0x01, 0x15, 0x14, 0x16, 0x17, 0x0e,
  0x01, 0x23, 0x22, 0x26, 0x27, 0x1e, 0x01, 0x17, 0x0e, 0x01, 0x23, 0x22,
  0x26, 0x27, 0x16, 0x17, 0x1e, 0x01, 0x17, 0x16, 0x33, 0x32, 0x37, 0x3e,
  0x01, 0x37, 0x36, 0x35, 0x34, 0x26, 0x35, 0x3e, 0x01, 0x37, 0x04, 0x00,
  0x1c, 0x3d, 0x20, 0x21, 0x30, 0x0c, 0x1f, 0x43, 0x24, 0x1c, 0x50, 0x2d,
  0x2b, 0x27, 0x26, 0x39, 0x10, 0x11, 0x03, 0x02, 0x41, 0x3d, 0x3e, 0x6e,
  0x30, 0x30, 0x27, 0x0d, 0x0f, 0x33, 0x2a, 0x19, 0x31, 0x15, 0x61, 0x48,
  0x0d, 0x1c, 0x0f, 0x0a, 0x13, 0x0a, 0x14, 0x6b, 0x45, 0x36, 0x85, 0x4a,
  0x0d, 0x19, 0x0c, 0x23, 0x26, 0x26, 0x51, 0x2b, 0x2b, 0x2c, 0x91, 0x6f,
  0x70, 0x98, 0x27, 0x27, 0x01, 0x1f, 0x35, 0x15, 0x02, 0xde, 0x0d, 0x11,
  0x03, 0x13, 0x3c, 0x25, 0x12, 0x1a, 0x07, 0x1e, 0x24, 0x10, 0x11, 0x39,
  0x26, 0x26, 0x2c, 0x0c, 0x18, 0x0c, 0x03, 0x11, 0x11, 0x39, 0x27, 0x27,
  0x30, 0x17, 0x36, 0x1d, 0x36, 0x5c, 0x1d, 0x01, 0x0e, 0x0c, 0x01, 0x01,
  0x01, 0x4c, 0x74, 0x0e, 0x04, 0x03, 0x02, 0x01, 0x3e, 0x52, 0x02, 0x2a,
  0x30, 0x02, 0x01, 0x16, 0x12, 0x11, 0x18, 0x07, 0x06, 0x36, 0x37, 0xac,
  0x6a, 0x6b, 0x68, 0x07, 0x0d, 0x07, 0x16, 0x37, 0x20, 0x00, 0x00, 0x00,
  0x00, 0x01, 0x00, 0x00, 0xff, 0xc0, 0x03, 0xc1, 0x03, 0xc0, 0x00, 0x4e,
  0x00, 0x00, 0x01, 0x0e, 0x01, 0x23, 0x22, 0x27, 0x2e, 0x01, 0x27, 0x26,
  0x35, 0x34, 0x36, 0x33, 0x32, 0x16, 0x15, 0x14, 0x06, 0x07, 0x30, 0x16,
  0x37, 0x3e, 0x01, 0x35, 0x34, 0x27, 0x2e, 0x01, 0x27, 0x26, 0x23, 0x22,
  0x07, 0x0e, 0x01, 0x07, 0x06, 0x15, 0x14, 0x17, 0x1e, 0x01, 0x17, 0x16,
  0x17, 0x0e, 0x01, 0x07, 0x26, 0x27, 0x2e, 0x01, 0x27, 0x26, 0x27, 0x23,
  0x16, 0x17, 0x1e, 0x01, 0x17, 0x16, 0x17, 0x16, 0x32, 0x37, 0x36, 0x37,
  0x3e, 0x01, 0x37, 0x36, 0x37, 0x32, 0x36, 0x37, 0x35, 0x03, 0xc1, 0x14,
  0x26, 0x11, 0x30, 0x2a, 0x2a, 0x3e, 0x11, 0x12, 0x29, 0x1f, 0x1e, 0x25,
  0x0d, 0x06, 0x43, 0x51, 0x12, 0x12, 0x0f, 0x0f, 0x39, 0x2b, 0x2a, 0x37,
  0x38, 0x2d, 0x2c, 0x3e, 0x10, 0x10, 0x0d, 0x0d, 0x30, 0x23, 0x23, 0x2c,
  0x25, 0x5b, 0x31, 0x2c, 0x2a, 0x29, 0x46, 0x1c, 0x1b, 0x11, 0xae, 0x1e,
  0x37, 0x37, 0x75, 0x34, 0x33, 0x18, 0x1b, 0x30, 0x19, 0x13, 0x24, 0x24,
  0x54, 0x2a, 0x2b, 0x20, 0x1b, 0x3f, 0x20, 0x01, 0xc3, 0x04, 0x05, 0x11,
  0x10, 0x40, 0x2e, 0x2e, 0x3a, 0x3a, 0x3b, 0x36, 0x36, 0x1f, 0x3f, 0x14,
  0x40, 0x10, 0x26, 0x5e, 0x2c, 0x3b, 0x2e, 0x2e, 0x40, 0x10, 0x11, 0x14,
  0x15, 0x48, 0x31, 0x31, 0x3a, 0x38, 0x34, 0x34, 0x58, 0x23, 0x23, 0x16,
  0x4a, 0x7f, 0x31, 0x36, 0x40, 0x41, 0xa8, 0x6b, 0x6c, 0x8b, 0xe8, 0x9d,
  0x9d, 0xc5, 0x31, 0x30, 0x0e, 0x10, 0x0e, 0x0b, 0x21, 0x21, 0x61, 0x3e,
  0x3d, 0x44, 0x07, 0x07, 0x7a, 0x00, 0x00, 0x00, 0x00, 0x02, 0x00, 0x00,
  0xff, 0xc0, 0x04, 0x00, 0x03, 0xc0, 0x00, 0x0f, 0x00, 0x71, 0x00, 0x00,
  0x01, 0x21, 0x22, 0x06, 0x15, 0x11, 0x14, 0x16, 0x33, 0x21, 0x32, 0x36,
  0x35, 0x11, 0x34, 0x26, 0x03, 0x07, 0x30, 0x22, 0x27, 0x2e, 0x01, 0x07,
  0x0e, 0x01, 0x31, 0x30, 0x06, 0x07, 0x0e, 0x01, 0x31, 0x23, 0x30, 0x26,
  0x27, 0x26, 0x27, 0x2e, 0x01, 0x27, 0x26, 0x31, 0x30, 0x26, 0x37, 0x3e,
  0x01, 0x31, 0x37, 0x30, 0x16, 0x17, 0x1e, 0x01, 0x31, 0x30, 0x16, 0x17,
  0x1e, 0x01, 0x37, 0x36, 0x26, 0x31, 0x30, 0x26, 0x27, 0x2e, 0x01, 0x23,
  0x26, 0x36, 0x37, 0x3e, 0x01, 0x33, 0x32, 0x16, 0x17, 0x16, 0x06, 0x15,
  0x1c, 0x01, 0x17, 0x16, 0x36, 0x37, 0x3e, 0x01, 0x31, 0x30, 0x36, 0x37,
  0x36, 0x16, 0x31, 0x37, 0x30, 0x32, 0x17, 0x16, 0x06, 0x07, 0x0e, 0x01,
  0x17, 0x1e, 0x01, 0x17, 0x16, 0x06, 0x03, 0xa0, 0xfc, 0xc0, 0x28, 0x38,
  0x38, 0x28, 0x03, 0x40, 0x28, 0x38, 0x38, 0x8b, 0x5d, 0x1b, 0x14, 0x1a,
  0x30, 0x14, 0x13, 0x06, 0x01, 0x05, 0x04, 0x0f, 0x2a, 0x70, 0x3d, 0x22,
  0x1e, 0x1e, 0x2e, 0x0e, 0x0e, 0x03, 0x04, 0x04, 0x10, 0x65, 0x0b, 0x05,
  0x04, 0x04, 0x16, 0x10, 0x1f, 0x22, 0x0b, 0x0f, 0x01, 0x02, 0x08, 0x07,
  0x13, 0x05, 0x05, 0x0b, 0x09, 0x0e, 0x2d, 0x1d, 0x15, 0x13, 0x09, 0x1a,
  0x03, 0x0d, 0x06, 0x20, 0x23, 0x11, 0x16, 0x05, 0x05, 0x04, 0x09, 0x6a,
  0x20, 0x04, 0x04, 0x1a, 0x20, 0x35, 0x0b, 0x2c, 0x2a, 0x1a, 0x01, 0x11,
  0x2b, 0x03, 0xc0, 0x38, 0x28, 0xfc, 0xc0, 0x28, 0x38, 0x38, 0x28, 0x03,
  0x40, 0x28, 0x38, 0xfd, 0x33, 0x01, 0x0e, 0x12, 0x43, 0x07, 0x06, 0x3a,
  0x0e, 0x04, 0x06, 0x03, 0x10, 0x3f, 0x23, 0x2f, 0x30, 0x56, 0x1e, 0x1e,
  0x0e, 0x04, 0x05, 0x02, 0x01, 0x03, 0x04, 0x03, 0x09, 0x32, 0x1c, 0x36,
  0x20, 0x06, 0x08, 0x5e, 0x25, 0x0b, 0x08, 0x07, 0x01, 0x0f, 0x04, 0x07,
  0x02, 0x03, 0x02, 0x06, 0x36, 0x3a, 0x12, 0x2c, 0x09, 0x03, 0x17, 0x3b,
  0x1d, 0x36, 0x08, 0x03, 0x03, 0x01, 0x01, 0x0b, 0x0b, 0x35, 0x2b, 0x47,
  0x1c, 0x29, 0x27, 0x27, 0x02, 0x1d, 0x0d, 0x00, 0x00, 0x03, 0x00, 0x00,
  0xff, 0xc0, 0x04, 0x00, 0x03, 0xc0, 0x00, 0x16, 0x00, 0x2d, 0x00, 0x42,
  0x00, 0x00, 0x01, 0x06, 0x07, 0x0e, 0x01, 0x07, 0x06, 0x15, 0x14, 0x17,
  0x1e, 0x01, 0x17, 0x16, 0x17, 0x36, 0x37, 0x3e, 0x01, 0x37, 0x36, 0x35,
  0x11, 0x33, 0x16, 0x17, 0x1e, 0x01, 0x17, 0x16, 0x15, 0x14, 0x07, 0x0e,
  0x01, 0x07, 0x06, 0x07, 0x26, 0x27, 0x2e, 0x01, 0x27, 0x26, 0x35, 0x11,
  0x03, 0x06, 0x07, 0x0e, 0x01, 0x07, 0x06, 0x07, 0x1e, 0x01, 0x33, 0x32,
  0x36, 0x37, 0x26, 0x27, 0x2e, 0x01, 0x27, 0x26, 0x27, 0x01, 0xa9, 0x5a,
  0x4e, 0x4e, 0x72, 0x20, 0x21, 0x08, 0x09, 0x1f, 0x16, 0x17, 0x1c, 0x43,
  0x38, 0x37, 0x51, 0x16, 0x17, 0xae, 0x5a, 0x4e, 0x4e, 0x72, 0x20, 0x21,
  0x08, 0x09, 0x1f, 0x16, 0x17, 0x1c, 0x43, 0x38, 0x37, 0x51, 0x16, 0x17,
  0x59, 0x0c, 0x17, 0x17, 0x40, 0x27, 0x27, 0x2d, 0x37, 0x7c, 0x42, 0x43,
  0x7c, 0x36, 0x2c, 0x27, 0x28, 0x40, 0x17, 0x17, 0x0c, 0x03, 0xb5, 0x0f,
  0x2d, 0x2d, 0x85, 0x55, 0x55, 0x5f, 0x2f, 0x2d, 0x2d, 0x53, 0x26, 0x26,
  0x21, 0x20, 0x34, 0x33, 0x85, 0x4e, 0x4e, 0x55, 0x01, 0x43, 0x0f, 0x2d,
  0x2d, 0x85, 0x55, 0x55, 0x5f, 0x2f, 0x2d, 0x2d, 0x53, 0x26, 0x26, 0x21,
  0x20, 0x34, 0x33, 0x85, 0x4e, 0x4e, 0x55, 0x01, 0x43, 0xfd, 0x88, 0x31,
  0x2d, 0x2e, 0x51, 0x23, 0x22, 0x1c, 0x1e, 0x21, 0x21, 0x1e, 0x1c, 0x22,
  0x23, 0x51, 0x2e, 0x2d, 0x31, 0x00, 0x00, 0x00, 0x00, 0x07, 0x00, 0x00,
  0xff, 0xc0, 0x03, 0xf3, 0x03, 0xc0, 0x00, 0x1b, 0x00, 0x4a, 0x00, 0x65,
  0x00, 0x80, 0x00, 0x8d, 0x00, 0x9a, 0x00, 0xa6, 0x00, 0x00, 0x25, 0x06,
  0x27, 0x2e, 0x01, 0x27, 0x26, 0x27, 0x26, 0x37, 0x3e, 0x01, 0x37, 0x36,
  0x37, 0x36, 0x17, 0x1e, 0x01, 0x17, 0x16, 0x17, 0x16, 0x07, 0x0e, 0x01,
  0x07, 0x06, 0x01, 0x2e, 0x01, 0x37, 0x3e, 0x01, 0x27, 0x26, 0x06, 0x07,
  0x30, 0x06, 0x37, 0x36, 0x26, 0x27, 0x26, 0x27, 0x22, 0x06, 0x07, 0x06,
  0x07, 0x06, 0x07, 0x0e, 0x01, 0x07, 0x06, 0x15, 0x14, 0x17, 0x1e, 0x01,
  0x17, 0x16, 0x33, 0x32, 0x37, 0x3e, 0x01, 0x37, 0x36, 0x35, 0x34, 0x26,
  0x27, 0x13, 0x2e, 0x01, 0x07, 0x31, 0x0e, 0x01, 0x17, 0x1e, 0x01, 0x37,
  0x36, 0x16, 0x17, 0x1e, 0x01, 0x07, 0x31, 0x06, 0x16, 0x17, 0x16, 0x36,
  0x37, 0x31, 0x36, 0x26, 0x07, 0x2e, 0x01, 0x07, 0x0e, 0x01, 0x17, 0x1e,
  0x01, 0x37, 0x31, 0x36, 0x16, 0x17, 0x1e, 0x01, 0x07, 0x31, 0x06, 0x16,
  0x17, 0x16, 0x36, 0x37, 0x36, 0x26, 0x27, 0x01, 0x0e, 0x01, 0x27, 0x2e,
  0x01, 0x37, 0x3e, 0x01, 0x17, 0x1e, 0x01, 0x07, 0x07, 0x0e, 0x01, 0x27,
  0x2e, 0x01, 0x37, 0x3e, 0x01, 0x17, 0x1e, 0x01, 0x07, 0x37, 0x26, 0x06,
  0x07, 0x06, 0x16, 0x17, 0x16, 0x36, 0x37, 0x36, 0x26, 0x01, 0xae, 0x3f,
  0x3a, 0x39, 0x59, 0x1c, 0x1c, 0x04, 0x04, 0x15, 0x14, 0x4e, 0x36, 0x37,
  0x3f, 0x40, 0x39, 0x3a, 0x59, 0x1b, 0x1c, 0x04, 0x04, 0x14, 0x15, 0x4e,
  0x36, 0x36, 0x01, 0x13, 0x0b, 0x0b, 0x05, 0x0d, 0x01, 0x0d, 0x19, 0x7e,
  0x4e, 0x1e, 0x06, 0x0c, 0x05, 0x13, 0x15, 0x25, 0x25, 0x5b, 0x33, 0x32,
  0x31, 0x24, 0x1c, 0x1c, 0x27, 0x0b, 0x0a, 0x25, 0x26, 0x79, 0x4d, 0x4d,
  0x50, 0x68, 0x56, 0x55, 0x7a, 0x21, 0x21, 0x50, 0x2c, 0xb9, 0x32, 0x8b,
  0x45, 0x10, 0x11, 0x03, 0x04, 0x1b, 0x10, 0x30, 0x63, 0x24, 0x24, 0x14,
  0x10, 0x05, 0x0f, 0x0f, 0x10, 0x1d, 0x05, 0x15, 0x1b, 0x9a, 0x19, 0x44,
  0x21, 0x0d, 0x10, 0x03, 0x03, 0x18, 0x0d, 0x11, 0x21, 0x0c, 0x0c, 0x06,
  0x05, 0x04, 0x0c, 0x0e, 0x0d, 0x19, 0x04, 0x0b, 0x0e, 0x18, 0xfe, 0x65,
  0x05, 0x11, 0x08, 0x07, 0x04, 0x04, 0x05, 0x10, 0x08, 0x07, 0x05, 0x04,
  0x37, 0x0c, 0x2e, 0x14, 0x13, 0x0a, 0x0c, 0x0c, 0x2d, 0x13, 0x14, 0x0c,
  0x0d, 0x3e, 0x3c, 0x79, 0x1a, 0x1b, 0x2e, 0x3d, 0x40, 0x81, 0x1a, 0x1a,
  0x37, 0x3e, 0x06, 0x0a, 0x0a, 0x2f, 0x22, 0x23, 0x29, 0x2a, 0x27, 0x27,
  0x3f, 0x15, 0x16, 0x06, 0x06, 0x0a, 0x0a, 0x2f, 0x22, 0x22, 0x2a, 0x2a,
  0x27, 0x27, 0x3f, 0x15, 0x16, 0x01, 0x6b, 0x04, 0x08, 0x0f, 0x1e, 0x35,
  0x13, 0x23, 0x01, 0x21, 0x08, 0x13, 0x27, 0x3e, 0x13, 0x15, 0x01, 0x24,
  0x22, 0x23, 0x30, 0x24, 0x25, 0x25, 0x49, 0x24, 0x23, 0x22, 0x3f, 0x33,
  0x32, 0x46, 0x13, 0x13, 0x1b, 0x1c, 0x55, 0x33, 0x33, 0x30, 0x3b, 0x44,
  0x0d, 0x01, 0x36, 0x38, 0x2b, 0x0f, 0x03, 0x1c, 0x0f, 0x10, 0x12, 0x04,
  0x0a, 0x1e, 0x28, 0x28, 0x65, 0x2f, 0x10, 0x1d, 0x05, 0x05, 0x0f, 0x10,
  0x42, 0x8e, 0x25, 0x1b, 0x15, 0x07, 0x03, 0x18, 0x0e, 0x0d, 0x0f, 0x03,
  0x03, 0x0a, 0x0d, 0x0e, 0x21, 0x10, 0x0e, 0x19, 0x04, 0x04, 0x0c, 0x0e,
  0x20, 0x46, 0x1b, 0xfe, 0x7f, 0x07, 0x07, 0x04, 0x03, 0x0f, 0x07, 0x07,
  0x07, 0x03, 0x03, 0x0f, 0x08, 0x45, 0x13, 0x0f, 0x09, 0x08, 0x28, 0x13,
  0x13, 0x0f, 0x08, 0x08, 0x28, 0x14, 0xb9, 0x10, 0x35, 0x35, 0x36, 0x69,
  0x14, 0x15, 0x37, 0x3a, 0x3a, 0x67, 0x00, 0x00, 0x00, 0x03, 0x00, 0x00,
  0xff, 0xc0, 0x04, 0x00, 0x03, 0xc0, 0x00, 0x0b, 0x00, 0x23, 0x00, 0x34,
  0x00, 0x00, 0x37, 0x22, 0x06, 0x15, 0x14, 0x16, 0x33, 0x32, 0x36, 0x35,
  0x34, 0x26, 0x03, 0x15, 0x32, 0x17, 0x1e, 0x01, 0x17, 0x16, 0x17, 0x16,
  0x17, 0x1e, 0x01, 0x17, 0x16, 0x15, 0x33, 0x34, 0x27, 0x2e, 0x01, 0x27,
  0x26, 0x23, 0x11, 0x15, 0x32, 0x17, 0x1e, 0x01, 0x17, 0x16, 0x15, 0x33,
  0x34, 0x27, 0x26, 0x00, 0x27, 0x26, 0x23, 0x88, 0x38, 0x50, 0x50, 0x38,
  0x39, 0x50, 0x50, 0xc1, 0x30, 0x2e, 0x2e, 0x56, 0x28, 0x27, 0x22, 0x22,
  0x1a, 0x1a, 0x23, 0x0a, 0x09, 0xc5, 0x35, 0x35, 0xb8, 0x7b, 0x7b, 0x8c,
  0xab, 0x97, 0x96, 0xe1, 0x41, 0x41, 0xc5, 0x51, 0x50, 0xfe, 0xea, 0xbb,
  0xba, 0xd4, 0xd1, 0x50, 0x38, 0x38, 0x50, 0x50, 0x38, 0x38, 0x50, 0x01,
  0x93, 0xc4, 0x09, 0x0a, 0x23, 0x1b, 0x1a, 0x22, 0x22, 0x27, 0x27, 0x56,
  0x2f, 0x2e, 0x30, 0x8c, 0x7b, 0x7b, 0xb8, 0x35, 0x35, 0x01, 0x5c, 0xc4,
  0x42, 0x41, 0xe0, 0x97, 0x97, 0xab, 0xd4, 0xba, 0xbb, 0x01, 0x16, 0x50,
  0x51, 0x00, 0x00, 0x00, 0x00, 0x04, 0x00, 0x00, 0xff, 0xc0, 0x04, 0x00,
  0x03, 0xc0, 0x00, 0x0f, 0x00, 0x1b, 0x00, 0x2b, 0x00, 0x3b, 0x00, 0x00,
  0x01, 0x21, 0x22, 0x06, 0x15, 0x11, 0x14, 0x16, 0x33, 0x21, 0x32, 0x36,
  0x35, 0x11, 0x34, 0x26, 0x01, 0x22, 0x26, 0x35, 0x34, 0x36, 0x33, 0x32,
  0x16, 0x15, 0x14, 0x06, 0x17, 0x34, 0x26, 0x27, 0x2e, 0x01, 0x23, 0x35,
  0x32, 0x17, 0x1e, 0x01, 0x17, 0x16, 0x15, 0x23, 0x33, 0x34, 0x27, 0x2e,
  0x01, 0x27, 0x26, 0x23, 0x35, 0x32, 0x17, 0x1e, 0x01, 0x17, 0x16, 0x15,
  0x03, 0xa0, 0xfc, 0xc0, 0x28, 0x38, 0x38, 0x28, 0x03, 0x40, 0x28, 0x38,
  0x38, 0xfd, 0x4f, 0x24, 0x33, 0x33, 0x24, 0x24, 0x33, 0x33, 0xb6, 0x2e,
  0x2b, 0x2b, 0x70, 0x3d, 0x59, 0x4f, 0x4e, 0x75, 0x22, 0x22, 0x7e, 0xdf,
  0x2a, 0x29, 0x90, 0x60, 0x60, 0x6d, 0x87, 0x77, 0x77, 0xb1, 0x34, 0x33,
  0x03, 0xc0, 0x38, 0x28, 0xfc, 0xc0, 0x28, 0x38, 0x38, 0x28, 0x03, 0x40,
  0x28, 0x38, 0xfc, 0xc1, 0x32, 0x24, 0x24, 0x33, 0x33, 0x24, 0x24, 0x32,
  0x01, 0x3d, 0x70, 0x2b, 0x2c, 0x2e, 0x7d, 0x22, 0x22, 0x75, 0x4e, 0x4f,
  0x59, 0x6d, 0x60, 0x60, 0x90, 0x29, 0x2a, 0x7d, 0x33, 0x34, 0xb1, 0x77,
  0x77, 0x87, 0x00, 0x00, 0x00, 0x02, 0x00, 0x00, 0xff, 0xc0, 0x04, 0x00,
  0x03, 0xc0, 0x00, 0x43, 0x00, 0x47, 0x00, 0x00, 0x01, 0x30, 0x26, 0x27,
  0x2e, 0x01, 0x27, 0x26, 0x27, 0x2e, 0x01, 0x23, 0x22, 0x39, 0x01, 0x30,
  0x23, 0x22, 0x06, 0x07, 0x06, 0x07, 0x0e, 0x01, 0x07, 0x0e, 0x01, 0x31,
  0x30, 0x06, 0x1d, 0x01, 0x14, 0x16, 0x31, 0x30, 0x16, 0x17, 0x1e, 0x01,
  0x17, 0x16, 0x17, 0x1e, 0x01, 0x17, 0x32, 0x31, 0x30, 0x33, 0x32, 0x36,
  0x37, 0x36, 0x37, 0x3e, 0x01, 0x37, 0x3e, 0x01, 0x31, 0x30, 0x36, 0x3d,
  0x01, 0x34, 0x26, 0x31, 0x01, 0x11, 0x0d, 0x01, 0x03, 0xf6, 0x12, 0x17,
  0x1d, 0x3b, 0x0f, 0x35, 0x3f, 0x3f, 0x6b, 0x24, 0x24, 0x24, 0x24, 0x6b,
  0x3f, 0x3f, 0x35, 0x0f, 0x3b, 0x1d, 0x17, 0x12, 0x0a, 0x0a, 0x12, 0x17,
  0x1d, 0x43, 0x11, 0x1f, 0x3a, 0x3a, 0x73, 0x2b, 0x2b, 0x24, 0x24, 0x6b,
  0x3f, 0x3f, 0x36, 0x0f, 0x3a, 0x1d, 0x17, 0x12, 0x0a, 0x0a, 0xfd, 0xa0,
  0x01, 0x15, 0xfe, 0xeb, 0x02, 0x8d, 0x4e, 0x17, 0x1f, 0x0b, 0x02, 0x04,
  0x02, 0x02, 0x02, 0x02, 0x02, 0x02, 0x04, 0x02, 0x0b, 0x1f, 0x17, 0x4e,
  0x68, 0x3e, 0x4e, 0x3e, 0x67, 0x4f, 0x17, 0x1f, 0x0a, 0x03, 0x03, 0x02,
  0x02, 0x02, 0x01, 0x03, 0x02, 0x02, 0x04, 0x01, 0x0b, 0x1f, 0x17, 0x4f,
  0x67, 0x3e, 0x4e, 0x3e, 0x68, 0xfe, 0xae, 0x01, 0x20, 0x90, 0x90, 0x00,
  0x00, 0x0b, 0x00, 0x00, 0xff, 0xc0, 0x0a, 0x09, 0x03, 0xc0, 0x00, 0x3f,
  0x00, 0x67, 0x00, 0x8c, 0x00, 0xa9, 0x00, 0xbb, 0x00, 0xd1, 0x01, 0x1c,
  0x01, 0x30, 0x01, 0x53, 0x01, 0x77, 0x01, 0xa2, 0x00, 0x00, 0x01, 0x30,
  0x34, 0x31, 0x37, 0x23, 0x2a, 0x01, 0x07, 0x30, 0x06, 0x07, 0x0e, 0x01,
  0x35, 0x34, 0x26, 0x27, 0x2e, 0x01, 0x31, 0x26, 0x22, 0x23, 0x22, 0x16,
  0x17, 0x1e, 0x01, 0x17, 0x1e, 0x01, 0x17, 0x1e, 0x01, 0x07, 0x06, 0x15,
  0x14, 0x06, 0x17, 0x14, 0x17, 0x1e, 0x01, 0x37, 0x3e, 0x01, 0x35, 0x3e,
  0x01, 0x3d, 0x01, 0x37, 0x3e, 0x01, 0x37, 0x3e, 0x01, 0x37, 0x3e, 0x01,
  0x35, 0x37, 0x05, 0x15, 0x0f, 0x01, 0x15, 0x07, 0x0e, 0x01, 0x27, 0x2e,
  0x01, 0x2f, 0x01, 0x23, 0x15, 0x23, 0x15, 0x14, 0x16, 0x17, 0x1e, 0x01,
  0x17, 0x31, 0x16, 0x36, 0x3f, 0x01, 0x15, 0x14, 0x16, 0x17, 0x16, 0x32,
  0x3f, 0x01, 0x35, 0x37, 0x11, 0x07, 0x07, 0x2e, 0x01, 0x27, 0x2e, 0x01,
  0x07, 0x0e, 0x01, 0x07, 0x0e, 0x01, 0x07, 0x0e, 0x01, 0x07, 0x06, 0x16,
  0x17, 0x1e, 0x01, 0x17, 0x16, 0x36, 0x37, 0x3e, 0x01, 0x37, 0x3e, 0x01,
  0x37, 0x3e, 0x01, 0x35, 0x34, 0x26, 0x27, 0x03, 0x0e, 0x01, 0x27, 0x2e,
  0x01, 0x27, 0x26, 0x27, 0x26, 0x34, 0x35, 0x36, 0x37, 0x3e, 0x01, 0x17,
  0x1e, 0x01, 0x17, 0x1e, 0x01, 0x07, 0x14, 0x06, 0x07, 0x0e, 0x01, 0x07,
  0x25, 0x33, 0x27, 0x34, 0x26, 0x27, 0x2e, 0x01, 0x23, 0x22, 0x06, 0x07,
  0x0e, 0x01, 0x17, 0x1e, 0x01, 0x33, 0x25, 0x2e, 0x01, 0x23, 0x0e, 0x01,
  0x0f, 0x01, 0x11, 0x17, 0x1e, 0x01, 0x37, 0x3e, 0x01, 0x37, 0x3e, 0x01,
  0x35, 0x2e, 0x01, 0x27, 0x25, 0x2e, 0x01, 0x27, 0x2e, 0x01, 0x27, 0x26,
  0x27, 0x2e, 0x01, 0x27, 0x26, 0x27, 0x26, 0x07, 0x0e, 0x01, 0x07, 0x06,
  0x07, 0x0e, 0x01, 0x07, 0x0e, 0x01, 0x07, 0x06, 0x07, 0x06, 0x14, 0x17,
  0x16, 0x17, 0x1e, 0x01, 0x17, 0x1e, 0x01, 0x17, 0x1e, 0x01, 0x17, 0x32,
  0x16, 0x17, 0x16, 0x33, 0x32, 0x36, 0x33, 0x36, 0x37, 0x32, 0x37, 0x3e,
  0x01, 0x37, 0x36, 0x37, 0x32, 0x36, 0x33, 0x3e, 0x01, 0x37, 0x3e, 0x01,
  0x37, 0x3e, 0x01, 0x37, 0x36, 0x26, 0x27, 0x25, 0x07, 0x03, 0x07, 0x22,
  0x26, 0x27, 0x30, 0x27, 0x3c, 0x01, 0x35, 0x26, 0x35, 0x11, 0x27, 0x35,
  0x05, 0x17, 0x23, 0x01, 0x15, 0x23, 0x35, 0x34, 0x26, 0x23, 0x22, 0x06,
  0x07, 0x0e, 0x01, 0x07, 0x06, 0x26, 0x27, 0x2e, 0x01, 0x3d, 0x01, 0x33,
  0x15, 0x1e, 0x01, 0x17, 0x1e, 0x01, 0x37, 0x3e, 0x01, 0x3f, 0x01, 0x11,
  0x33, 0x15, 0x05, 0x0e, 0x01, 0x07, 0x06, 0x26, 0x27, 0x2e, 0x01, 0x23,
  0x22, 0x06, 0x1d, 0x01, 0x23, 0x11, 0x33, 0x15, 0x14, 0x16, 0x33, 0x30,
  0x36, 0x37, 0x3e, 0x01, 0x37, 0x36, 0x16, 0x17, 0x1e, 0x01, 0x15, 0x14,
  0x06, 0x07, 0x25, 0x0e, 0x01, 0x07, 0x0e, 0x01, 0x07, 0x06, 0x26, 0x27,
  0x2e, 0x01, 0x35, 0x34, 0x36, 0x37, 0x3e, 0x01, 0x37, 0x3e, 0x01, 0x33,
  0x32, 0x16, 0x17, 0x1e, 0x01, 0x1f, 0x01, 0x0f, 0x01, 0x06, 0x16, 0x17,
  0x16, 0x36, 0x37, 0x3e, 0x01, 0x3f, 0x01, 0x33, 0x07, 0x01, 0x58, 0x01,
  0x2f, 0x20, 0x18, 0x01, 0x16, 0x14, 0x09, 0x0e, 0x14, 0x0d, 0x0e, 0x14,
  0x01, 0x45, 0x22, 0x06, 0x0d, 0x35, 0x07, 0x13, 0x06, 0x07, 0x0a, 0x04,
  0x06, 0x01, 0x01, 0x01, 0x01, 0x01, 0x01, 0x01, 0x5c, 0x06, 0x02, 0x01,
  0x02, 0x01, 0x05, 0x03, 0x0d, 0x05, 0x06, 0x0d, 0x02, 0x1a, 0x29, 0x01,
  0x01, 0xf6, 0x01, 0x01, 0x0f, 0x0c, 0x14, 0x09, 0x0a, 0x03, 0x01, 0x01,
  0x5e, 0x01, 0x03, 0x08, 0x07, 0x16, 0x12, 0x17, 0x30, 0x18, 0x0d, 0x01,
  0x03, 0x04, 0x4b, 0x06, 0x06, 0x01, 0x5e, 0xef, 0x07, 0x1a, 0x14, 0x21,
  0x48, 0x22, 0x19, 0x21, 0x08, 0x01, 0x01, 0x01, 0x02, 0x01, 0x01, 0x01,
  0x06, 0x0f, 0x0e, 0x36, 0x1f, 0x0a, 0x20, 0x0c, 0x19, 0x2c, 0x0b, 0x04,
  0x06, 0x02, 0x03, 0x01, 0x01, 0x03, 0x6c, 0x06, 0x12, 0x09, 0x06, 0x0f,
  0x03, 0x01, 0x01, 0x01, 0x01, 0x01, 0x05, 0x19, 0x0e, 0x0b, 0x0d, 0x03,
  0x03, 0x01, 0x01, 0x01, 0x02, 0x01, 0x07, 0x05, 0x07, 0x09, 0x2e, 0x01,
  0x02, 0x04, 0x06, 0x13, 0x0e, 0x10, 0x16, 0x05, 0x02, 0x03, 0x01, 0x01,
  0x11, 0x1d, 0xfe, 0xd0, 0x05, 0x10, 0x0a, 0x07, 0x11, 0x08, 0x08, 0x08,
  0x0e, 0x1c, 0x0a, 0x05, 0x05, 0x02, 0x03, 0x01, 0x01, 0x01, 0x03, 0x02,
  0x35, 0x07, 0x0f, 0x11, 0x16, 0x42, 0x2e, 0x11, 0x28, 0x28, 0x6b, 0x3e,
  0x3e, 0x3e, 0x6b, 0x84, 0x84, 0xf1, 0x59, 0x5a, 0x17, 0x14, 0x22, 0x10,
  0x1c, 0x22, 0x07, 0x08, 0x04, 0x04, 0x03, 0x04, 0x08, 0x06, 0x1c, 0x19,
  0x10, 0x30, 0x18, 0x11, 0x9e, 0x7b, 0x12, 0x54, 0x29, 0x2a, 0x3a, 0x39,
  0x7a, 0x3a, 0x3b, 0x2d, 0x1e, 0x27, 0x28, 0x4b, 0x1d, 0x1e, 0x0a, 0x06,
  0x17, 0x0b, 0x23, 0x31, 0x15, 0x1c, 0x28, 0x09, 0x09, 0x0a, 0x01, 0x01,
  0x03, 0x05, 0xfb, 0x90, 0x35, 0x02, 0x2e, 0x1b, 0x13, 0x01, 0x01, 0x01,
  0x68, 0x01, 0x32, 0x01, 0x35, 0x01, 0x45, 0x54, 0x01, 0x01, 0x02, 0x0a,
  0x05, 0x0d, 0x1c, 0x0c, 0x1a, 0x2d, 0x0b, 0x0a, 0x03, 0x54, 0x01, 0x01,
  0x04, 0x04, 0x0f, 0x0b, 0x07, 0x0c, 0x0a, 0x12, 0x54, 0x01, 0x47, 0x06,
  0x15, 0x0b, 0x1a, 0x2d, 0x18, 0x08, 0x0c, 0x01, 0x02, 0x01, 0x54, 0x54,
  0x01, 0x01, 0x0c, 0x07, 0x11, 0x1f, 0x12, 0x20, 0x27, 0x09, 0x03, 0x01,
  0x04, 0x0a, 0x01, 0x62, 0x01, 0x02, 0x02, 0x09, 0x2d, 0x21, 0x2e, 0x58,
  0x14, 0x0b, 0x04, 0x01, 0x03, 0x08, 0x29, 0x22, 0x0a, 0x14, 0x0a, 0x25,
  0x41, 0x0f, 0x0b, 0x05, 0x01, 0x01, 0xb2, 0x01, 0x01, 0x09, 0x0e, 0x0c,
  0x1f, 0x0a, 0x09, 0x07, 0x01, 0x01, 0x56, 0x01, 0x03, 0x17, 0x01, 0x08,
  0x01, 0x52, 0x4c, 0x24, 0x33, 0x01, 0x01, 0x48, 0x32, 0x32, 0x47, 0x01,
  0x2b, 0xa8, 0x17, 0x3a, 0x11, 0x13, 0x1f, 0x0d, 0x18, 0x22, 0x12, 0x0a,
  0x23, 0x24, 0x4d, 0x1f, 0x1f, 0x01, 0x02, 0x01, 0x01, 0x01, 0x03, 0x05,
  0x05, 0x34, 0x4d, 0x83, 0x13, 0x08, 0x29, 0x14, 0x13, 0x29, 0x0a, 0x52,
  0x8a, 0x05, 0x05, 0xa0, 0x06, 0x01, 0xbc, 0xb8, 0x0f, 0x0c, 0x0a, 0x02,
  0x03, 0x32, 0xa2, 0xc7, 0x07, 0xd8, 0xae, 0x3f, 0x12, 0x0e, 0x0e, 0x02,
  0x03, 0x14, 0x16, 0x0d, 0x16, 0x0e, 0x09, 0x01, 0x01, 0x01, 0x02, 0x06,
  0x01, 0x01, 0xef, 0x02, 0x61, 0x1c, 0x28, 0x0e, 0x15, 0x04, 0x11, 0x0c,
  0x2a, 0x1e, 0x04, 0x06, 0x05, 0x0b, 0x31, 0x4a, 0x72, 0x41, 0x19, 0x1a,
  0x22, 0x04, 0x01, 0x03, 0x03, 0x07, 0x24, 0x17, 0x0a, 0x10, 0x0c, 0x11,
  0x42, 0x46, 0x59, 0x2f, 0x0d, 0xfe, 0xca, 0x05, 0x03, 0x02, 0x01, 0x11,
  0x0a, 0x05, 0x26, 0x25, 0x5b, 0x2b, 0x2a, 0x10, 0x0f, 0x0f, 0x04, 0x03,
  0x0f, 0x0f, 0x0b, 0x31, 0x51, 0x36, 0x3a, 0x0e, 0x09, 0x07, 0x04, 0xca,
  0x29, 0x1d, 0x10, 0x08, 0x0c, 0x0b, 0x10, 0x11, 0x07, 0x45, 0x04, 0x03,
  0x01, 0x5e, 0x09, 0x09, 0x01, 0x06, 0x06, 0x07, 0xfe, 0xd8, 0x06, 0x0b,
  0x04, 0x07, 0x03, 0x08, 0x06, 0x08, 0x2f, 0x5e, 0x61, 0x2a, 0x07, 0x85,
  0x52, 0x4a, 0x22, 0x2d, 0x30, 0x06, 0x02, 0x02, 0x02, 0x05, 0x02, 0x02,
  0x01, 0x03, 0x01, 0x01, 0x06, 0x05, 0x05, 0x06, 0x05, 0x13, 0x10, 0x1d,
  0x52, 0x38, 0x40, 0x45, 0x46, 0x8f, 0x46, 0x47, 0x42, 0x39, 0x4f, 0x1f,
  0x13, 0x1d, 0x05, 0x03, 0x09, 0x05, 0x02, 0x01, 0x01, 0x01, 0x01, 0x02,
  0x02, 0x01, 0x03, 0x02, 0x01, 0x01, 0x02, 0x02, 0x10, 0x11, 0x16, 0x4b,
  0x2f, 0x2c, 0x96, 0x59, 0x4b, 0x64, 0x40, 0x28, 0x01, 0xfd, 0xcb, 0x01,
  0x01, 0x02, 0x17, 0x17, 0x4d, 0x33, 0x33, 0x3a, 0x01, 0x18, 0x01, 0x59,
  0x01, 0x58, 0xfe, 0xbc, 0xf3, 0x19, 0x0f, 0x0b, 0x08, 0x06, 0x0d, 0x13,
  0x05, 0x09, 0x0a, 0x12, 0x11, 0x43, 0xac, 0xd3, 0xc6, 0x92, 0x37, 0x06,
  0x08, 0x04, 0x03, 0x02, 0x08, 0x0b, 0x12, 0x01, 0x77, 0xf3, 0xd0, 0x0d,
  0x15, 0x03, 0x08, 0x0e, 0x17, 0x07, 0x0a, 0x0b, 0x0b, 0x16, 0x02, 0x90,
  0x6b, 0x2c, 0x3f, 0x0a, 0x07, 0x10, 0x10, 0x01, 0x03, 0x22, 0x26, 0x0c,
  0x3a, 0x6d, 0x85, 0x35, 0x17, 0x61, 0x0e, 0x1b, 0x06, 0x20, 0x2d, 0x09,
  0x0d, 0x25, 0x28, 0x16, 0x32, 0x6d, 0x59, 0x30, 0x0c, 0x23, 0x2d, 0x0c,
  0x04, 0x04, 0x24, 0x20, 0x16, 0x27, 0x3d, 0x49, 0x01, 0x31, 0x34, 0x29,
  0x0a, 0x07, 0x01, 0x08, 0x08, 0x17, 0x19, 0x1e, 0x21, 0x00, 0x00, 0x00,
  0x00, 0x04, 0x00, 0x00, 0xff, 0xc0, 0x03, 0xc0, 0x03, 0xc0, 0x00, 0x09,
  0x00, 0x11, 0x00, 0x15, 0x00, 0x19, 0x00, 0x00, 0x13, 0x07, 0x11, 0x21,
  0x15, 0x33, 0x37, 0x33, 0x01, 0x11, 0x03, 0x07, 0x23, 0x07, 0x35, 0x23,
  0x11, 0x21, 0x07, 0x33, 0x11, 0x23, 0x03, 0x33, 0x11, 0x23, 0x60, 0x60,
  0x01, 0x00, 0x80, 0x80, 0xa0, 0x01, 0x20, 0x80, 0xa0, 0xa0, 0x80, 0xc0,
  0x02, 0x80, 0xe0, 0x60, 0x60, 0xc0, 0x60, 0x60, 0x03, 0xc0, 0xa0, 0xfd,
  0x20, 0x80, 0x80, 0x01, 0x20, 0x02, 0x60, 0xfd, 0xe0, 0xa0, 0x80, 0x80,
  0x02, 0x40, 0x80, 0xff, 0x00, 0x01, 0x00, 0xff, 0x00, 0x00, 0x00, 0x00,
  0x00, 0x01, 0x00, 0x00, 0xff, 0xc0, 0x04, 0x00, 0x03, 0xc0, 0x00, 0x40,
  0x00, 0x00, 0x01, 0x06, 0x07, 0x0e, 0x01, 0x07, 0x06, 0x07, 0x06, 0x07,
  0x0e, 0x01, 0x07, 0x06, 0x23, 0x22, 0x26, 0x27, 0x2e, 0x01, 0x27, 0x2e,
  0x01, 0x23, 0x22, 0x06, 0x07, 0x27, 0x3e, 0x01, 0x37, 0x3e, 0x01, 0x37,
  0x36, 0x16, 0x17, 0x1e, 0x01, 0x17, 0x1e, 0x01, 0x33, 0x32, 0x36, 0x37,
  0x3e, 0x01, 0x37, 0x36, 0x26, 0x23, 0x22, 0x06, 0x07, 0x36, 0x37, 0x3e,
  0x01, 0x37, 0x36, 0x17, 0x1e, 0x01, 0x07, 0x04, 0x00, 0x02, 0x0e, 0x0e,
  0x34, 0x26, 0x27, 0x32, 0x34, 0x31, 0x30, 0x58, 0x28, 0x28, 0x25, 0x2c,
  0x4c, 0x1f, 0x15, 0x29, 0x15, 0x17, 0x31, 0x1a, 0x06, 0x28, 0x23, 0x30,
  0x26, 0x4b, 0x25, 0x32, 0x4c, 0x19, 0x3c, 0x4a, 0x0e, 0x0e, 0x15, 0x06,
  0x11, 0x26, 0x15, 0x10, 0x30, 0x20, 0x20, 0x23, 0x02, 0x05, 0x22, 0x28,
  0x12, 0x26, 0x13, 0x12, 0x1c, 0x1b, 0x48, 0x2d, 0x2d, 0x35, 0x4f, 0x4a,
  0x04, 0x02, 0xae, 0x25, 0x2d, 0x2c, 0x66, 0x3a, 0x3a, 0x41, 0x44, 0x33,
  0x33, 0x44, 0x11, 0x11, 0x53, 0x52, 0x4c, 0x98, 0x4b, 0x53, 0x53, 0x19,
  0x18, 0x3e, 0x22, 0x42, 0x22, 0x2b, 0x2e, 0x03, 0x05, 0x51, 0x58, 0x5e,
  0x75, 0x17, 0x4f, 0x4e, 0x33, 0x33, 0x32, 0x4e, 0x1a, 0x2c, 0x2c, 0x08,
  0x09, 0x3e, 0x2e, 0x2e, 0x3c, 0x0e, 0x0e, 0x02, 0x02, 0x66, 0x64, 0x00,
  0x00, 0x02, 0x00, 0x00, 0xff, 0xc0, 0x04, 0x00, 0x03, 0xc0, 0x00, 0x0f,
  0x00, 0x4c, 0x00, 0x00, 0x01, 0x21, 0x22, 0x06, 0x15, 0x11, 0x14, 0x16,
  0x33, 0x21, 0x32, 0x36, 0x35, 0x11, 0x34, 0x26, 0x03, 0x06, 0x07, 0x0e,
  0x01, 0x07, 0x06, 0x07, 0x06, 0x07, 0x0e, 0x01, 0x07, 0x06, 0x23, 0x22,
  0x26, 0x27, 0x2e, 0x01, 0x27, 0x2e, 0x01, 0x23, 0x22, 0x06, 0x07, 0x27,
  0x3e, 0x01, 0x37, 0x3e, 0x01, 0x37, 0x36, 0x16, 0x17, 0x1e, 0x01, 0x17,
  0x1e, 0x01, 0x33, 0x32, 0x36, 0x37, 0x3e, 0x01, 0x37, 0x36, 0x26, 0x23,
  0x22, 0x06, 0x07, 0x3e, 0x01, 0x17, 0x1e, 0x01, 0x07, 0x03, 0xa0, 0xfc,
  0xc0, 0x28, 0x38, 0x38, 0x28, 0x03, 0x40, 0x28, 0x38, 0x38, 0x6a, 0x02,
  0x0a, 0x0a, 0x25, 0x1c, 0x1c, 0x24, 0x26, 0x23, 0x23, 0x40, 0x1d, 0x1d,
  0x1a, 0x20, 0x37, 0x16, 0x0f, 0x1e, 0x0f, 0x10, 0x24, 0x13, 0x04, 0x1d,
  0x19, 0x23, 0x1b, 0x36, 0x1b, 0x25, 0x36, 0x13, 0x2b, 0x35, 0x0a, 0x0b,
  0x0f, 0x04, 0x0c, 0x1c, 0x0f, 0x0b, 0x23, 0x18, 0x17, 0x19, 0x01, 0x04,
  0x19, 0x1c, 0x0e, 0x1b, 0x0e, 0x1b, 0x68, 0x4d, 0x39, 0x36, 0x03, 0x03,
  0xc0, 0x38, 0x28, 0xfc, 0xc0, 0x28, 0x38, 0x38, 0x28, 0x03, 0x40, 0x28,
  0x38, 0xfe, 0xac, 0x1b, 0x20, 0x20, 0x4a, 0x2a, 0x2a, 0x2f, 0x31, 0x25,
  0x24, 0x31, 0x0d, 0x0c, 0x3c, 0x3b, 0x37, 0x6e, 0x36, 0x3c, 0x3c, 0x12,
  0x11, 0x2d, 0x18, 0x30, 0x18, 0x1f, 0x22, 0x01, 0x05, 0x3b, 0x40, 0x44,
  0x55, 0x10, 0x39, 0x38, 0x24, 0x25, 0x25, 0x38, 0x13, 0x20, 0x1f, 0x06,
  0x06, 0x59, 0x57, 0x02, 0x02, 0x4a, 0x48, 0x00, 0x00, 0x02, 0x00, 0x00,
  0xff, 0xc0, 0x04, 0x00, 0x03, 0xc0, 0x00, 0x0f, 0x00, 0x2e, 0x00, 0x00,
  0x01, 0x21, 0x22, 0x06, 0x15, 0x11, 0x14, 0x16, 0x33, 0x21, 0x32, 0x36,
  0x35, 0x11, 0x34, 0x26, 0x03, 0x05, 0x06, 0x26, 0x27, 0x03, 0x26, 0x27,
  0x2e, 0x01, 0x27, 0x26, 0x27, 0x26, 0x36, 0x37, 0x36, 0x16, 0x17, 0x1e,
  0x01, 0x1f, 0x01, 0x37, 0x36, 0x16, 0x1f, 0x01, 0x16, 0x06, 0x07, 0x03,
  0xa0, 0xfc, 0xc0, 0x28, 0x38, 0x38, 0x28, 0x03, 0x40, 0x28, 0x38, 0x38,
  0x92, 0xfe, 0xa4, 0x3c, 0x25, 0x1b, 0x58, 0x07, 0x0f, 0x0e, 0x1e, 0x0d,
  0x0c, 0x04, 0x0f, 0x18, 0x58, 0x44, 0x23, 0x19, 0x14, 0x1f, 0x15, 0x4b,
  0xef, 0x24, 0x1f, 0x0a, 0x09, 0x09, 0x1e, 0x15, 0x03, 0xc0, 0x38, 0x28,
  0xfc, 0xc0, 0x28, 0x38, 0x38, 0x28, 0x03, 0x40, 0x28, 0x38, 0xfc, 0xff,
  0x72, 0x13, 0x19, 0x54, 0x01, 0x10, 0x19, 0x28, 0x29, 0x54, 0x23, 0x23,
  0x0c, 0x2f, 0x1c, 0x1d, 0x16, 0x13, 0x4e, 0x3e, 0x6d, 0x40, 0xe8, 0x4e,
  0x0c, 0x0b, 0x2c, 0x2c, 0x26, 0x1c, 0x07, 0x00, 0x00, 0x02, 0x00, 0x00,
  0xff, 0xc0, 0x04, 0x00, 0x03, 0xc0, 0x00, 0x1b, 0x00, 0x37, 0x00, 0x00,
  0x13, 0x34, 0x37, 0x3e, 0x01, 0x37, 0x36, 0x33, 0x32, 0x17, 0x1e, 0x01,
  0x17, 0x16, 0x15, 0x14, 0x07, 0x0e, 0x01, 0x07, 0x06, 0x23, 0x22, 0x27,
  0x2e, 0x01, 0x27, 0x26, 0x25, 0x34, 0x37, 0x3e, 0x01, 0x37, 0x36, 0x33,
  0x32, 0x17, 0x1e, 0x01, 0x17, 0x16, 0x15, 0x14, 0x07, 0x0e, 0x01, 0x07,
  0x06, 0x23, 0x22, 0x27, 0x2e, 0x01, 0x27, 0x26, 0x00, 0x12, 0x11, 0x3d,
  0x29, 0x29, 0x2e, 0x2e, 0x29, 0x29, 0x3d, 0x11, 0x12, 0x12, 0x11, 0x3d,
  0x29, 0x29, 0x2e, 0x2e, 0x29, 0x29, 0x3d, 0x11, 0x12, 0x02, 0x40, 0x12,
  0x11, 0x3d, 0x29, 0x29, 0x2e, 0x2e, 0x29, 0x29, 0x3d, 0x11, 0x12, 0x12,
  0x11, 0x3d, 0x29, 0x29, 0x2e, 0x2e, 0x29, 0x29, 0x3d, 0x11, 0x12, 0x01,
  0xa0, 0x2e, 0x29, 0x29, 0x3d, 0x11, 0x12, 0x12, 0x11, 0x3d, 0x29, 0x29,
  0x2e, 0x2e, 0x29, 0x29, 0x3d, 0x11, 0x12, 0x12, 0x11, 0x3d, 0x29, 0x29,
  0x2e, 0x2e, 0x29, 0x29, 0x3d, 0x11, 0x12, 0x12, 0x11, 0x3d, 0x29, 0x29,
  0x2e, 0x2e, 0x29, 0x29, 0x3d, 0x11, 0x12, 0x12, 0x11, 0x3d, 0x29, 0x29,
  0x00, 0x03, 0x00, 0x00, 0xff, 0xc0, 0x04, 0x00, 0x03, 0xc0, 0x00, 0x0b,
  0x00, 0x28, 0x00, 0x44, 0x00, 0x00, 0x01, 0x22, 0x06, 0x15, 0x14, 0x16,
  0x33, 0x32, 0x36, 0x35, 0x34, 0x26, 0x27, 0x31, 0x32, 0x17, 0x1e, 0x01,
  0x17, 0x16, 0x15, 0x14, 0x07, 0x0e, 0x01, 0x07, 0x06, 0x23, 0x22, 0x27,
  0x2e, 0x01, 0x27, 0x26, 0x35, 0x34, 0x37, 0x3e, 0x01, 0x37, 0x36, 0x05,
  0x34, 0x37, 0x3e, 0x01, 0x37, 0x36, 0x33, 0x32, 0x17, 0x1e, 0x01, 0x17,
  0x16, 0x15, 0x14, 0x07, 0x0e, 0x01, 0x07, 0x06, 0x23, 0x22, 0x27, 0x2e,
  0x01, 0x27, 0x26, 0x03, 0x20, 0x35, 0x4b, 0x4b, 0x35, 0x35, 0x4b, 0x4b,
  0x35, 0x2e, 0x29, 0x29, 0x3d, 0x11, 0x12, 0x12, 0x11, 0x3d, 0x29, 0x29,
  0x2e, 0x2e, 0x29, 0x29, 0x3d, 0x11, 0x12, 0x12, 0x11, 0x3d, 0x29, 0x29,
  0xfd, 0x0e, 0x12, 0x11, 0x3d, 0x29, 0x29, 0x2e, 0x2e, 0x29, 0x29, 0x3d,
  0x11, 0x12, 0x12, 0x11, 0x3d, 0x29, 0x29, 0x2e, 0x2e, 0x29, 0x29, 0x3d,
  0x11, 0x12, 0x02, 0x20, 0x4b, 0x35, 0x35, 0x4b, 0x4b, 0x35, 0x35, 0x4b,
  0x60, 0x12, 0x11, 0x3d, 0x29, 0x29, 0x2e, 0x2e, 0x29, 0x29, 0x3d, 0x11,
  0x12, 0x12, 0x11, 0x3d, 0x29, 0x29, 0x2e, 0x2e, 0x29, 0x29, 0x3d, 0x11,
  0x12, 0xe0, 0x2e, 0x29, 0x29, 0x3d, 0x11, 0x12, 0x12, 0x11, 0x3d, 0x29,
  0x29, 0x2e, 0x2e, 0x29, 0x29, 0x3d, 0x11, 0x12, 0x12, 0x11, 0x3d, 0x29,
  0x29, 0x00, 0x00, 0x00, 0x00, 0x03, 0x00, 0x00, 0xff, 0xc0, 0x04, 0x00,
  0x03, 0xc0, 0x00, 0x0f, 0x00, 0x1b, 0x00, 0x27, 0x00, 0x00, 0x01, 0x21,
  0x22, 0x06, 0x15, 0x11, 0x14, 0x16, 0x33, 0x21, 0x32, 0x36, 0x35, 0x11,
  0x34, 0x26, 0x01, 0x22, 0x26, 0x35, 0x34, 0x36, 0x33, 0x32, 0x16, 0x15,
  0x14, 0x06, 0x21, 0x22, 0x26, 0x35, 0x34, 0x36, 0x33, 0x32, 0x16, 0x15,
  0x14, 0x06, 0x03, 0xa0, 0xfc, 0xc0, 0x28, 0x38, 0x38, 0x28, 0x03, 0x40,
  0x28, 0x38, 0x38, 0xfd, 0x58, 0x42, 0x5e, 0x5e, 0x42, 0x42, 0x5e, 0x5e,
  0x01, 0x7e, 0x42, 0x5e, 0x5e, 0x42, 0x42, 0x5e, 0x5e, 0x03, 0xc0, 0x38,
  0x28, 0xfc, 0xc0, 0x28, 0x38, 0x38, 0x28, 0x03, 0x40, 0x28, 0x38, 0xfd,
  0x60, 0x5e, 0x42, 0x42, 0x5e, 0x5e, 0x42, 0x42, 0x5e, 0x5e, 0x42, 0x42,
  0x5e, 0x5e, 0x42, 0x42, 0x5e, 0x00, 0x00, 0x00, 0x00, 0x03, 0x00, 0x00,
  0xff, 0xb9, 0x04, 0x00, 0x03, 0xc0, 0x00, 0x1b, 0x00, 0x27, 0x00, 0x33,
  0x00, 0x00, 0x01, 0x22, 0x07, 0x0e, 0x01, 0x07, 0x06, 0x15, 0x14, 0x17,
  0x1e, 0x01, 0x17, 0x16, 0x33, 0x32, 0x37, 0x3e, 0x01, 0x37, 0x36, 0x35,
  0x34, 0x27, 0x2e, 0x01, 0x27, 0x26, 0x01, 0x22, 0x26, 0x35, 0x34, 0x36,
  0x33, 0x32, 0x16, 0x15, 0x14, 0x06, 0x21, 0x22, 0x26, 0x35, 0x34, 0x36,
  0x33, 0x32, 0x16, 0x15, 0x14, 0x06, 0x02, 0x00, 0x6a, 0x5d, 0x5e, 0x8b,
  0x28, 0x28, 0x28, 0x28, 0x8b, 0x5e, 0x5d, 0x6a, 0x6a, 0x5d, 0x5e, 0x8b,
  0x28, 0x28, 0x28, 0x28, 0x8b, 0x5e, 0x5d, 0xfe, 0xb6, 0x42, 0x5e, 0x5e,
  0x42, 0x42, 0x5e, 0x5e, 0x01, 0x7e, 0x42, 0x5e, 0x5e, 0x42, 0x42, 0x5e,
  0x5e, 0x03, 0xc0, 0x29, 0x28, 0x8c, 0x5e, 0x5e, 0x6a, 0x6b, 0x5e, 0x5e,
  0x8c, 0x28, 0x29, 0x29, 0x28, 0x8c, 0x5e, 0x5e, 0x6a, 0x6b, 0x5e, 0x5e,
  0x8c, 0x28, 0x29, 0xfd, 0x60, 0x5e, 0x42, 0x42, 0x5e, 0x5e, 0x42, 0x42,
  0x5e, 0x5e, 0x42, 0x42, 0x5e, 0x5e, 0x42, 0x42, 0x5e, 0x00, 0x00, 0x00,
  0x00, 0x07, 0x00, 0x00, 0xff, 0xc0, 0x04, 0x00, 0x03, 0xc0, 0x00, 0x1c,
  0x00, 0x32, 0x00, 0x4a, 0x00, 0x6a, 0x00, 0x80, 0x00, 0x91, 0x00, 0xaa,
  0x00, 0x00, 0x05, 0x22, 0x27, 0x2e, 0x01, 0x27, 0x26, 0x35, 0x34, 0x37,
  0x3e, 0x01, 0x37, 0x36, 0x33, 0x32, 0x17, 0x1e, 0x01, 0x17, 0x16, 0x15,
  0x14, 0x07, 0x0e, 0x01, 0x07, 0x06, 0x23, 0x01, 0x26, 0x27, 0x2e, 0x01,
  0x27, 0x26, 0x07, 0x16, 0x17, 0x1e, 0x01, 0x17, 0x16, 0x17, 0x36, 0x37,
  0x3e, 0x01, 0x37, 0x36, 0x37, 0x01, 0x26, 0x27, 0x2e, 0x01, 0x27, 0x26,
  0x27, 0x2a, 0x01, 0x15, 0x06, 0x07, 0x0e, 0x01, 0x07, 0x06, 0x07, 0x1e,
  0x01, 0x33, 0x32, 0x36, 0x37, 0x25, 0x36, 0x37, 0x3e, 0x01, 0x37, 0x36,
  0x37, 0x3e, 0x01, 0x37, 0x2e, 0x01, 0x27, 0x06, 0x07, 0x0e, 0x01, 0x07,
  0x22, 0x23, 0x1c, 0x01, 0x15, 0x14, 0x17, 0x1e, 0x01, 0x17, 0x16, 0x17,
  0x31, 0x03, 0x32, 0x37, 0x32, 0x36, 0x37, 0x36, 0x37, 0x26, 0x27, 0x2e,
  0x01, 0x27, 0x26, 0x27, 0x06, 0x07, 0x0e, 0x01, 0x07, 0x06, 0x07, 0x01,
  0x16, 0x17, 0x1e, 0x01, 0x17, 0x16, 0x17, 0x3e, 0x01, 0x37, 0x2e, 0x01,
  0x23, 0x22, 0x06, 0x07, 0x05, 0x06, 0x07, 0x0e, 0x01, 0x07, 0x06, 0x07,
  0x1e, 0x01, 0x17, 0x1e, 0x01, 0x17, 0x36, 0x17, 0x1e, 0x01, 0x17, 0x16,
  0x17, 0x34, 0x26, 0x27, 0x31, 0x02, 0x00, 0x6a, 0x5d, 0x5d, 0x8b, 0x29,
  0x28, 0x28, 0x29, 0x8b, 0x5d, 0x5d, 0x6a, 0x6a, 0x5d, 0x5d, 0x8b, 0x29,
  0x28, 0x28, 0x29, 0x8b, 0x5d, 0x5d, 0x6a, 0x01, 0xb0, 0x06, 0x18, 0x18,
  0x49, 0x2f, 0x2f, 0x34, 0x16, 0x0f, 0x0f, 0x15, 0x05, 0x06, 0x01, 0x25,
  0x1f, 0x1f, 0x31, 0x10, 0x11, 0x07, 0xfe, 0xfb, 0x03, 0x06, 0x06, 0x16,
  0x11, 0x10, 0x17, 0x01, 0x02, 0x5d, 0x40, 0x40, 0x51, 0x13, 0x13, 0x03,
  0x37, 0x89, 0x4c, 0x2d, 0x56, 0x28, 0xfe, 0x10, 0x04, 0x18, 0x18, 0x59,
  0x41, 0x41, 0x54, 0x05, 0x08, 0x05, 0x09, 0x11, 0x0a, 0x52, 0x4d, 0x4e,
  0x7c, 0x29, 0x28, 0x07, 0x07, 0x08, 0x1d, 0x15, 0x15, 0x1a, 0x67, 0x07,
  0x24, 0x23, 0x6e, 0x46, 0x46, 0x4c, 0x1b, 0x1b, 0x1b, 0x2d, 0x10, 0x0f,
  0x05, 0x2e, 0x27, 0x28, 0x3f, 0x15, 0x16, 0x0b, 0x01, 0x46, 0x04, 0x10,
  0x10, 0x2e, 0x1b, 0x1b, 0x1b, 0x74, 0x6b, 0x06, 0x3a, 0x95, 0x53, 0x1a,
  0x34, 0x18, 0x01, 0xb9, 0x04, 0x10, 0x10, 0x3b, 0x2d, 0x2c, 0x3d, 0x08,
  0x0f, 0x06, 0x03, 0x05, 0x02, 0x36, 0x35, 0x34, 0x54, 0x1c, 0x1c, 0x05,
  0x35, 0x2d, 0x40, 0x28, 0x29, 0x8b, 0x5d, 0x5d, 0x6a, 0x6a, 0x5d, 0x5d,
  0x8b, 0x29, 0x28, 0x28, 0x29, 0x8b, 0x5d, 0x5d, 0x6a, 0x6a, 0x5d, 0x5d,
  0x8b, 0x29, 0x28, 0x01, 0xba, 0x02, 0x06, 0x06, 0x0a, 0x02, 0x01, 0x08,
  0x3b, 0x35, 0x34, 0x53, 0x1b, 0x1c, 0x0a, 0x19, 0x1f, 0x20, 0x4b, 0x2a,
  0x2a, 0x2e, 0xfe, 0xb3, 0x0e, 0x1f, 0x20, 0x57, 0x36, 0x36, 0x3b, 0x01,
  0x20, 0x2c, 0x2d, 0x53, 0x1f, 0x20, 0x06, 0x2b, 0x31, 0x12, 0x11, 0x6e,
  0x06, 0x24, 0x24, 0x5b, 0x2e, 0x2e, 0x1c, 0x01, 0x03, 0x01, 0x12, 0x26,
  0x12, 0x19, 0x0c, 0x0d, 0x0b, 0x01, 0x04, 0x06, 0x04, 0x2a, 0x28, 0x28,
  0x4a, 0x21, 0x22, 0x1d, 0x01, 0x7e, 0x01, 0x0a, 0x0b, 0x0b, 0x14, 0x30,
  0x2c, 0x2b, 0x44, 0x16, 0x16, 0x06, 0x15, 0x20, 0x1f, 0x4f, 0x2e, 0x2e,
  0x33, 0x01, 0x50, 0x06, 0x17, 0x16, 0x44, 0x2c, 0x2c, 0x31, 0x2b, 0x6a,
  0x09, 0x33, 0x3b, 0x07, 0x05, 0x95, 0x05, 0x12, 0x12, 0x32, 0x1d, 0x1c,
  0x19, 0x0f, 0x20, 0x10, 0x06, 0x0b, 0x06, 0x07, 0x01, 0x01, 0x08, 0x05,
  0x04, 0x02, 0x4e, 0x8b, 0x38, 0x00, 0x00, 0x00, 0x00, 0x06, 0x00, 0x00,
  0xff, 0xc0, 0x04, 0x00, 0x03, 0xc0, 0x00, 0x27, 0x00, 0x3c, 0x00, 0x52,
  0x00, 0x8b, 0x00, 0x9f, 0x00, 0xa3, 0x00, 0x00, 0x01, 0x32, 0x16, 0x17,
  0x1e, 0x01, 0x17, 0x1e, 0x01, 0x17, 0x1e, 0x01, 0x15, 0x14, 0x06, 0x07,
  0x0e, 0x01, 0x07, 0x1e, 0x01, 0x17, 0x1e, 0x01, 0x15, 0x14, 0x06, 0x07,
  0x0e, 0x01, 0x07, 0x0e, 0x01, 0x07, 0x0e, 0x01, 0x23, 0x21, 0x11, 0x21,
  0x07, 0x32, 0x36, 0x37, 0x3e, 0x01, 0x35, 0x34, 0x26, 0x27, 0x2e, 0x01,
  0x27, 0x2e, 0x01, 0x27, 0x2e, 0x01, 0x2b, 0x01, 0x15, 0x13, 0x32, 0x36,
  0x37, 0x3e, 0x01, 0x37, 0x3e, 0x01, 0x37, 0x3e, 0x01, 0x35, 0x34, 0x26,
  0x27, 0x2e, 0x01, 0x2b, 0x01, 0x15, 0x33, 0x25, 0x1e, 0x01, 0x33, 0x32,
  0x36, 0x37, 0x3e, 0x01, 0x37, 0x33, 0x0e, 0x01, 0x07, 0x0e, 0x01, 0x23,
  0x22, 0x26, 0x27, 0x2e, 0x01, 0x27, 0x2e, 0x01, 0x27, 0x2e, 0x01, 0x35,
  0x34, 0x36, 0x37, 0x3e, 0x01, 0x37, 0x3e, 0x01, 0x37, 0x3e, 0x01, 0x33,
  0x32, 0x16, 0x17, 0x1e, 0x01, 0x17, 0x1e, 0x01, 0x17, 0x1e, 0x01, 0x07,
  0x21, 0x14, 0x16, 0x17, 0x37, 0x2e, 0x01, 0x23, 0x22, 0x06, 0x07, 0x0e,
  0x01, 0x07, 0x0e, 0x01, 0x07, 0x0e, 0x01, 0x15, 0x33, 0x2e, 0x01, 0x27,
  0x27, 0x21, 0x15, 0x21, 0x01, 0x29, 0x17, 0x29, 0x12, 0x13, 0x1f, 0x0e,
  0x0d, 0x14, 0x08, 0x07, 0x07, 0x0a, 0x0b, 0x0b, 0x20, 0x15, 0x1d, 0x2b,
  0x0e, 0x0f, 0x0e, 0x0a, 0x09, 0x09, 0x19, 0x10, 0x0f, 0x24, 0x14, 0x14,
  0x29, 0x16, 0xfe, 0xcf, 0x01, 0x29, 0x12, 0x12, 0x1f, 0x0c, 0x0c, 0x0c,
  0x04, 0x04, 0x04, 0x0b, 0x07, 0x06, 0x0f, 0x09, 0x09, 0x12, 0x09, 0x81,
  0x94, 0x0a, 0x13, 0x09, 0x0a, 0x10, 0x07, 0x07, 0x0b, 0x05, 0x04, 0x04,
  0x0e, 0x0e, 0x0d, 0x24, 0x17, 0x96, 0x94, 0x01, 0xb6, 0x0e, 0x29, 0x1a,
  0x13, 0x21, 0x0e, 0x0d, 0x11, 0x03, 0x6e, 0x0d, 0x28, 0x1c, 0x1b, 0x42,
  0x27, 0x1b, 0x30, 0x16, 0x16, 0x25, 0x0f, 0x0f, 0x17, 0x08, 0x08, 0x09,
  0x09, 0x08, 0x09, 0x17, 0x10, 0x10, 0x24, 0x16, 0x15, 0x30, 0x1a, 0x1d,
  0x33, 0x16, 0x15, 0x24, 0x0e, 0x0e, 0x14, 0x06, 0x06, 0x04, 0x01, 0xfe,
  0xb6, 0x11, 0x0e, 0x90, 0x0b, 0x25, 0x17, 0x0f, 0x19, 0x0a, 0x09, 0x10,
  0x06, 0x06, 0x09, 0x02, 0x03, 0x03, 0xcc, 0x02, 0x10, 0x0b, 0xc9, 0x01,
  0x00, 0xff, 0x00, 0x02, 0xf3, 0x04, 0x04, 0x04, 0x0d, 0x09, 0x09, 0x18,
  0x0f, 0x0f, 0x25, 0x16, 0x18, 0x28, 0x10, 0x0f, 0x1a, 0x0b, 0x08, 0x1d,
  0x15, 0x15, 0x33, 0x1d, 0x18, 0x2a, 0x11, 0x12, 0x1c, 0x0b, 0x0b, 0x10,
  0x06, 0x05, 0x05, 0x02, 0x76, 0xff, 0x09, 0x09, 0x09, 0x1c, 0x14, 0x0b,
  0x12, 0x07, 0x07, 0x0b, 0x04, 0x04, 0x06, 0x01, 0x02, 0x02, 0x94, 0xfe,
  0xf4, 0x02, 0x02, 0x02, 0x07, 0x05, 0x04, 0x0d, 0x08, 0x08, 0x14, 0x0d,
  0x18, 0x23, 0x0a, 0x0b, 0x0a, 0xae, 0x02, 0x0d, 0x0e, 0x09, 0x0a, 0x0a,
  0x14, 0x0a, 0x29, 0x3b, 0x11, 0x12, 0x12, 0x09, 0x08, 0x09, 0x18, 0x10,
  0x10, 0x26, 0x16, 0x16, 0x31, 0x1b, 0x19, 0x30, 0x16, 0x16, 0x26, 0x10,
  0x10, 0x1a, 0x09, 0x09, 0x0a, 0x0b, 0x0c, 0x0b, 0x1e, 0x13, 0x13, 0x2b,
  0x19, 0x18, 0x33, 0x1a, 0x1b, 0x30, 0x0e, 0xf0, 0x0c, 0x0d, 0x05, 0x05,
  0x05, 0x0c, 0x08, 0x07, 0x11, 0x08, 0x08, 0x10, 0x06, 0x18, 0x24, 0x0c,
  0xe6, 0x3e, 0x00, 0x00, 0x00, 0x07, 0x00, 0x00, 0xff, 0xc0, 0x04, 0x00,
  0x03, 0xc0, 0x00, 0x15, 0x00, 0x2b, 0x00, 0x3b, 0x00, 0x3f, 0x00, 0x67,
  0x00, 0xa0, 0x00, 0xb4, 0x00, 0x00, 0x01, 0x3e, 0x01, 0x35, 0x34, 0x26,
  0x27, 0x2e, 0x01, 0x27, 0x2e, 0x01, 0x27, 0x2e, 0x01, 0x2b, 0x01, 0x15,
  0x33, 0x32, 0x36, 0x37, 0x17, 0x2e, 0x01, 0x2b, 0x01, 0x15, 0x33, 0x32,
  0x36, 0x37, 0x3e, 0x01, 0x37, 0x3e, 0x01, 0x37, 0x3e, 0x01, 0x35, 0x34,
  0x26, 0x27, 0x01, 0x21, 0x22, 0x06, 0x15, 0x11, 0x14, 0x16, 0x33, 0x21,
  0x32, 0x36, 0x35, 0x11, 0x34, 0x26, 0x01, 0x33, 0x15, 0x23, 0x03, 0x0e,
  0x01, 0x07, 0x0e, 0x01, 0x07, 0x0e, 0x01, 0x2b, 0x01, 0x11, 0x33, 0x32,
  0x16, 0x17, 0x1e, 0x01, 0x17, 0x1e, 0x01, 0x17, 0x1e, 0x01, 0x15, 0x14,
  0x06, 0x07, 0x0e, 0x01, 0x07, 0x1e, 0x01, 0x17, 0x1e, 0x01, 0x15, 0x16,
  0x06, 0x07, 0x25, 0x21, 0x14, 0x16, 0x17, 0x1e, 0x01, 0x33, 0x32, 0x36,
  0x37, 0x3e, 0x01, 0x37, 0x33, 0x0e, 0x01, 0x07, 0x0e, 0x01, 0x23, 0x22,
  0x26, 0x27, 0x2e, 0x01, 0x27, 0x2e, 0x01, 0x27, 0x2e, 0x01, 0x35, 0x34,
  0x36, 0x37, 0x3e, 0x01, 0x37, 0x3e, 0x01, 0x37, 0x3e, 0x01, 0x33, 0x32,
  0x16, 0x17, 0x1e, 0x01, 0x17, 0x1e, 0x01, 0x17, 0x1e, 0x01, 0x07, 0x27,
  0x22, 0x06, 0x07, 0x0e, 0x01, 0x07, 0x0e, 0x01, 0x07, 0x0e, 0x01, 0x07,
  0x33, 0x2e, 0x01, 0x27, 0x2e, 0x01, 0x23, 0x01, 0x94, 0x0a, 0x09, 0x03,
  0x03, 0x03, 0x09, 0x05, 0x06, 0x0c, 0x07, 0x07, 0x0e, 0x08, 0x69, 0x72,
  0x0f, 0x18, 0x0a, 0x12, 0x0b, 0x1d, 0x13, 0x7a, 0x78, 0x08, 0x10, 0x07,
  0x08, 0x0d, 0x06, 0x06, 0x09, 0x03, 0x04, 0x03, 0x0b, 0x0b, 0x01, 0xfa,
  0xfc, 0xc0, 0x28, 0x38, 0x38, 0x28, 0x03, 0x40, 0x28, 0x38, 0x38, 0xfe,
  0xd7, 0xd0, 0xd0, 0x81, 0x08, 0x14, 0x0d, 0x0d, 0x1d, 0x10, 0x10, 0x22,
  0x11, 0xf8, 0xf1, 0x12, 0x22, 0x0f, 0x0f, 0x1a, 0x0b, 0x0a, 0x11, 0x06,
  0x06, 0x06, 0x09, 0x09, 0x09, 0x1a, 0x11, 0x18, 0x23, 0x0b, 0x0c, 0x0b,
  0x01, 0x08, 0x07, 0x01, 0xa1, 0xfe, 0xf5, 0x0e, 0x0b, 0x0c, 0x21, 0x15,
  0x0f, 0x1b, 0x0b, 0x0b, 0x0e, 0x02, 0x5a, 0x0b, 0x21, 0x16, 0x16, 0x36,
  0x1f, 0x16, 0x27, 0x12, 0x12, 0x1e, 0x0c, 0x0c, 0x13, 0x07, 0x06, 0x07,
  0x07, 0x07, 0x07, 0x13, 0x0c, 0x0d, 0x1e, 0x11, 0x12, 0x26, 0x16, 0x17,
  0x29, 0x12, 0x12, 0x1c, 0x0c, 0x0b, 0x10, 0x05, 0x05, 0x04, 0x02, 0xb6,
  0x0d, 0x14, 0x08, 0x08, 0x0d, 0x05, 0x05, 0x06, 0x02, 0x02, 0x02, 0x01,
  0xa6, 0x02, 0x0d, 0x09, 0x09, 0x1e, 0x12, 0x01, 0xff, 0x07, 0x18, 0x10,
  0x09, 0x0f, 0x05, 0x06, 0x09, 0x03, 0x03, 0x05, 0x01, 0x02, 0x01, 0x78,
  0x07, 0x07, 0x6c, 0x09, 0x08, 0x8d, 0x02, 0x01, 0x02, 0x05, 0x04, 0x04,
  0x0a, 0x07, 0x06, 0x11, 0x0a, 0x14, 0x1c, 0x08, 0x02, 0x2d, 0x38, 0x28,
  0xfc, 0xc0, 0x28, 0x38, 0x38, 0x28, 0x03, 0x40, 0x28, 0x38, 0xfe, 0xf3,
  0x33, 0xfe, 0x92, 0x0f, 0x17, 0x09, 0x09, 0x0d, 0x04, 0x05, 0x04, 0x02,
  0x00, 0x03, 0x04, 0x03, 0x0a, 0x08, 0x07, 0x14, 0x0c, 0x0c, 0x1e, 0x12,
  0x13, 0x20, 0x0d, 0x0d, 0x15, 0x08, 0x07, 0x18, 0x11, 0x11, 0x29, 0x18,
  0x14, 0x21, 0x0e, 0x4f, 0x16, 0x27, 0x0b, 0x0b, 0x0c, 0x08, 0x08, 0x08,
  0x10, 0x09, 0x22, 0x2f, 0x0f, 0x0e, 0x0f, 0x07, 0x07, 0x07, 0x14, 0x0d,
  0x0d, 0x1f, 0x12, 0x12, 0x28, 0x15, 0x15, 0x27, 0x12, 0x12, 0x1f, 0x0d,
  0x0d, 0x14, 0x08, 0x07, 0x08, 0x09, 0x09, 0x0a, 0x18, 0x10, 0x0f, 0x23,
  0x14, 0x14, 0x29, 0x15, 0x8f, 0x04, 0x04, 0x04, 0x0b, 0x06, 0x06, 0x0d,
  0x07, 0x07, 0x0c, 0x05, 0x13, 0x1d, 0x0a, 0x0b, 0x0a, 0x00, 0x00, 0x00,
  0x00, 0x01, 0x00, 0x00, 0xff, 0xc0, 0x03, 0x3d, 0x03, 0xc0, 0x00, 0x13,
  0x00, 0x00, 0x01, 0x35, 0x23, 0x0f, 0x02, 0x21, 0x15, 0x33, 0x17, 0x03,
  0x15, 0x33, 0x3f, 0x02, 0x21, 0x35, 0x23, 0x27, 0x03, 0x3d, 0xba, 0x13,
  0x58, 0x1b, 0xfe, 0xc6, 0xac, 0x10, 0xbc, 0xba, 0x13, 0x58, 0x1b, 0x01,
  0x3a, 0xac, 0x10, 0x03, 0x06, 0xba, 0x13, 0xa7, 0x13, 0xff, 0x13, 0xfe,
  0x99, 0xba, 0x13, 0xa7, 0x13, 0xff, 0x13, 0x00, 0x00, 0x04, 0x00, 0x00,
  0xff, 0xc0, 0x03, 0x8b, 0x03, 0xc0, 0x00, 0x93, 0x00, 0xc3, 0x00, 0xe8,
  0x01, 0x25, 0x00, 0x00, 0x13, 0x30, 0x16, 0x17, 0x1e, 0x01, 0x17, 0x1e,
  0x01, 0x17, 0x1e, 0x01, 0x33, 0x32, 0x36, 0x37, 0x3e, 0x01, 0x37, 0x3e,
  0x01, 0x37, 0x3e, 0x01, 0x35, 0x34, 0x26, 0x27, 0x2e, 0x01, 0x27, 0x2e,
  0x01, 0x27, 0x2e, 0x01, 0x23, 0x22, 0x06, 0x07, 0x0e, 0x01, 0x07, 0x31,
  0x11, 0x21, 0x32, 0x36, 0x35, 0x34, 0x26, 0x23, 0x21, 0x22, 0x06, 0x15,
  0x11, 0x14, 0x16, 0x17, 0x16, 0x36, 0x3f, 0x01, 0x3e, 0x01, 0x31, 0x3e,
  0x01, 0x33, 0x32, 0x16, 0x17, 0x1e, 0x01, 0x15, 0x14, 0x06, 0x07, 0x0e,
  0x01, 0x23, 0x22, 0x26, 0x27, 0x35, 0x34, 0x36, 0x37, 0x3e, 0x01, 0x33,
  0x32, 0x16, 0x17, 0x1e, 0x01, 0x15, 0x14, 0x06, 0x23, 0x22, 0x26, 0x27,
  0x26, 0x06, 0x07, 0x06, 0x16, 0x17, 0x1e, 0x01, 0x33, 0x32, 0x37, 0x3e,
  0x01, 0x37, 0x36, 0x35, 0x34, 0x27, 0x2e, 0x01, 0x27, 0x26, 0x23, 0x22,
  0x06, 0x07, 0x0e, 0x01, 0x1d, 0x01, 0x1c, 0x01, 0x15, 0x35, 0x2e, 0x01,
  0x27, 0x26, 0x22, 0x07, 0x0e, 0x01, 0x17, 0x31, 0x37, 0x14, 0x16, 0x1f,
  0x01, 0x1e, 0x01, 0x33, 0x32, 0x36, 0x37, 0x3e, 0x01, 0x37, 0x17, 0x1e,
  0x01, 0x33, 0x32, 0x36, 0x37, 0x36, 0x26, 0x2f, 0x01, 0x37, 0x36, 0x26,
  0x27, 0x2e, 0x01, 0x0f, 0x01, 0x27, 0x2e, 0x01, 0x23, 0x22, 0x06, 0x07,
  0x0e, 0x01, 0x1f, 0x01, 0x07, 0x0e, 0x01, 0x15, 0x13, 0x22, 0x06, 0x07,
  0x0e, 0x01, 0x15, 0x06, 0x16, 0x17, 0x1e, 0x01, 0x37, 0x3e, 0x01, 0x33,
  0x32, 0x16, 0x17, 0x1e, 0x01, 0x17, 0x1e, 0x01, 0x33, 0x32, 0x36, 0x37,
  0x3e, 0x01, 0x27, 0x2e, 0x01, 0x27, 0x2e, 0x01, 0x23, 0x01, 0x31, 0x2e,
  0x01, 0x27, 0x26, 0x06, 0x0f, 0x01, 0x0e, 0x01, 0x07, 0x0e, 0x01, 0x23,
  0x22, 0x26, 0x27, 0x2e, 0x01, 0x27, 0x2e, 0x01, 0x27, 0x2e, 0x01, 0x27,
  0x30, 0x26, 0x31, 0x2e, 0x01, 0x07, 0x0e, 0x01, 0x17, 0x31, 0x1e, 0x01,
  0x17, 0x1e, 0x01, 0x17, 0x1e, 0x01, 0x17, 0x1e, 0x01, 0x33, 0x32, 0x36,
  0x37, 0x3e, 0x01, 0x37, 0x30, 0x36, 0x37, 0x36, 0x34, 0x27, 0xfd, 0x06,
  0x03, 0x0c, 0x24, 0x17, 0x18, 0x35, 0x1e, 0x1f, 0x41, 0x22, 0x22, 0x42,
  0x1f, 0x1e, 0x35, 0x17, 0x17, 0x25, 0x0c, 0x0d, 0x0e, 0x0e, 0x0d, 0x0c,
  0x24, 0x18, 0x17, 0x35, 0x1e, 0x1f, 0x42, 0x22, 0x22, 0x43, 0x1f, 0x18,
  0x48, 0x18, 0x01, 0xcf, 0x0d, 0x04, 0x04, 0x0d, 0xfe, 0x0b, 0x0a, 0x0c,
  0x13, 0x0b, 0x16, 0x0f, 0x05, 0x01, 0x08, 0x24, 0x27, 0x64, 0x38, 0x37,
  0x64, 0x26, 0x27, 0x2a, 0x2a, 0x26, 0x26, 0x66, 0x37, 0x25, 0x47, 0x1e,
  0x13, 0x11, 0x14, 0x34, 0x1e, 0x1c, 0x34, 0x14, 0x14, 0x15, 0x52, 0x3b,
  0x0c, 0x1f, 0x01, 0x0c, 0x0c, 0x01, 0x07, 0x0c, 0x02, 0x13, 0x1c, 0x11,
  0x2a, 0x25, 0x25, 0x37, 0x10, 0x10, 0x10, 0x10, 0x37, 0x25, 0x25, 0x2a,
  0x29, 0x4b, 0x1d, 0x1b, 0x1f, 0x10, 0x1d, 0x0b, 0x04, 0x12, 0x0c, 0x06,
  0x17, 0x04, 0xee, 0x07, 0x03, 0x01, 0x05, 0x09, 0x04, 0x04, 0x04, 0x01,
  0x02, 0x21, 0x02, 0x24, 0x02, 0x06, 0x03, 0x04, 0x09, 0x05, 0x0b, 0x04,
  0x03, 0x24, 0x26, 0x06, 0x07, 0x06, 0x07, 0x0f, 0x05, 0x25, 0x25, 0x02,
  0x04, 0x02, 0x03, 0x09, 0x05, 0x09, 0x04, 0x05, 0x25, 0x25, 0x03, 0x02,
  0x52, 0x2d, 0x5b, 0x23, 0x04, 0x04, 0x01, 0x02, 0x03, 0x02, 0x0c, 0x0c,
  0x24, 0x4d, 0x24, 0x29, 0x4f, 0x26, 0x1e, 0x39, 0x1f, 0x02, 0x05, 0x02,
  0x06, 0x0c, 0x05, 0x08, 0x07, 0x08, 0x1d, 0x42, 0x27, 0x2b, 0x5b, 0x2f,
  0x01, 0x43, 0x05, 0x09, 0x04, 0x04, 0x08, 0x03, 0x03, 0x1c, 0x41, 0x24,
  0x25, 0x50, 0x29, 0x29, 0x4f, 0x25, 0x24, 0x41, 0x1c, 0x1d, 0x2c, 0x0e,
  0x0e, 0x0b, 0x01, 0x01, 0x02, 0x11, 0x0d, 0x05, 0x18, 0x02, 0x04, 0x10,
  0x0b, 0x11, 0x32, 0x20, 0x20, 0x4b, 0x29, 0x2b, 0x5b, 0x30, 0x2f, 0x5b,
  0x2b, 0x29, 0x4b, 0x20, 0x03, 0x01, 0x03, 0x0e, 0x01, 0x1f, 0x11, 0x05,
  0x1e, 0x36, 0x17, 0x17, 0x24, 0x0d, 0x0d, 0x0d, 0x0d, 0x0d, 0x0d, 0x24,
  0x17, 0x17, 0x36, 0x1e, 0x1f, 0x41, 0x22, 0x22, 0x41, 0x1f, 0x1e, 0x36,
  0x17, 0x17, 0x24, 0x0d, 0x0d, 0x0d, 0x0d, 0x0d, 0x0b, 0x2f, 0x19, 0x01,
  0x14, 0x1a, 0x05, 0x06, 0x1a, 0x0e, 0x08, 0xfe, 0x7c, 0x0a, 0x0d, 0x02,
  0x04, 0x0a, 0x07, 0x01, 0x0c, 0x25, 0x27, 0x29, 0x29, 0x27, 0x26, 0x64,
  0x37, 0x37, 0x63, 0x27, 0x26, 0x2a, 0x13, 0x13, 0xec, 0x18, 0x30, 0x14,
  0x16, 0x18, 0x15, 0x14, 0x13, 0x33, 0x1c, 0x3b, 0x51, 0x06, 0x01, 0x03,
  0x17, 0x05, 0x15, 0x0d, 0x01, 0x06, 0x03, 0x10, 0x10, 0x37, 0x25, 0x25,
  0x2a, 0x29, 0x25, 0x25, 0x36, 0x10, 0x10, 0x1f, 0x1c, 0x1b, 0x45, 0x24,
  0x02, 0x04, 0x9b, 0x23, 0x01, 0x11, 0x33, 0x1b, 0x0a, 0x04, 0x01, 0x0c,
  0x0c, 0x38, 0x05, 0x09, 0x03, 0x01, 0x04, 0x05, 0x02, 0x01, 0x02, 0x22,
  0x02, 0x23, 0x03, 0x03, 0x05, 0x05, 0x0c, 0x0d, 0x03, 0x24, 0x25, 0x07,
  0x0d, 0x06, 0x08, 0x03, 0x04, 0x25, 0x25, 0x02, 0x01, 0x05, 0x05, 0x08,
  0x0d, 0x05, 0x25, 0x25, 0x03, 0x05, 0x02, 0x01, 0xfb, 0x11, 0x0f, 0x02,
  0x06, 0x04, 0x04, 0x0a, 0x07, 0x06, 0x14, 0x04, 0x0e, 0x0f, 0x10, 0x10,
  0x0d, 0x25, 0x1b, 0x02, 0x01, 0x09, 0x06, 0x09, 0x10, 0x07, 0x1c, 0x2a,
  0x11, 0x12, 0x12, 0xfd, 0x1b, 0x05, 0x07, 0x01, 0x01, 0x02, 0x03, 0x03,
  0x1c, 0x2c, 0x0f, 0x10, 0x10, 0x10, 0x10, 0x0f, 0x2c, 0x1c, 0x1d, 0x41,
  0x23, 0x22, 0x30, 0x09, 0x02, 0x0a, 0x03, 0x02, 0x01, 0x07, 0x0c, 0x1c,
  0x36, 0x1a, 0x2a, 0x4a, 0x20, 0x20, 0x32, 0x12, 0x12, 0x12, 0x12, 0x12,
  0x12, 0x32, 0x20, 0x03, 0x01, 0x04, 0x0f, 0x0e, 0x00, 0x04, 0x00, 0x00,
  0xff, 0xc0, 0x03, 0xf0, 0x03, 0xc0, 0x00, 0x0b, 0x00, 0x3b, 0x00, 0x56,
  0x00, 0x62, 0x00, 0x00, 0x01, 0x34, 0x36, 0x33, 0x32, 0x16, 0x15, 0x14,
  0x06, 0x23, 0x22, 0x26, 0x37, 0x26, 0x27, 0x26, 0x22, 0x07, 0x06, 0x07,
  0x0e, 0x01, 0x07, 0x31, 0x03, 0x0e, 0x01, 0x07, 0x27, 0x26, 0x06, 0x07,
  0x06, 0x16, 0x1f, 0x01, 0x06, 0x16, 0x17, 0x16, 0x17, 0x16, 0x32, 0x37,
  0x36, 0x37, 0x3e, 0x01, 0x27, 0x37, 0x3e, 0x01, 0x37, 0x36, 0x37, 0x36,
  0x34, 0x27, 0x26, 0x27, 0x01, 0x22, 0x26, 0x35, 0x3c, 0x01, 0x31, 0x17,
  0x1e, 0x01, 0x33, 0x32, 0x36, 0x37, 0x36, 0x26, 0x2f, 0x01, 0x3e, 0x01,
  0x33, 0x32, 0x16, 0x15, 0x14, 0x06, 0x23, 0x01, 0x22, 0x26, 0x35, 0x34,
  0x36, 0x33, 0x32, 0x16, 0x15, 0x14, 0x06, 0x02, 0xc0, 0x38, 0x28, 0x28,
  0x38, 0x38, 0x28, 0x28, 0x38, 0xfe, 0x20, 0x2a, 0x29, 0x56, 0x29, 0x2a,
  0x20, 0x1b, 0x20, 0x05, 0xcc, 0x15, 0x28, 0x13, 0x9e, 0x1c, 0x45, 0x15,
  0x16, 0x09, 0x1b, 0x9c, 0x0d, 0x1b, 0x27, 0x1e, 0x25, 0x25, 0x4e, 0x25,
  0x25, 0x1e, 0x24, 0x1c, 0x08, 0xf9, 0x23, 0x41, 0x1a, 0x21, 0x11, 0x10,
  0x10, 0x11, 0x21, 0xfd, 0xc2, 0x38, 0x4f, 0x43, 0x0c, 0x1a, 0x0e, 0x13,
  0x23, 0x0c, 0x16, 0x09, 0x1b, 0x40, 0x07, 0x0e, 0x07, 0x38, 0x4f, 0x4f,
  0x38, 0x01, 0xa0, 0x42, 0x5e, 0x5e, 0x42, 0x42, 0x5e, 0x5e, 0x02, 0xa0,
  0x28, 0x38, 0x38, 0x28, 0x28, 0x38, 0x38, 0xc6, 0x21, 0x11, 0x10, 0x10,
  0x11, 0x21, 0x1a, 0x41, 0x23, 0xfe, 0xca, 0x01, 0x0b, 0x09, 0x7b, 0x16,
  0x09, 0x1b, 0x1c, 0x45, 0x15, 0x7a, 0x32, 0x68, 0x27, 0x1d, 0x0f, 0x0f,
  0x0f, 0x0f, 0x1d, 0x24, 0x5f, 0x2f, 0xdf, 0x05, 0x20, 0x1b, 0x20, 0x2a,
  0x29, 0x56, 0x29, 0x2a, 0x20, 0xfc, 0xfb, 0x4f, 0x38, 0x01, 0x01, 0x34,
  0x09, 0x09, 0x10, 0x10, 0x1c, 0x45, 0x15, 0x32, 0x01, 0x02, 0x4f, 0x38,
  0x38, 0x4f, 0x01, 0xc7, 0x5e, 0x42, 0x42, 0x5e, 0x5e, 0x42, 0x42, 0x5e,
  0x00, 0x04, 0x00, 0x00, 0xff, 0xc0, 0x04, 0x00, 0x03, 0xc0, 0x00, 0x16,
  0x00, 0x51, 0x00, 0x5d, 0x00, 0x69, 0x00, 0x00, 0x25, 0x32, 0x36, 0x37,
  0x36, 0x26, 0x2f, 0x01, 0x3e, 0x01, 0x33, 0x32, 0x16, 0x15, 0x14, 0x06,
  0x23, 0x22, 0x26, 0x27, 0x17, 0x1e, 0x01, 0x01, 0x32, 0x16, 0x15, 0x11,
  0x14, 0x06, 0x23, 0x21, 0x22, 0x26, 0x3d, 0x01, 0x17, 0x06, 0x16, 0x17,
  0x16, 0x17, 0x16, 0x32, 0x37, 0x36, 0x37, 0x3e, 0x01, 0x27, 0x37, 0x3e,
  0x01, 0x37, 0x36, 0x37, 0x36, 0x34, 0x27, 0x26, 0x27, 0x26, 0x27, 0x26,
  0x22, 0x07, 0x06, 0x07, 0x0e, 0x01, 0x07, 0x31, 0x03, 0x0e, 0x01, 0x07,
  0x27, 0x11, 0x34, 0x36, 0x33, 0x21, 0x13, 0x34, 0x26, 0x23, 0x22, 0x06,
  0x15, 0x14, 0x16, 0x33, 0x32, 0x36, 0x25, 0x34, 0x36, 0x33, 0x32, 0x16,
  0x15, 0x14, 0x06, 0x23, 0x22, 0x26, 0x01, 0x30, 0x14, 0x26, 0x0c, 0x13,
  0x0d, 0x1d, 0x42, 0x08, 0x12, 0x09, 0x38, 0x4f, 0x4f, 0x38, 0x36, 0x4e,
  0x03, 0x48, 0x0b, 0x18, 0x02, 0x31, 0x47, 0x64, 0x64, 0x47, 0xfd, 0x56,
  0x47, 0x64, 0x79, 0x08, 0x1b, 0x25, 0x1e, 0x25, 0x25, 0x4e, 0x25, 0x25,
  0x1e, 0x24, 0x1c, 0x08, 0xf9, 0x23, 0x41, 0x1a, 0x21, 0x11, 0x10, 0x10,
  0x11, 0x21, 0x20, 0x2a, 0x29, 0x56, 0x29, 0x2a, 0x20, 0x1b, 0x20, 0x05,
  0xcc, 0x18, 0x2f, 0x15, 0xda, 0x64, 0x47, 0x02, 0xaa, 0x2b, 0x5e, 0x42,
  0x42, 0x5e, 0x5e, 0x42, 0x42, 0x5e, 0xff, 0x00, 0x38, 0x28, 0x28, 0x38,
  0x38, 0x28, 0x28, 0x38, 0x7c, 0x13, 0x12, 0x1d, 0x45, 0x13, 0x2c, 0x02,
  0x03, 0x4f, 0x38, 0x38, 0x4f, 0x4b, 0x36, 0x30, 0x07, 0x07, 0x03, 0x44,
  0x64, 0x47, 0xfd, 0x56, 0x47, 0x64, 0x64, 0x47, 0xcb, 0x51, 0x30, 0x5f,
  0x25, 0x1d, 0x0f, 0x0f, 0x0f, 0x0f, 0x1d, 0x24, 0x5f, 0x2f, 0xdf, 0x05,
  0x20, 0x1b, 0x20, 0x2a, 0x29, 0x56, 0x29, 0x2a, 0x20, 0x21, 0x11, 0x10,
  0x10, 0x11, 0x21, 0x1a, 0x41, 0x23, 0xfe, 0xca, 0x01, 0x0e, 0x0d, 0x92,
  0x01, 0x15, 0x47, 0x64, 0xfe, 0xe0, 0x42, 0x5e, 0x5e, 0x42, 0x42, 0x5e,
  0x5e, 0x42, 0x28, 0x38, 0x38, 0x28, 0x28, 0x38, 0x38, 0x00, 0x00, 0x00,
  0x00, 0x05, 0x00, 0x00, 0xff, 0xc0, 0x04, 0x00, 0x03, 0xc0, 0x00, 0x03,
  0x00, 0x07, 0x00, 0x0b, 0x00, 0x0f, 0x00, 0x17, 0x00, 0x00, 0x01, 0x07,
  0x05, 0x37, 0x21, 0x27, 0x05, 0x17, 0x21, 0x17, 0x05, 0x27, 0x31, 0x25,
  0x07, 0x05, 0x05, 0x27, 0x07, 0x27, 0x15, 0x05, 0x25, 0x35, 0x02, 0xe0,
  0xe0, 0x01, 0x20, 0xe0, 0xfe, 0x00, 0xe0, 0xfe, 0xe0, 0xe0, 0x02, 0x40,
  0xe0, 0xfe, 0xe0, 0xe0, 0xfe, 0xe0, 0xe0, 0x01, 0x20, 0x01, 0xb8, 0xd8,
  0xd8, 0x88, 0x01, 0x60, 0x01, 0x60, 0x03, 0xa0, 0xc0, 0xc0, 0xc0, 0xc0,
  0xc0, 0xc0, 0xc0, 0xa0, 0xc0, 0xa0, 0xc0, 0xa0, 0x4e, 0xba, 0xba, 0x4c,
  0x5e, 0xa0, 0xa0, 0x5e, 0x00, 0x02, 0x00, 0x00, 0xff, 0xc0, 0x03, 0xff,
  0x03, 0xc0, 0x00, 0x2b, 0x00, 0x71, 0x00, 0x00, 0x25, 0x2e, 0x01, 0x35,
  0x34, 0x36, 0x37, 0x3e, 0x01, 0x37, 0x3e, 0x01, 0x35, 0x34, 0x36, 0x37,
  0x3e, 0x01, 0x37, 0x3e, 0x01, 0x33, 0x1e, 0x01, 0x1f, 0x01, 0x37, 0x36,
  0x16, 0x1f, 0x02, 0x1e, 0x01, 0x07, 0x0e, 0x01, 0x0f, 0x01, 0x05, 0x22,
  0x26, 0x27, 0x31, 0x27, 0x2e, 0x01, 0x27, 0x2e, 0x01, 0x35, 0x34, 0x36,
  0x37, 0x3e, 0x01, 0x37, 0x3e, 0x01, 0x37, 0x3e, 0x01, 0x35, 0x3e, 0x01,
  0x37, 0x36, 0x16, 0x17, 0x16, 0x36, 0x37, 0x3e, 0x01, 0x37, 0x3e, 0x01,
  0x33, 0x32, 0x16, 0x17, 0x16, 0x06, 0x23, 0x22, 0x06, 0x0f, 0x01, 0x27,
  0x2e, 0x01, 0x07, 0x0e, 0x01, 0x07, 0x0e, 0x01, 0x15, 0x14, 0x06, 0x07,
  0x0e, 0x01, 0x15, 0x14, 0x16, 0x17, 0x1e, 0x01, 0x07, 0x06, 0x26, 0x27,
  0x31, 0x01, 0x5f, 0x2d, 0x31, 0x03, 0x04, 0x0b, 0x34, 0x24, 0x12, 0x0e,
  0x04, 0x02, 0x0c, 0x2a, 0x17, 0x19, 0x23, 0x1e, 0x2a, 0x35, 0x1d, 0x16,
  0x14, 0x46, 0x78, 0x05, 0x02, 0x13, 0x28, 0x25, 0x04, 0x02, 0x1a, 0x15,
  0x0d, 0xfe, 0xd7, 0xab, 0x85, 0x09, 0xf8, 0x1b, 0x34, 0x0d, 0x08, 0x03,
  0x03, 0x06, 0x0d, 0x2f, 0x1f, 0x07, 0x0a, 0x01, 0x01, 0x02, 0x02, 0x42,
  0x32, 0x1b, 0x42, 0x1e, 0x09, 0x09, 0x13, 0x0c, 0x28, 0x13, 0x15, 0x2d,
  0x1a, 0x48, 0x74, 0x17, 0x07, 0x01, 0x09, 0x03, 0x13, 0x0a, 0x17, 0x15,
  0x2d, 0x84, 0x3e, 0x18, 0x28, 0x0f, 0x0b, 0x15, 0x0c, 0x13, 0x39, 0x3f,
  0x09, 0x07, 0x03, 0x03, 0x01, 0x02, 0x63, 0x0a, 0x84, 0x0b, 0x45, 0x36,
  0x11, 0x14, 0x0b, 0x1b, 0x26, 0x08, 0x03, 0x0a, 0x09, 0x03, 0x0f, 0x08,
  0x23, 0x36, 0x0c, 0x0c, 0x08, 0x01, 0x16, 0x20, 0x16, 0x06, 0x19, 0x47,
  0x45, 0x1a, 0x06, 0x0f, 0x3b, 0x2c, 0x1d, 0x2c, 0x0b, 0x07, 0x01, 0x01,
  0x03, 0x2a, 0x07, 0x2e, 0x1d, 0x10, 0x12, 0x1d, 0x1c, 0x14, 0x0d, 0x1d,
  0x29, 0x08, 0x02, 0x04, 0x02, 0x02, 0x0f, 0x0a, 0x3a, 0x5c, 0x11, 0x09,
  0x01, 0x0c, 0x04, 0x07, 0x1b, 0x10, 0x20, 0x0a, 0x0b, 0x0b, 0x59, 0x49,
  0x17, 0x11, 0x04, 0x03, 0x06, 0x16, 0x2f, 0x13, 0x20, 0x0d, 0x25, 0x18,
  0x11, 0x33, 0x08, 0x06, 0x08, 0x06, 0x14, 0x57, 0x3a, 0x16, 0x2e, 0x0f,
  0x06, 0x09, 0x01, 0x03, 0x02, 0x02, 0x00, 0x00, 0x00, 0x01, 0x00, 0x00,
  0xff, 0xc0, 0x04, 0x00, 0x03, 0xc0, 0x00, 0x63, 0x00, 0x00, 0x01, 0x22,
  0x07, 0x0e, 0x01, 0x07, 0x06, 0x15, 0x14, 0x17, 0x1e, 0x01, 0x17, 0x16,
  0x17, 0x16, 0x36, 0x35, 0x3c, 0x01, 0x27, 0x06, 0x26, 0x31, 0x2e, 0x01,
  0x31, 0x26, 0x36, 0x31, 0x1e, 0x01, 0x31, 0x16, 0x36, 0x37, 0x3e, 0x01,
  0x37, 0x26, 0x27, 0x2e, 0x01, 0x27, 0x26, 0x35, 0x34, 0x36, 0x37, 0x2e,
  0x01, 0x37, 0x30, 0x16, 0x17, 0x3e, 0x01, 0x33, 0x32, 0x16, 0x17, 0x3e,
  0x01, 0x31, 0x16, 0x06, 0x07, 0x1e, 0x01, 0x15, 0x14, 0x07, 0x0e, 0x01,
  0x07, 0x06, 0x07, 0x1e, 0x01, 0x15, 0x14, 0x06, 0x15, 0x14, 0x16, 0x37,
  0x36, 0x37, 0x3e, 0x01, 0x37, 0x36, 0x35, 0x34, 0x27, 0x2e, 0x01, 0x27,
  0x26, 0x23, 0x02, 0x00, 0x6a, 0x5d, 0x5e, 0x8b, 0x28, 0x28, 0x1a, 0x1a,
  0x5d, 0x41, 0x40, 0x4c, 0x13, 0x10, 0x01, 0x6a, 0x42, 0x12, 0x27, 0x23,
  0x27, 0x26, 0x28, 0x22, 0x5d, 0x16, 0x04, 0x12, 0x0b, 0x2b, 0x2a, 0x2a,
  0x42, 0x14, 0x15, 0x1c, 0x19, 0x04, 0x0c, 0x15, 0x43, 0x4a, 0x1e, 0x41,
  0x21, 0x21, 0x41, 0x1e, 0x4a, 0x43, 0x15, 0x0c, 0x04, 0x19, 0x1c, 0x15,
  0x14, 0x43, 0x2a, 0x29, 0x2b, 0x0e, 0x15, 0x01, 0x10, 0x13, 0x4c, 0x41,
  0x40, 0x5d, 0x1a, 0x1a, 0x28, 0x28, 0x8b, 0x5e, 0x5d, 0x6a, 0x03, 0xb3,
  0x28, 0x28, 0x8b, 0x5d, 0x5e, 0x6a, 0x54, 0x4d, 0x4d, 0x80, 0x2f, 0x2f,
  0x19, 0x04, 0x12, 0x0a, 0x09, 0x36, 0x20, 0x17, 0x54, 0x2c, 0x1f, 0x18,
  0x07, 0x03, 0x32, 0x3b, 0x07, 0x0a, 0x18, 0x22, 0x0a, 0x05, 0x0c, 0x0d,
  0x38, 0x2f, 0x2f, 0x49, 0x2a, 0x45, 0x1b, 0x09, 0x49, 0x35, 0x03, 0x31,
  0x08, 0x09, 0x09, 0x08, 0x31, 0x03, 0x35, 0x49, 0x09, 0x1b, 0x45, 0x2a,
  0x4a, 0x2f, 0x2e, 0x38, 0x0c, 0x0d, 0x05, 0x0b, 0x30, 0x23, 0x34, 0x4c,
  0x0d, 0x0a, 0x12, 0x04, 0x19, 0x2f, 0x30, 0x7f, 0x4d, 0x4d, 0x54, 0x6a,
  0x5e, 0x5d, 0x8b, 0x28, 0x28, 0x00, 0x00, 0x00, 0x00, 0x02, 0x00, 0x00,
  0xff, 0xc0, 0x04, 0x00, 0x03, 0xc0, 0x00, 0x03, 0x00, 0x0b, 0x00, 0x00,
  0x13, 0x11, 0x21, 0x11, 0x03, 0x23, 0x11, 0x23, 0x11, 0x21, 0x11, 0x21,
  0x00, 0x04, 0x00, 0xc0, 0x80, 0xc0, 0xfe, 0xc0, 0x02, 0x80, 0x03, 0xc0,
  0xfc, 0x00, 0x04, 0x00, 0xfc, 0xc0, 0x02, 0x00, 0xfe, 0x00, 0x02, 0x80,
  0x00, 0x02, 0x00, 0x00, 0xff, 0xc0, 0x03, 0xfe, 0x03, 0xc0, 0x00, 0x40,
  0x00, 0x8c, 0x00, 0x00, 0x01, 0x22, 0x07, 0x0e, 0x01, 0x07, 0x06, 0x07,
  0x0e, 0x01, 0x07, 0x0e, 0x01, 0x07, 0x14, 0x06, 0x15, 0x06, 0x16, 0x17,
  0x1e, 0x01, 0x17, 0x1e, 0x01, 0x17, 0x16, 0x17, 0x1e, 0x01, 0x17, 0x16,
  0x17, 0x16, 0x37, 0x3e, 0x01, 0x37, 0x36, 0x37, 0x3e, 0x01, 0x37, 0x36,
  0x26, 0x27, 0x2e, 0x01, 0x27, 0x2e, 0x01, 0x27, 0x2e, 0x01, 0x27, 0x26,
  0x27, 0x2e, 0x01, 0x27, 0x26, 0x27, 0x2e, 0x01, 0x23, 0x13, 0x22, 0x27,
  0x2e, 0x01, 0x27, 0x26, 0x27, 0x2e, 0x01, 0x27, 0x26, 0x36, 0x37, 0x3e,
  0x01, 0x37, 0x3e, 0x01, 0x37, 0x3e, 0x01, 0x37, 0x3e, 0x01, 0x37, 0x3e,
  0x01, 0x37, 0x36, 0x16, 0x17, 0x1e, 0x01, 0x37, 0x3e, 0x01, 0x37, 0x3e,
  0x01, 0x37, 0x3e, 0x01, 0x37, 0x3e, 0x01, 0x37, 0x36, 0x16, 0x17, 0x1e,
  0x01, 0x17, 0x1e, 0x01, 0x17, 0x1e, 0x01, 0x17, 0x1e, 0x01, 0x17, 0x1e,
  0x01, 0x07, 0x0e, 0x01, 0x07, 0x0e, 0x01, 0x07, 0x0e, 0x01, 0x07, 0x0e,
  0x01, 0x02, 0x00, 0x46, 0x3e, 0x3d, 0x69, 0x2a, 0x2a, 0x1e, 0x23, 0x2f,
  0x0b, 0x02, 0x02, 0x01, 0x01, 0x01, 0x01, 0x03, 0x09, 0x16, 0x0c, 0x18,
  0x3b, 0x1f, 0x24, 0x27, 0x26, 0x4e, 0x28, 0x28, 0x28, 0x29, 0x29, 0x29,
  0x52, 0x29, 0x28, 0x27, 0x43, 0x78, 0x25, 0x04, 0x02, 0x01, 0x01, 0x02,
  0x02, 0x03, 0x07, 0x04, 0x09, 0x17, 0x0f, 0x1a, 0x25, 0x25, 0x60, 0x3a,
  0x3b, 0x44, 0x10, 0x1f, 0x10, 0x06, 0x2a, 0x2d, 0x2c, 0x57, 0x2a, 0x2a,
  0x27, 0x1e, 0x38, 0x0e, 0x04, 0x01, 0x02, 0x01, 0x03, 0x03, 0x04, 0x09,
  0x05, 0x10, 0x22, 0x14, 0x09, 0x15, 0x0c, 0x09, 0x14, 0x0c, 0x24, 0x39,
  0x16, 0x0a, 0x1c, 0x10, 0x0b, 0x13, 0x08, 0x1b, 0x2c, 0x16, 0x0b, 0x16,
  0x0c, 0x08, 0x12, 0x0b, 0x13, 0x2b, 0x0d, 0x16, 0x29, 0x13, 0x12, 0x23,
  0x0f, 0x18, 0x2a, 0x13, 0x04, 0x03, 0x02, 0x01, 0x03, 0x01, 0x01, 0x09,
  0x03, 0x09, 0x18, 0x0d, 0x38, 0x8f, 0x45, 0x1c, 0x38, 0x03, 0x55, 0x1a,
  0x1b, 0x58, 0x37, 0x38, 0x39, 0x41, 0x8c, 0x48, 0x09, 0x10, 0x09, 0x04,
  0x09, 0x05, 0x05, 0x06, 0x05, 0x0f, 0x1a, 0x0d, 0x19, 0x27, 0x0f, 0x11,
  0x0c, 0x0c, 0x0f, 0x04, 0x04, 0x01, 0x02, 0x01, 0x02, 0x09, 0x08, 0x08,
  0x0d, 0x16, 0x4e, 0x3d, 0x07, 0x12, 0x07, 0x0a, 0x12, 0x09, 0x11, 0x23,
  0x12, 0x23, 0x45, 0x22, 0x3c, 0x3d, 0x3c, 0x66, 0x24, 0x25, 0x0d, 0x03,
  0x03, 0xfc, 0xf1, 0x02, 0x03, 0x0e, 0x0d, 0x0c, 0x15, 0x10, 0x2f, 0x20,
  0x09, 0x0c, 0x0b, 0x07, 0x0e, 0x06, 0x09, 0x12, 0x09, 0x1f, 0x3c, 0x1c,
  0x0e, 0x1b, 0x0c, 0x08, 0x10, 0x03, 0x09, 0x3c, 0x16, 0x0a, 0x12, 0x02,
  0x01, 0x0f, 0x07, 0x17, 0x39, 0x1c, 0x0d, 0x1c, 0x0d, 0x09, 0x12, 0x06,
  0x0a, 0x1d, 0x0b, 0x12, 0x2b, 0x16, 0x16, 0x2b, 0x17, 0x24, 0x4c, 0x27,
  0x09, 0x0d, 0x09, 0x05, 0x0c, 0x05, 0x07, 0x0f, 0x06, 0x0f, 0x18, 0x0b,
  0x2b, 0x24, 0x06, 0x03, 0x02, 0x00, 0x00, 0x00, 0x00, 0x03, 0x00, 0x00,
  0xff, 0xc0, 0x04, 0x00, 0x03, 0xc0, 0x00, 0x0f, 0x00, 0x1f, 0x00, 0x2f,
  0x00, 0x00, 0x01, 0x21, 0x22, 0x06, 0x15, 0x11, 0x14, 0x16, 0x33, 0x21,
  0x32, 0x36, 0x35, 0x11, 0x34, 0x26, 0x01, 0x14, 0x06, 0x2b, 0x01, 0x22,
  0x26, 0x35, 0x11, 0x34, 0x36, 0x3b, 0x01, 0x32, 0x16, 0x15, 0x01, 0x14,
  0x06, 0x2b, 0x01, 0x22, 0x26, 0x35, 0x11, 0x34, 0x36, 0x3b, 0x01, 0x32,
  0x16, 0x15, 0x03, 0xa0, 0xfc, 0xc0, 0x28, 0x38, 0x38, 0x28, 0x03, 0x40,
  0x28, 0x38, 0x38, 0xfd, 0xf8, 0x26, 0x1a, 0x80, 0x1a, 0x26, 0x26, 0x1a,
  0x80, 0x1a, 0x26, 0x01, 0x80, 0x26, 0x1a, 0x80, 0x1a, 0x26, 0x26, 0x1a,
  0x80, 0x1a, 0x26, 0x03, 0xc0, 0x38, 0x28, 0xfc, 0xc0, 0x28, 0x38, 0x38,
  0x28, 0x03, 0x40, 0x28, 0x38, 0xfd, 0x00, 0x1a, 0x26, 0x26, 0x1a, 0x02,
  0x00, 0x1a, 0x26, 0x26, 0x1a, 0xfe, 0xc0, 0x1a, 0x26, 0x26, 0x1a, 0x01,
  0x40, 0x1a, 0x26, 0x26, 0x1a, 0x00, 0x00, 0x00, 0x00, 0x06, 0x00, 0x00,
  0xff, 0xc0, 0x04, 0x00, 0x03, 0xc0, 0x00, 0x0b, 0x00, 0x48, 0x00, 0x53,
  0x00, 0x65, 0x00, 0x81, 0x00, 0x9d, 0x00, 0x00, 0x13, 0x14, 0x17, 0x1e,
  0x01, 0x17, 0x16, 0x17, 0x03, 0x0e, 0x01, 0x15, 0x25, 0x34, 0x26, 0x27,
  0x2e, 0x01, 0x35, 0x34, 0x36, 0x33, 0x3a, 0x01, 0x33, 0x2e, 0x01, 0x23,
  0x22, 0x07, 0x0e, 0x01, 0x07, 0x06, 0x07, 0x3a, 0x01, 0x33, 0x32, 0x36,
  0x31, 0x36, 0x16, 0x07, 0x30, 0x06, 0x07, 0x13, 0x37, 0x27, 0x2e, 0x01,
  0x31, 0x26, 0x36, 0x17, 0x30, 0x16, 0x33, 0x32, 0x36, 0x31, 0x36, 0x16,
  0x07, 0x30, 0x06, 0x07, 0x13, 0x37, 0x3e, 0x01, 0x35, 0x07, 0x03, 0x1e,
  0x01, 0x33, 0x32, 0x36, 0x37, 0x2e, 0x01, 0x35, 0x13, 0x1e, 0x01, 0x15,
  0x14, 0x06, 0x07, 0x03, 0x36, 0x37, 0x3e, 0x01, 0x37, 0x36, 0x35, 0x34,
  0x26, 0x27, 0x01, 0x22, 0x07, 0x0e, 0x01, 0x07, 0x06, 0x15, 0x14, 0x17,
  0x1e, 0x01, 0x17, 0x16, 0x33, 0x32, 0x37, 0x3e, 0x01, 0x37, 0x36, 0x35,
  0x34, 0x27, 0x2e, 0x01, 0x27, 0x26, 0x03, 0x22, 0x27, 0x2e, 0x01, 0x27,
  0x26, 0x35, 0x34, 0x37, 0x3e, 0x01, 0x37, 0x36, 0x33, 0x32, 0x17, 0x1e,
  0x01, 0x17, 0x16, 0x15, 0x14, 0x07, 0x0e, 0x01, 0x07, 0x06, 0x80, 0x10,
  0x10, 0x39, 0x28, 0x27, 0x30, 0xb7, 0x10, 0x11, 0x02, 0x83, 0x14, 0x0b,
  0x0f, 0x17, 0x24, 0x1c, 0x02, 0x02, 0x01, 0x33, 0x85, 0x4b, 0x32, 0x2f,
  0x2f, 0x52, 0x23, 0x22, 0x1a, 0x07, 0x0c, 0x06, 0x1e, 0x48, 0x10, 0x02,
  0x0f, 0x1b, 0x11, 0x8c, 0x54, 0x3c, 0x10, 0x19, 0x0f, 0x02, 0x10, 0x49,
  0x1c, 0x1e, 0x48, 0x10, 0x02, 0x0f, 0x1b, 0x11, 0x8b, 0x26, 0x0c, 0x11,
  0xfc, 0x73, 0x19, 0x37, 0x1c, 0x22, 0x40, 0x1e, 0x01, 0x02, 0xd4, 0x01,
  0x02, 0x0d, 0x11, 0x75, 0x2b, 0x23, 0x23, 0x32, 0x0e, 0x0e, 0x19, 0x16,
  0xfe, 0xaf, 0x6a, 0x5d, 0x5e, 0x8b, 0x28, 0x28, 0x28, 0x28, 0x8b, 0x5e,
  0x5d, 0x6a, 0x6a, 0x5d, 0x5e, 0x8b, 0x28, 0x28, 0x28, 0x28, 0x8b, 0x5e,
  0x5d, 0x6a, 0x5d, 0x51, 0x52, 0x7a, 0x23, 0x23, 0x23, 0x23, 0x7a, 0x52,
  0x51, 0x5d, 0x5d, 0x51, 0x52, 0x7a, 0x23, 0x23, 0x23, 0x23, 0x7a, 0x52,
  0x51, 0x01, 0xc0, 0x38, 0x33, 0x33, 0x57, 0x22, 0x23, 0x17, 0x01, 0xe9,
  0x23, 0x4c, 0x29, 0x13, 0x23, 0x31, 0x13, 0x17, 0x2a, 0x17, 0x1a, 0x28,
  0x2e, 0x34, 0x0c, 0x0c, 0x2c, 0x1f, 0x1f, 0x27, 0x05, 0x01, 0x1e, 0x02,
  0x03, 0x01, 0xfe, 0x6b, 0xf6, 0x9f, 0x01, 0x03, 0x01, 0x1f, 0x01, 0x05,
  0x05, 0x01, 0x1e, 0x02, 0x03, 0x01, 0xfe, 0x6e, 0x7d, 0x27, 0x3a, 0x18,
  0x34, 0xfe, 0xba, 0x07, 0x08, 0x0b, 0x0a, 0x01, 0x03, 0x01, 0x02, 0x0f,
  0x09, 0x13, 0x0a, 0x1c, 0x42, 0x28, 0xfe, 0xb6, 0x18, 0x22, 0x22, 0x54,
  0x2f, 0x30, 0x34, 0x31, 0x5a, 0x28, 0x01, 0x4d, 0x28, 0x28, 0x8b, 0x5e,
  0x5d, 0x6a, 0x6a, 0x5d, 0x5e, 0x8b, 0x28, 0x28, 0x28, 0x28, 0x8b, 0x5e,
  0x5d, 0x6a, 0x6a, 0x5d, 0x5e, 0x8b, 0x28, 0x28, 0xfc, 0x40, 0x23, 0x23,
  0x7a, 0x52, 0x51, 0x5d, 0x5d, 0x51, 0x52, 0x7a, 0x23, 0x23, 0x23, 0x23,
  0x7a, 0x52, 0x51, 0x5d, 0x5d, 0x51, 0x52, 0x7a, 0x23, 0x23, 0x00, 0x00,
  0x00, 0x04, 0x00, 0x00, 0xff, 0xc0, 0x04, 0x00, 0x03, 0xc0, 0x00, 0x1b,
  0x00, 0x37, 0x00, 0x53, 0x00, 0x6f, 0x00, 0x00, 0x01, 0x36, 0x32, 0x1f,
  0x01, 0x37, 0x27, 0x2e, 0x01, 0x07, 0x2e, 0x01, 0x23, 0x22, 0x06, 0x15,
  0x14, 0x16, 0x17, 0x06, 0x16, 0x1f, 0x01, 0x37, 0x27, 0x26, 0x34, 0x37,
  0x25, 0x34, 0x26, 0x23, 0x22, 0x06, 0x07, 0x26, 0x06, 0x0f, 0x01, 0x17,
  0x37, 0x36, 0x32, 0x17, 0x16, 0x14, 0x0f, 0x01, 0x17, 0x37, 0x3e, 0x01,
  0x27, 0x3e, 0x01, 0x35, 0x03, 0x36, 0x26, 0x2f, 0x01, 0x07, 0x17, 0x16,
  0x14, 0x07, 0x06, 0x22, 0x2f, 0x01, 0x07, 0x17, 0x1e, 0x01, 0x37, 0x1e,
  0x01, 0x33, 0x32, 0x36, 0x35, 0x34, 0x26, 0x27, 0x25, 0x07, 0x06, 0x22,
  0x27, 0x26, 0x34, 0x3f, 0x01, 0x27, 0x07, 0x0e, 0x01, 0x17, 0x0e, 0x01,
  0x15, 0x14, 0x16, 0x33, 0x32, 0x36, 0x37, 0x16, 0x36, 0x3f, 0x01, 0x27,
  0x01, 0x0a, 0x19, 0x45, 0x19, 0x08, 0x65, 0x08, 0x2b, 0x72, 0x38, 0x08,
  0x4c, 0x33, 0x38, 0x51, 0x3d, 0x2e, 0x11, 0x1c, 0x2e, 0xe4, 0x65, 0xe4,
  0x19, 0x19, 0x02, 0xf5, 0x51, 0x38, 0x34, 0x4d, 0x07, 0x3a, 0x79, 0x2e,
  0xe3, 0x65, 0xe3, 0x19, 0x46, 0x18, 0x19, 0x19, 0x08, 0x65, 0x08, 0x2e,
  0x1c, 0x10, 0x32, 0x45, 0x75, 0x0e, 0x1e, 0x2c, 0xe3, 0x65, 0xe3, 0x19,
  0x19, 0x18, 0x46, 0x19, 0x07, 0x65, 0x07, 0x2f, 0x7a, 0x3b, 0x09, 0x4b,
  0x32, 0x39, 0x50, 0x44, 0x32, 0xfe, 0xda, 0xe3, 0x19, 0x45, 0x19, 0x19,
  0x19, 0x08, 0x65, 0x08, 0x2c, 0x1e, 0x0e, 0x2d, 0x3c, 0x50, 0x39, 0x31,
  0x4a, 0x0b, 0x38, 0x73, 0x2c, 0xe3, 0x65, 0x02, 0xab, 0x19, 0x19, 0x08,
  0x66, 0x08, 0x2b, 0x1e, 0x0d, 0x31, 0x42, 0x50, 0x39, 0x31, 0x4b, 0x0a,
  0x3a, 0x7a, 0x2e, 0xe4, 0x65, 0xe4, 0x19, 0x46, 0x18, 0x8c, 0x39, 0x50,
  0x44, 0x32, 0x11, 0x1d, 0x2e, 0xe4, 0x65, 0xe4, 0x19, 0x19, 0x18, 0x46,
  0x19, 0x07, 0x66, 0x08, 0x2e, 0x78, 0x3a, 0x06, 0x4e, 0x34, 0xfd, 0x9a,
  0x38, 0x73, 0x2b, 0xe4, 0x65, 0xe4, 0x18, 0x46, 0x19, 0x18, 0x18, 0x08,
  0x65, 0x08, 0x2e, 0x1c, 0x12, 0x2f, 0x3f, 0x50, 0x39, 0x34, 0x4d, 0x07,
  0xde, 0xe4, 0x18, 0x18, 0x19, 0x46, 0x18, 0x08, 0x65, 0x07, 0x2c, 0x75,
  0x38, 0x0b, 0x4a, 0x31, 0x39, 0x50, 0x3d, 0x2d, 0x0e, 0x1e, 0x2c, 0xe4,
  0x65, 0x00, 0x00, 0x00, 0x00, 0x02, 0x00, 0x00, 0xff, 0xc0, 0x04, 0x00,
  0x03, 0xc0, 0x00, 0x1b, 0x00, 0x45, 0x00, 0x00, 0x01, 0x22, 0x07, 0x0e,
  0x01, 0x07, 0x06, 0x15, 0x14, 0x17, 0x1e, 0x01, 0x17, 0x16, 0x33, 0x32,
  0x37, 0x3e, 0x01, 0x37, 0x36, 0x35, 0x34, 0x27, 0x2e, 0x01, 0x27, 0x26,
  0x13, 0x06, 0x07, 0x0e, 0x01, 0x07, 0x06, 0x23, 0x22, 0x27, 0x2e, 0x01,
  0x27, 0x26, 0x27, 0x26, 0x36, 0x37, 0x32, 0x36, 0x33, 0x32, 0x16, 0x17,
  0x1e, 0x01, 0x33, 0x32, 0x36, 0x37, 0x3e, 0x01, 0x33, 0x32, 0x16, 0x33,
  0x1e, 0x01, 0x17, 0x1e, 0x01, 0x07, 0x02, 0x00, 0x6a, 0x5d, 0x5e, 0x8b,
  0x28, 0x28, 0x28, 0x28, 0x8b, 0x5e, 0x5d, 0x6a, 0x6a, 0x5d, 0x5e, 0x8b,
  0x28, 0x28, 0x28, 0x28, 0x8b, 0x5e, 0x5d, 0xcf, 0x0e, 0x1e, 0x1e, 0x53,
  0x32, 0x33, 0x37, 0x37, 0x33, 0x32, 0x53, 0x1e, 0x1e, 0x0e, 0x04, 0x13,
  0x12, 0x03, 0x05, 0x03, 0x10, 0x18, 0x04, 0x14, 0x7e, 0x4f, 0x4f, 0x7e,
  0x14, 0x04, 0x18, 0x10, 0x03, 0x05, 0x03, 0x09, 0x0e, 0x05, 0x04, 0x03,
  0x02, 0x03, 0xc0, 0x28, 0x28, 0x8b, 0x5e, 0x5d, 0x6a, 0x6a, 0x5d, 0x5e,
  0x8b, 0x28, 0x28, 0x28, 0x28, 0x8b, 0x5e, 0x5d, 0x6a, 0x6a, 0x5d, 0x5e,
  0x8b, 0x28, 0x28, 0xfd, 0xb2, 0x35, 0x2d, 0x2c, 0x40, 0x12, 0x12, 0x12,
  0x12, 0x40, 0x2c, 0x2d, 0x35, 0x13, 0x20, 0x05, 0x01, 0x13, 0x0f, 0x4d,
  0x61, 0x61, 0x4d, 0x0f, 0x13, 0x01, 0x03, 0x0a, 0x08, 0x08, 0x12, 0x09,
  0x00, 0x03, 0x00, 0x00, 0xff, 0xc0, 0x04, 0x00, 0x03, 0xc0, 0x00, 0x27,
  0x00, 0x35, 0x00, 0x43, 0x00, 0x00, 0x01, 0x23, 0x22, 0x26, 0x27, 0x31,
  0x34, 0x27, 0x2e, 0x01, 0x27, 0x26, 0x2b, 0x01, 0x22, 0x07, 0x0e, 0x01,
  0x07, 0x06, 0x15, 0x11, 0x14, 0x17, 0x1e, 0x01, 0x17, 0x16, 0x33, 0x21,
  0x32, 0x37, 0x3e, 0x01, 0x37, 0x36, 0x3d, 0x01, 0x34, 0x26, 0x25, 0x33,
  0x32, 0x16, 0x15, 0x14, 0x06, 0x2b, 0x01, 0x22, 0x26, 0x35, 0x34, 0x36,
  0x01, 0x21, 0x22, 0x26, 0x35, 0x34, 0x36, 0x33, 0x21, 0x32, 0x16, 0x15,
  0x14, 0x06, 0x03, 0xbe, 0x3a, 0x1a, 0x28, 0x02, 0x1a, 0x1a, 0x59, 0x3d,
  0x3c, 0x45, 0xa8, 0x45, 0x3d, 0x3c, 0x5b, 0x1a, 0x1a, 0x1a, 0x1a, 0x5b,
  0x3c, 0x3d, 0x45, 0x01, 0x66, 0x45, 0x3d, 0x3d, 0x5a, 0x1a, 0x1a, 0x27,
  0xfd, 0x67, 0xc0, 0x1a, 0x26, 0x26, 0x1a, 0xc0, 0x1a, 0x26, 0x26, 0x01,
  0x9a, 0xfe, 0x80, 0x1a, 0x26, 0x26, 0x1a, 0x01, 0x80, 0x1a, 0x26, 0x26,
  0x02, 0x40, 0x26, 0x1a, 0x45, 0x3a, 0x3b, 0x55, 0x19, 0x18, 0x1a, 0x1a,
  0x5a, 0x3c, 0x3c, 0x45, 0xfe, 0x96, 0x45, 0x3c, 0x3c, 0x5a, 0x1a, 0x1a,
  0x1a, 0x1a, 0x5a, 0x3c, 0x3c, 0x45, 0xea, 0x1b, 0x30, 0x80, 0x26, 0x1a,
  0x1a, 0x26, 0x26, 0x1a, 0x1a, 0x26, 0xfe, 0x00, 0x26, 0x1a, 0x1a, 0x26,
  0x26, 0x1a, 0x1a, 0x26, 0x00, 0x04, 0x00, 0x00, 0xff, 0xc0, 0x04, 0x00,
  0x03, 0xc0, 0x00, 0x0f, 0x00, 0x37, 0x00, 0x47, 0x00, 0x57, 0x00, 0x00,
  0x01, 0x21, 0x22, 0x06, 0x15, 0x11, 0x14, 0x16, 0x33, 0x21, 0x32, 0x36,
  0x35, 0x11, 0x34, 0x26, 0x03, 0x14, 0x07, 0x0e, 0x01, 0x07, 0x06, 0x23,
  0x21, 0x22, 0x27, 0x2e, 0x01, 0x27, 0x26, 0x35, 0x11, 0x34, 0x37, 0x3e,
  0x01, 0x37, 0x36, 0x3b, 0x01, 0x32, 0x17, 0x1e, 0x01, 0x17, 0x16, 0x15,
  0x1e, 0x01, 0x3b, 0x01, 0x32, 0x16, 0x1d, 0x01, 0x27, 0x14, 0x06, 0x23,
  0x21, 0x22, 0x26, 0x35, 0x31, 0x34, 0x36, 0x33, 0x21, 0x32, 0x16, 0x15,
  0x03, 0x14, 0x06, 0x2b, 0x01, 0x22, 0x26, 0x35, 0x31, 0x34, 0x36, 0x3b,
  0x01, 0x32, 0x16, 0x15, 0x03, 0xa0, 0xfc, 0xc0, 0x28, 0x38, 0x38, 0x28,
  0x03, 0x40, 0x28, 0x38, 0x38, 0x48, 0x14, 0x13, 0x44, 0x2d, 0x2e, 0x33,
  0xfe, 0xf3, 0x34, 0x2d, 0x2e, 0x44, 0x13, 0x14, 0x14, 0x13, 0x44, 0x2e,
  0x2d, 0x34, 0x7e, 0x33, 0x2e, 0x2d, 0x43, 0x14, 0x13, 0x01, 0x1f, 0x13,
  0x2b, 0x15, 0x1d, 0xc0, 0x26, 0x1a, 0xff, 0x00, 0x1a, 0x26, 0x26, 0x1a,
  0x01, 0x00, 0x1a, 0x26, 0x80, 0x26, 0x1a, 0x80, 0x1a, 0x26, 0x26, 0x1a,
  0x80, 0x1a, 0x26, 0x03, 0xc0, 0x38, 0x28, 0xfc, 0xc0, 0x28, 0x38, 0x38,
  0x28, 0x03, 0x40, 0x28, 0x38, 0xfd, 0x78, 0x33, 0x2e, 0x2d, 0x43, 0x14,
  0x13, 0x13, 0x14, 0x43, 0x2d, 0x2e, 0x33, 0x01, 0x10, 0x33, 0x2e, 0x2d,
  0x43, 0x14, 0x13, 0x12, 0x12, 0x41, 0x2c, 0x2c, 0x33, 0x13, 0x1d, 0x24,
  0x14, 0xb0, 0x08, 0x1a, 0x26, 0x26, 0x1a, 0x1a, 0x26, 0x26, 0x1a, 0x01,
  0x00, 0x1a, 0x26, 0x26, 0x1a, 0x1a, 0x26, 0x26, 0x1a, 0x00, 0x00, 0x00,
  0x00, 0x01, 0x00, 0x00, 0xff, 0xc0, 0x03, 0x40, 0x03, 0xc0, 0x00, 0x31,
  0x00, 0x00, 0x01, 0x15, 0x14, 0x16, 0x17, 0x1e, 0x01, 0x17, 0x1e, 0x01,
  0x33, 0x32, 0x36, 0x37, 0x15, 0x0e, 0x01, 0x07, 0x0e, 0x01, 0x23, 0x22,
  0x26, 0x27, 0x2e, 0x01, 0x27, 0x2e, 0x01, 0x27, 0x2e, 0x01, 0x35, 0x11,
  0x23, 0x35, 0x3e, 0x01, 0x37, 0x3e, 0x01, 0x37, 0x3e, 0x01, 0x37, 0x33,
  0x11, 0x21, 0x15, 0x21, 0x02, 0x40, 0x01, 0x05, 0x04, 0x16, 0x0d, 0x11,
  0x26, 0x16, 0x27, 0x39, 0x26, 0x21, 0x3a, 0x1a, 0x1b, 0x39, 0x1f, 0x24,
  0x30, 0x1b, 0x1b, 0x2e, 0x13, 0x13, 0x1a, 0x08, 0x07, 0x07, 0x8a, 0x1e,
  0x3f, 0x15, 0x16, 0x22, 0x0d, 0x0d, 0x12, 0x05, 0xa5, 0x01, 0x00, 0xff,
  0x00, 0x02, 0x00, 0xea, 0x2d, 0x35, 0x0d, 0x0c, 0x18, 0x08, 0x0a, 0x0a,
  0x0f, 0x19, 0x9a, 0x0f, 0x13, 0x07, 0x06, 0x06, 0x09, 0x09, 0x09, 0x19,
  0x10, 0x11, 0x23, 0x12, 0x13, 0x35, 0x23, 0x01, 0x67, 0x91, 0x0a, 0x1c,
  0x13, 0x12, 0x2c, 0x19, 0x1a, 0x41, 0x28, 0xff, 0x00, 0xc0, 0x00, 0x00,
  0x00, 0x02, 0x00, 0x00, 0xff, 0xc0, 0x04, 0x00, 0x03, 0xc0, 0x00, 0x0f,
  0x00, 0x41, 0x00, 0x00, 0x01, 0x21, 0x22, 0x06, 0x15, 0x11, 0x14, 0x16,
  0x33, 0x21, 0x32, 0x36, 0x35, 0x11, 0x34, 0x26, 0x03, 0x0e, 0x01, 0x07,
  0x0e, 0x01, 0x23, 0x22, 0x26, 0x27, 0x2e, 0x01, 0x27, 0x2e, 0x01, 0x27,
  0x2e, 0x01, 0x3d, 0x01, 0x23, 0x35, 0x3e, 0x01, 0x37, 0x3e, 0x01, 0x37,
  0x3e, 0x01, 0x37, 0x33, 0x15, 0x33, 0x15, 0x23, 0x15, 0x1c, 0x01, 0x17,
  0x1e, 0x01, 0x17, 0x1e, 0x01, 0x33, 0x32, 0x36, 0x37, 0x15, 0x03, 0xa0,
  0xfc, 0xc0, 0x28, 0x38, 0x38, 0x28, 0x03, 0x40, 0x28, 0x38, 0x38, 0xec,
  0x17, 0x29, 0x12, 0x12, 0x28, 0x16, 0x18, 0x21, 0x13, 0x12, 0x20, 0x0d,
  0x0e, 0x12, 0x05, 0x05, 0x05, 0x60, 0x15, 0x2c, 0x0f, 0x0e, 0x18, 0x09,
  0x09, 0x0d, 0x03, 0x64, 0xa4, 0xa3, 0x03, 0x04, 0x0f, 0x08, 0x0c, 0x1b,
  0x0f, 0x1b, 0x35, 0x1b, 0x03, 0xc0, 0x38, 0x28, 0xfc, 0xc0, 0x28, 0x38,
  0x38, 0x28, 0x03, 0x40, 0x28, 0x38, 0xfc, 0xc7, 0x0a, 0x0f, 0x05, 0x04,
  0x04, 0x06, 0x06, 0x06, 0x12, 0x0b, 0x0b, 0x18, 0x0d, 0x0d, 0x25, 0x18,
  0xf8, 0x64, 0x07, 0x13, 0x0d, 0x0c, 0x1e, 0x12, 0x12, 0x2d, 0x1b, 0xa3,
  0x7e, 0xb5, 0x1f, 0x25, 0x09, 0x08, 0x11, 0x05, 0x07, 0x07, 0x11, 0x12,
  0x70, 0x00, 0x00, 0x00, 0x00, 0x01, 0x00, 0x00, 0xff, 0xc0, 0x03, 0x96,
  0x03, 0xc0, 0x00, 0x30, 0x00, 0x00, 0x01, 0x31, 0x36, 0x37, 0x3e, 0x01,
  0x37, 0x36, 0x37, 0x0e, 0x01, 0x07, 0x27, 0x06, 0x07, 0x0e, 0x01, 0x07,
  0x06, 0x07, 0x26, 0x27, 0x2e, 0x01, 0x27, 0x26, 0x27, 0x06, 0x22, 0x27,
  0x39, 0x01, 0x38, 0x01, 0x39, 0x01, 0x16, 0x17, 0x1e, 0x01, 0x17, 0x16,
  0x17, 0x31, 0x03, 0x37, 0x35, 0x17, 0x03, 0x02, 0x38, 0x2a, 0x35, 0x35,
  0x64, 0x29, 0x2a, 0x13, 0x11, 0x30, 0x18, 0x2f, 0x0f, 0x1f, 0x1f, 0x4e,
  0x29, 0x29, 0x22, 0x22, 0x24, 0x25, 0x47, 0x21, 0x20, 0x1b, 0x2a, 0x33,
  0x2a, 0x2a, 0x33, 0x33, 0x63, 0x29, 0x2a, 0x17, 0x08, 0x40, 0x41, 0x08,
  0x01, 0x73, 0x4a, 0x5c, 0x5b, 0xab, 0x44, 0x43, 0x1a, 0x0b, 0x0d, 0x06,
  0x1e, 0x1b, 0x35, 0x35, 0x80, 0x43, 0x44, 0x37, 0x39, 0x3c, 0x3c, 0x75,
  0x37, 0x37, 0x2f, 0x09, 0x09, 0x3f, 0x55, 0x55, 0xaa, 0x49, 0x4a, 0x27,
  0xfe, 0x4d, 0x1e, 0x01, 0x1f, 0x01, 0xb3, 0x00, 0x00, 0x02, 0x00, 0x00,
  0xff, 0xc0, 0x04, 0x00, 0x03, 0xc0, 0x00, 0x29, 0x00, 0xb3, 0x00, 0x00,
  0x01, 0x22, 0x27, 0x2e, 0x01, 0x27, 0x26, 0x27, 0x14, 0x15, 0x14, 0x10,
  0x15, 0x14, 0x15, 0x36, 0x37, 0x3e, 0x01, 0x37, 0x36, 0x33, 0x32, 0x17,
  0x1e, 0x01, 0x17, 0x16, 0x17, 0x34, 0x35, 0x3c, 0x01, 0x35, 0x34, 0x35,
  0x06, 0x07, 0x0e, 0x01, 0x07, 0x06, 0x17, 0x07, 0x0e, 0x01, 0x07, 0x0e,
  0x01, 0x07, 0x0e, 0x01, 0x07, 0x0e, 0x01, 0x07, 0x0e, 0x01, 0x07, 0x0e,
  0x01, 0x07, 0x0e, 0x01, 0x07, 0x15, 0x14, 0x16, 0x17, 0x14, 0x16, 0x17,
  0x1e, 0x01, 0x17, 0x1d, 0x01, 0x27, 0x22, 0x26, 0x23, 0x2e, 0x01, 0x27,
  0x22, 0x26, 0x23, 0x38, 0x01, 0x31, 0x38, 0x01, 0x31, 0x22, 0x06, 0x23,
  0x0e, 0x01, 0x07, 0x22, 0x06, 0x23, 0x07, 0x3d, 0x01, 0x3e, 0x01, 0x37,
  0x34, 0x36, 0x35, 0x3e, 0x01, 0x3d, 0x01, 0x2e, 0x01, 0x27, 0x2e, 0x01,
  0x27, 0x2e, 0x01, 0x27, 0x2e, 0x01, 0x27, 0x2e, 0x01, 0x27, 0x2e, 0x01,
  0x27, 0x2e, 0x01, 0x2f, 0x01, 0x17, 0x1e, 0x01, 0x33, 0x32, 0x36, 0x3f,
  0x01, 0x17, 0x16, 0x17, 0x1e, 0x01, 0x17, 0x16, 0x17, 0x1e, 0x01, 0x17,
  0x38, 0x01, 0x31, 0x38, 0x01, 0x31, 0x3e, 0x01, 0x37, 0x36, 0x37, 0x3e,
  0x01, 0x37, 0x36, 0x3f, 0x01, 0x17, 0x1e, 0x01, 0x33, 0x32, 0x36, 0x37,
  0x02, 0x01, 0x44, 0x42, 0x42, 0x80, 0x3e, 0x3f, 0x3c, 0x3d, 0x3e, 0x3e,
  0x80, 0x42, 0x42, 0x44, 0x43, 0x42, 0x41, 0x80, 0x3e, 0x3e, 0x3d, 0x3d,
  0x3e, 0x3e, 0x80, 0x41, 0x42, 0xd9, 0x06, 0x05, 0x08, 0x06, 0x07, 0x1a,
  0x10, 0x04, 0x0b, 0x06, 0x0b, 0x17, 0x0a, 0x04, 0x08, 0x04, 0x0b, 0x16,
  0x0b, 0x0b, 0x15, 0x0b, 0x01, 0x01, 0x01, 0x01, 0x01, 0x01, 0x01, 0x06,
  0x02, 0x03, 0x02, 0x06, 0x0b, 0x06, 0x03, 0x07, 0x04, 0x04, 0x07, 0x03,
  0x06, 0x0b, 0x06, 0x02, 0x03, 0x02, 0x06, 0x01, 0x01, 0x01, 0x02, 0x01,
  0x01, 0x0b, 0x15, 0x0b, 0x0b, 0x16, 0x0b, 0x04, 0x08, 0x04, 0x0a, 0x17,
  0x0b, 0x06, 0x0b, 0x04, 0x10, 0x1a, 0x07, 0x06, 0x08, 0x04, 0x07, 0x0c,
  0x0a, 0x16, 0x0c, 0x0c, 0x16, 0x0b, 0x03, 0x02, 0x0a, 0x12, 0x12, 0x29,
  0x15, 0x15, 0x11, 0x0b, 0x12, 0x04, 0x05, 0x11, 0x0c, 0x10, 0x15, 0x16,
  0x29, 0x12, 0x12, 0x0a, 0x02, 0x03, 0x0b, 0x16, 0x0c, 0x0b, 0x17, 0x0a,
  0x03, 0x7a, 0x05, 0x04, 0x12, 0x0d, 0x0d, 0x11, 0x88, 0xa4, 0xa4, 0xfe,
  0xd5, 0x72, 0x71, 0x22, 0x11, 0x0d, 0x0d, 0x12, 0x04, 0x05, 0x05, 0x04,
  0x12, 0x0d, 0x0d, 0x11, 0x83, 0x7b, 0x7c, 0xf9, 0x80, 0x81, 0x8c, 0x11,
  0x0d, 0x0d, 0x12, 0x04, 0x05, 0x57, 0x0a, 0x07, 0x0d, 0x08, 0x0b, 0x29,
  0x1c, 0x07, 0x12, 0x0a, 0x13, 0x27, 0x11, 0x07, 0x0e, 0x07, 0x13, 0x26,
  0x13, 0x13, 0x26, 0x13, 0x1a, 0x1a, 0x38, 0x19, 0x0c, 0x27, 0x16, 0x1a,
  0x32, 0x0e, 0x05, 0x01, 0x02, 0x01, 0x02, 0x01, 0x01, 0x01, 0x01, 0x01,
  0x01, 0x02, 0x01, 0x02, 0x01, 0x05, 0x0e, 0x32, 0x1a, 0x16, 0x27, 0x0c,
  0x19, 0x38, 0x1a, 0x1a, 0x13, 0x26, 0x13, 0x13, 0x26, 0x13, 0x07, 0x0e,
  0x07, 0x11, 0x27, 0x13, 0x0a, 0x12, 0x07, 0x1c, 0x29, 0x0b, 0x08, 0x0d,
  0x07, 0x0a, 0x03, 0x03, 0x03, 0x03, 0x03, 0x01, 0x03, 0x13, 0x1e, 0x1f,
  0x44, 0x23, 0x23, 0x1b, 0x13, 0x1d, 0x07, 0x07, 0x1d, 0x13, 0x1b, 0x23,
  0x23, 0x44, 0x1f, 0x1e, 0x13, 0x03, 0x01, 0x03, 0x03, 0x03, 0x03, 0x00,
  0x00, 0x05, 0x00, 0x00, 0xff, 0xc0, 0x04, 0x00, 0x03, 0xc0, 0x00, 0x1b,
  0x00, 0x58, 0x00, 0x86, 0x00, 0xba, 0x00, 0xe8, 0x00, 0x00, 0x25, 0x0e,
  0x01, 0x27, 0x2e, 0x01, 0x27, 0x26, 0x06, 0x07, 0x06, 0x16, 0x17, 0x1e,
  0x01, 0x17, 0x16, 0x32, 0x33, 0x32, 0x36, 0x37, 0x3e, 0x01, 0x27, 0x2e,
  0x01, 0x07, 0x25, 0x36, 0x27, 0x2e, 0x01, 0x27, 0x26, 0x07, 0x06, 0x07,
  0x0e, 0x01, 0x17, 0x16, 0x07, 0x06, 0x07, 0x0e, 0x01, 0x07, 0x06, 0x07,
  0x33, 0x3e, 0x01, 0x37, 0x1e, 0x01, 0x17, 0x1e, 0x01, 0x17, 0x1e, 0x01,
  0x17, 0x32, 0x16, 0x33, 0x32, 0x36, 0x37, 0x3e, 0x01, 0x37, 0x3e, 0x01,
  0x37, 0x3e, 0x01, 0x37, 0x1e, 0x01, 0x17, 0x21, 0x26, 0x27, 0x2e, 0x01,
  0x27, 0x26, 0x37, 0x25, 0x38, 0x01, 0x31, 0x26, 0x36, 0x37, 0x36, 0x16,
  0x17, 0x38, 0x01, 0x31, 0x1c, 0x01, 0x15, 0x0e, 0x01, 0x07, 0x34, 0x30,
  0x35, 0x38, 0x01, 0x31, 0x2e, 0x01, 0x07, 0x0e, 0x01, 0x17, 0x38, 0x01,
  0x31, 0x1e, 0x01, 0x17, 0x0e, 0x01, 0x07, 0x0e, 0x01, 0x07, 0x2e, 0x01,
  0x27, 0x05, 0x0e, 0x01, 0x07, 0x23, 0x0e, 0x01, 0x07, 0x0e, 0x01, 0x23,
  0x2a, 0x01, 0x23, 0x2e, 0x01, 0x27, 0x2e, 0x01, 0x27, 0x23, 0x2e, 0x01,
  0x27, 0x34, 0x36, 0x37, 0x3e, 0x01, 0x37, 0x3e, 0x01, 0x37, 0x3e, 0x01,
  0x37, 0x3e, 0x01, 0x33, 0x32, 0x16, 0x17, 0x1e, 0x01, 0x17, 0x1e, 0x01,
  0x17, 0x33, 0x1e, 0x01, 0x07, 0x27, 0x2e, 0x01, 0x27, 0x2e, 0x01, 0x27,
  0x3e, 0x01, 0x35, 0x38, 0x01, 0x31, 0x36, 0x26, 0x23, 0x22, 0x06, 0x07,
  0x38, 0x01, 0x31, 0x1c, 0x01, 0x15, 0x2e, 0x01, 0x27, 0x3c, 0x01, 0x27,
  0x38, 0x01, 0x31, 0x26, 0x36, 0x37, 0x36, 0x16, 0x17, 0x38, 0x01, 0x31,
  0x16, 0x06, 0x07, 0x02, 0x38, 0x3e, 0x6d, 0x27, 0x2d, 0x46, 0x10, 0x0a,
  0x18, 0x07, 0x07, 0x05, 0x0a, 0x1a, 0x56, 0x30, 0x08, 0x12, 0x0a, 0x2a,
  0x67, 0x39, 0x0b, 0x08, 0x05, 0x05, 0x16, 0x0b, 0x01, 0x43, 0x01, 0x03,
  0x03, 0x50, 0x5e, 0x5f, 0xb5, 0xb3, 0x4d, 0x4e, 0x2b, 0x0b, 0x0b, 0x03,
  0x02, 0x07, 0x07, 0x14, 0x0d, 0x0d, 0x10, 0x81, 0x0a, 0x0e, 0x03, 0x06,
  0x0d, 0x06, 0x0b, 0x13, 0x0a, 0x17, 0x3c, 0x33, 0x04, 0x06, 0x04, 0x33,
  0x4a, 0x1d, 0x0d, 0x18, 0x0b, 0x20, 0x36, 0x14, 0x03, 0x06, 0x03, 0x0b,
  0x1f, 0x11, 0x01, 0x14, 0x19, 0x18, 0x18, 0x26, 0x0b, 0x0c, 0x01, 0xfd,
  0x01, 0x03, 0x33, 0x28, 0x28, 0x3e, 0x04, 0x0d, 0x17, 0x0a, 0x04, 0x20,
  0x14, 0x14, 0x17, 0x04, 0x01, 0x09, 0x06, 0x02, 0x08, 0x05, 0x03, 0x09,
  0x06, 0x0f, 0x13, 0x02, 0x02, 0x1d, 0x01, 0x47, 0x27, 0x01, 0x10, 0x1e,
  0x10, 0x1a, 0x39, 0x27, 0x03, 0x05, 0x03, 0x23, 0x29, 0x15, 0x0c, 0x18,
  0x0e, 0x01, 0x20, 0x25, 0x02, 0x08, 0x09, 0x14, 0x1c, 0x09, 0x0a, 0x08,
  0x02, 0x01, 0x04, 0x02, 0x12, 0x3f, 0x2f, 0x1c, 0x40, 0x22, 0x10, 0x1e,
  0x11, 0x0c, 0x1d, 0x12, 0x01, 0x11, 0x20, 0x01, 0x0c, 0x04, 0x07, 0x03,
  0x11, 0x1b, 0x0b, 0x06, 0x08, 0x01, 0x23, 0x19, 0x19, 0x25, 0x01, 0x10,
  0x1e, 0x0f, 0x01, 0x01, 0x4d, 0x37, 0x38, 0x51, 0x01, 0x01, 0x11, 0x0e,
  0xdf, 0x1d, 0x08, 0x03, 0x03, 0x16, 0x0b, 0x07, 0x05, 0x0a, 0x0a, 0x18,
  0x06, 0x12, 0x18, 0x04, 0x01, 0x0e, 0x1a, 0x05, 0x17, 0x0b, 0x0b, 0x08,
  0x05, 0x2b, 0x5f, 0x7d, 0x7e, 0xdb, 0x47, 0x46, 0x0e, 0x0f, 0x59, 0x59,
  0xe4, 0x72, 0x72, 0x3f, 0x22, 0x25, 0x25, 0x4e, 0x29, 0x29, 0x2a, 0x23,
  0x46, 0x21, 0x04, 0x08, 0x04, 0x06, 0x10, 0x09, 0x15, 0x28, 0x03, 0x01,
  0x25, 0x12, 0x09, 0x0e, 0x03, 0x0a, 0x1f, 0x15, 0x03, 0x06, 0x04, 0x2a,
  0x5d, 0x2f, 0x26, 0x27, 0x26, 0x51, 0x2b, 0x2b, 0x30, 0x8a, 0x3e, 0x5a,
  0x03, 0x02, 0x54, 0x3e, 0x03, 0x07, 0x03, 0x04, 0x09, 0x05, 0x01, 0x01,
  0x23, 0x2e, 0x02, 0x03, 0x35, 0x23, 0x0f, 0x1b, 0x0a, 0x01, 0x06, 0x04,
  0x03, 0x06, 0x04, 0x13, 0x37, 0x20, 0xcc, 0x21, 0x38, 0x0c, 0x06, 0x11,
  0x0a, 0x11, 0x1c, 0x02, 0x1b, 0x14, 0x0a, 0x14, 0x09, 0x12, 0x2b, 0x13,
  0x0a, 0x11, 0x07, 0x0f, 0x14, 0x06, 0x07, 0x06, 0x03, 0x01, 0x03, 0x02,
  0x12, 0x2e, 0x16, 0x16, 0x0b, 0x0c, 0x06, 0x04, 0x0a, 0x08, 0x07, 0x1b,
  0x15, 0x66, 0x02, 0x03, 0x01, 0x08, 0x0a, 0x03, 0x0c, 0x1e, 0x10, 0x27,
  0x38, 0x38, 0x27, 0x01, 0x03, 0x01, 0x07, 0x0a, 0x04, 0x01, 0x03, 0x02,
  0x47, 0x68, 0x01, 0x02, 0x64, 0x47, 0x20, 0x3b, 0x17, 0x00, 0x00, 0x00,
  0x00, 0x02, 0x00, 0x00, 0xff, 0xc0, 0x03, 0xa1, 0x03, 0xc0, 0x00, 0x2c,
  0x00, 0x39, 0x00, 0x00, 0x01, 0x34, 0x36, 0x37, 0x2e, 0x01, 0x27, 0x26,
  0x06, 0x23, 0x22, 0x26, 0x07, 0x0e, 0x01, 0x07, 0x06, 0x07, 0x06, 0x16,
  0x17, 0x16, 0x17, 0x1e, 0x01, 0x37, 0x3e, 0x01, 0x33, 0x32, 0x16, 0x37,
  0x3e, 0x01, 0x37, 0x3e, 0x01, 0x37, 0x22, 0x27, 0x2e, 0x01, 0x27, 0x26,
  0x27, 0x03, 0x3e, 0x01, 0x27, 0x0e, 0x01, 0x07, 0x0e, 0x01, 0x17, 0x16,
  0x36, 0x37, 0x03, 0x17, 0x6b, 0x04, 0x2d, 0x75, 0x19, 0x3c, 0x6a, 0x1e,
  0x1f, 0x59, 0x31, 0x41, 0x71, 0x22, 0x22, 0x06, 0x07, 0x19, 0x1b, 0x1b,
  0x21, 0x20, 0x4f, 0x32, 0x31, 0x3c, 0x3b, 0x3b, 0x3b, 0x33, 0x35, 0x48,
  0x20, 0x25, 0x21, 0x01, 0x01, 0x15, 0x15, 0x33, 0x16, 0x15, 0x01, 0x80,
  0x1a, 0x20, 0x05, 0x27, 0x54, 0x1c, 0x19, 0x23, 0x06, 0x2b, 0x52, 0x1b,
  0x01, 0xa0, 0x61, 0x60, 0x02, 0x42, 0x22, 0x01, 0x06, 0x35, 0x2e, 0x01,
  0x01, 0x45, 0x3a, 0x3b, 0x46, 0x46, 0x8d, 0x40, 0x41, 0x2f, 0x2f, 0x55,
  0x02, 0x02, 0x28, 0x2a, 0x01, 0x01, 0x4e, 0x2f, 0x36, 0x59, 0x03, 0x0b,
  0x0a, 0x31, 0x27, 0x28, 0x3a, 0x01, 0x7c, 0x21, 0x56, 0x2d, 0x02, 0x2b,
  0x21, 0x1c, 0x56, 0x2c, 0x03, 0x2b, 0x20, 0x00, 0x00, 0x0e, 0x00, 0x00,
  0xff, 0xc0, 0x04, 0x00, 0x03, 0xc0, 0x00, 0x05, 0x00, 0x0b, 0x00, 0x11,
  0x00, 0x28, 0x00, 0x36, 0x00, 0x69, 0x00, 0x77, 0x00, 0x7d, 0x00, 0x84,
  0x00, 0x8a, 0x00, 0x90, 0x00, 0xa3, 0x00, 0xa9, 0x00, 0xaf, 0x00, 0x00,
  0x25, 0x38, 0x01, 0x31, 0x38, 0x01, 0x17, 0x34, 0x30, 0x31, 0x38, 0x01,
  0x27, 0x38, 0x01, 0x31, 0x38, 0x01, 0x01, 0x21, 0x22, 0x06, 0x15, 0x11,
  0x14, 0x16, 0x33, 0x21, 0x38, 0x01, 0x31, 0x38, 0x01, 0x31, 0x21, 0x32,
  0x36, 0x35, 0x11, 0x34, 0x26, 0x05, 0x34, 0x36, 0x33, 0x32, 0x16, 0x1d,
  0x01, 0x14, 0x06, 0x23, 0x22, 0x26, 0x35, 0x01, 0x21, 0x2e, 0x01, 0x27,
  0x30, 0x14, 0x31, 0x0e, 0x01, 0x23, 0x22, 0x27, 0x2e, 0x01, 0x27, 0x26,
  0x27, 0x2e, 0x01, 0x37, 0x3e, 0x01, 0x17, 0x16, 0x17, 0x1e, 0x01, 0x17,
  0x16, 0x33, 0x32, 0x36, 0x37, 0x26, 0x36, 0x35, 0x36, 0x26, 0x27, 0x2e,
  0x01, 0x2b, 0x01, 0x3e, 0x01, 0x37, 0x3e, 0x01, 0x37, 0x21, 0x03, 0x22,
  0x26, 0x3d, 0x01, 0x34, 0x36, 0x33, 0x32, 0x16, 0x1d, 0x01, 0x14, 0x06,
  0x01, 0x22, 0x06, 0x23, 0x32, 0x36, 0x07, 0x3a, 0x01, 0x33, 0x2a, 0x01,
  0x23, 0x37, 0x3a, 0x01, 0x31, 0x30, 0x22, 0x07, 0x3a, 0x01, 0x33, 0x2a,
  0x01, 0x25, 0x2e, 0x01, 0x07, 0x0e, 0x01, 0x07, 0x14, 0x16, 0x17, 0x36,
  0x37, 0x3e, 0x01, 0x37, 0x36, 0x37, 0x3e, 0x01, 0x05, 0x22, 0x06, 0x23,
  0x32, 0x36, 0x07, 0x22, 0x06, 0x23, 0x32, 0x36, 0x02, 0x39, 0x02, 0x01,
  0x01, 0x86, 0xfc, 0x80, 0x1a, 0x26, 0x26, 0x1a, 0x01, 0xee, 0x01, 0x92,
  0x1a, 0x26, 0x26, 0xfc, 0xe6, 0x13, 0x0d, 0x0d, 0x13, 0x13, 0x0d, 0x0d,
  0x13, 0x03, 0x00, 0xfe, 0x89, 0x05, 0x07, 0x01, 0x0f, 0x1e, 0x0f, 0x32,
  0x31, 0x31, 0x5c, 0x2a, 0x2b, 0x25, 0x0c, 0x02, 0x0a, 0x0a, 0x1e, 0x0b,
  0x21, 0x25, 0x25, 0x50, 0x2a, 0x2a, 0x2c, 0x0e, 0x1d, 0x0e, 0x02, 0x09,
  0x01, 0x05, 0x04, 0x05, 0x0c, 0x07, 0x5f, 0x01, 0x06, 0x08, 0x0e, 0x31,
  0x21, 0x01, 0x90, 0xa0, 0x0d, 0x13, 0x13, 0x0d, 0x0d, 0x13, 0x13, 0xfe,
  0xef, 0x02, 0x06, 0x02, 0x02, 0x06, 0x1a, 0x04, 0x07, 0x03, 0x03, 0x07,
  0x04, 0x1b, 0x01, 0x01, 0x01, 0x0f, 0x01, 0x01, 0x01, 0x01, 0x01, 0x01,
  0x60, 0x0a, 0x1e, 0x0b, 0x37, 0x84, 0x47, 0x01, 0x02, 0x2a, 0x28, 0x29,
  0x4c, 0x24, 0x24, 0x1f, 0x0c, 0x02, 0xfe, 0xc3, 0x03, 0x07, 0x03, 0x03,
  0x07, 0x0d, 0x02, 0x06, 0x03, 0x03, 0x06, 0xb6, 0x25, 0x01, 0x12, 0x03,
  0x1c, 0x26, 0x1a, 0xfc, 0x80, 0x1a, 0x26, 0x26, 0x1a, 0x03, 0x80, 0x1a,
  0x26, 0xe0, 0x0d, 0x13, 0x13, 0x0d, 0x40, 0x0d, 0x13, 0x13, 0x0d, 0xfd,
  0x60, 0x20, 0x40, 0x20, 0x01, 0x01, 0x02, 0x09, 0x09, 0x23, 0x19, 0x1a,
  0x21, 0x0a, 0x1e, 0x0b, 0x0b, 0x02, 0x0a, 0x1d, 0x16, 0x16, 0x1e, 0x08,
  0x08, 0x02, 0x01, 0x59, 0x7c, 0x01, 0x07, 0x0c, 0x05, 0x06, 0x05, 0x1a,
  0x54, 0x32, 0x5f, 0x92, 0x2f, 0xff, 0x00, 0x13, 0x0d, 0x40, 0x0d, 0x13,
  0x13, 0x0d, 0x40, 0x0d, 0x13, 0xfd, 0xfd, 0x01, 0x01, 0x01, 0x49, 0x01,
  0x74, 0x0b, 0x02, 0x0a, 0x30, 0x3b, 0x09, 0x11, 0x24, 0x13, 0x05, 0x0b,
  0x0b, 0x21, 0x17, 0x17, 0x1c, 0x0a, 0x1e, 0xae, 0x01, 0x01, 0x01, 0x01,
  0x01, 0x00, 0x00, 0x00, 0x00, 0x06, 0x00, 0x00, 0xff, 0xc0, 0x03, 0xc0,
  0x03, 0xc0, 0x00, 0x0d, 0x00, 0x1b, 0x00, 0x36, 0x00, 0x59, 0x00, 0x6b,
  0x00, 0x7e, 0x00, 0x00, 0x01, 0x22, 0x06, 0x15, 0x11, 0x14, 0x16, 0x33,
  0x32, 0x36, 0x35, 0x11, 0x34, 0x26, 0x21, 0x22, 0x06, 0x15, 0x11, 0x14,
  0x16, 0x33, 0x32, 0x36, 0x35, 0x11, 0x34, 0x26, 0x13, 0x14, 0x16, 0x33,
  0x31, 0x15, 0x14, 0x16, 0x33, 0x32, 0x36, 0x3d, 0x01, 0x33, 0x15, 0x14,
  0x16, 0x33, 0x32, 0x36, 0x3d, 0x01, 0x32, 0x36, 0x35, 0x11, 0x21, 0x25,
  0x2e, 0x01, 0x27, 0x37, 0x36, 0x26, 0x27, 0x26, 0x06, 0x0f, 0x01, 0x27,
  0x2e, 0x01, 0x23, 0x22, 0x06, 0x0f, 0x01, 0x27, 0x2e, 0x01, 0x07, 0x0e,
  0x01, 0x1f, 0x01, 0x0e, 0x01, 0x07, 0x15, 0x21, 0x35, 0x23, 0x25, 0x22,
  0x26, 0x35, 0x34, 0x36, 0x33, 0x38, 0x01, 0x31, 0x38, 0x01, 0x31, 0x32,
  0x16, 0x15, 0x14, 0x06, 0x33, 0x22, 0x26, 0x35, 0x34, 0x36, 0x33, 0x38,
  0x01, 0x31, 0x38, 0x01, 0x31, 0x32, 0x16, 0x15, 0x14, 0x06, 0x23, 0x03,
  0x80, 0x1a, 0x26, 0x26, 0x1a, 0x1a, 0x26, 0x26, 0xfc, 0xe6, 0x1a, 0x26,
  0x26, 0x1a, 0x1a, 0x26, 0x26, 0x46, 0x38, 0x28, 0x26, 0x1a, 0x1a, 0x26,
  0x80, 0x26, 0x1a, 0x1a, 0x26, 0x28, 0x38, 0xfd, 0xc0, 0x02, 0x3e, 0x07,
  0x45, 0x35, 0x20, 0x06, 0x09, 0x0c, 0x0c, 0x19, 0x06, 0x20, 0x08, 0x16,
  0x2d, 0x18, 0x18, 0x2d, 0x16, 0x08, 0x20, 0x06, 0x19, 0x0c, 0x0c, 0x09,
  0x06, 0x20, 0x35, 0x45, 0x07, 0x02, 0x3e, 0x02, 0xfe, 0x82, 0x0d, 0x13,
  0x13, 0x0d, 0x0d, 0x13, 0x13, 0xb3, 0x0d, 0x13, 0x13, 0x0d, 0x0d, 0x13,
  0x13, 0x0d, 0x02, 0x40, 0x26, 0x1a, 0xff, 0x00, 0x1a, 0x26, 0x26, 0x1a,
  0x01, 0x00, 0x1a, 0x26, 0x26, 0x1a, 0xff, 0x00, 0x1a, 0x26, 0x26, 0x1a,
  0x01, 0x00, 0x1a, 0x26, 0xfe, 0xa0, 0x28, 0x38, 0x80, 0x1a, 0x26, 0x26,
  0x1a, 0x80, 0x80, 0x1a, 0x26, 0x26, 0x1a, 0x80, 0x38, 0x28, 0x01, 0x60,
  0x40, 0x42, 0x6d, 0x23, 0x40, 0x0c, 0x19, 0x06, 0x06, 0x09, 0x0c, 0x40,
  0x03, 0x07, 0x08, 0x08, 0x07, 0x03, 0x40, 0x0c, 0x09, 0x06, 0x06, 0x19,
  0x0c, 0x40, 0x23, 0x6d, 0x42, 0x20, 0x20, 0x40, 0x13, 0x0d, 0x0d, 0x13,
  0x13, 0x0d, 0x0d, 0x13, 0x13, 0x0d, 0x0d, 0x13, 0x13, 0x0d, 0x0d, 0x13,
  0x00, 0x04, 0x00, 0x00, 0xff, 0xc0, 0x04, 0x00, 0x03, 0xc0, 0x00, 0x1d,
  0x00, 0x2c, 0x00, 0x41, 0x00, 0x51, 0x00, 0x00, 0x01, 0x2e, 0x01, 0x23,
  0x2a, 0x01, 0x07, 0x0e, 0x01, 0x07, 0x0e, 0x01, 0x07, 0x03, 0x3e, 0x01,
  0x33, 0x32, 0x16, 0x17, 0x36, 0x37, 0x3e, 0x01, 0x37, 0x36, 0x37, 0x2e,
  0x01, 0x27, 0x17, 0x03, 0x1e, 0x01, 0x33, 0x32, 0x36, 0x37, 0x13, 0x0e,
  0x01, 0x23, 0x22, 0x26, 0x27, 0x27, 0x32, 0x16, 0x17, 0x13, 0x2e, 0x01,
  0x27, 0x2e, 0x01, 0x23, 0x22, 0x06, 0x07, 0x03, 0x3e, 0x01, 0x33, 0x38,
  0x01, 0x31, 0x25, 0x0e, 0x01, 0x23, 0x22, 0x26, 0x27, 0x03, 0x1e, 0x01,
  0x33, 0x32, 0x36, 0x37, 0x27, 0x33, 0x01, 0x9c, 0x24, 0x45, 0x21, 0x04,
  0x09, 0x05, 0x2a, 0x49, 0x18, 0x07, 0x0d, 0x07, 0x5a, 0x2e, 0x53, 0x25,
  0x3d, 0x5b, 0x24, 0x09, 0x0d, 0x0e, 0x1c, 0x0c, 0x0d, 0x06, 0x09, 0x12,
  0x0a, 0x74, 0x5a, 0x14, 0x72, 0x34, 0x2a, 0x5f, 0x36, 0x56, 0x2c, 0x54,
  0x27, 0x48, 0x66, 0x20, 0xeb, 0x3a, 0x58, 0x23, 0x5d, 0x0f, 0x41, 0x1c,
  0x12, 0x27, 0x14, 0x27, 0x56, 0x30, 0x58, 0x30, 0x55, 0x27, 0x02, 0xdb,
  0x2c, 0x56, 0x29, 0x45, 0x65, 0x21, 0x5c, 0x2e, 0x64, 0x34, 0x2b, 0x58,
  0x2d, 0x01, 0x04, 0x01, 0xc0, 0x12, 0x13, 0x01, 0x03, 0x13, 0x08, 0x03,
  0x05, 0x03, 0xfe, 0xc9, 0x11, 0x11, 0x26, 0x18, 0x1e, 0x2e, 0x2e, 0x60,
  0x2a, 0x2a, 0x15, 0x05, 0x0b, 0x05, 0x4f, 0xfe, 0xc6, 0x0c, 0x34, 0x15,
  0x17, 0x01, 0x2d, 0x0e, 0x0e, 0x27, 0x16, 0xde, 0x26, 0x16, 0x01, 0x3d,
  0x08, 0x22, 0x07, 0x04, 0x04, 0x14, 0x14, 0xfe, 0xca, 0x12, 0x12, 0xab,
  0x11, 0x12, 0x28, 0x17, 0xfe, 0xc2, 0x1e, 0x1e, 0x14, 0x14, 0x03, 0x00,
  0x00, 0x04, 0x00, 0x00, 0xff, 0xc0, 0x03, 0xc0, 0x03, 0xc0, 0x00, 0x03,
  0x00, 0x07, 0x00, 0x0b, 0x00, 0x0f, 0x00, 0x00, 0x13, 0x11, 0x25, 0x11,
  0x13, 0x25, 0x11, 0x21, 0x05, 0x11, 0x25, 0x11, 0x03, 0x25, 0x11, 0x21,
  0x00, 0x01, 0x80, 0x40, 0x02, 0x00, 0xfe, 0x00, 0x02, 0x00, 0xfe, 0x00,
  0x40, 0xfe, 0x80, 0x01, 0x80, 0x01, 0xc0, 0x01, 0x38, 0x34, 0xfe, 0x94,
  0x01, 0x76, 0x4a, 0xfe, 0x40, 0x40, 0xfe, 0x40, 0x48, 0x01, 0x78, 0xfe,
  0x90, 0x35, 0x01, 0x3b, 0x00, 0x05, 0x00, 0x00, 0xff, 0xc0, 0x04, 0x00,
  0x03, 0xc0, 0x00, 0x21, 0x00, 0x27, 0x00, 0x2d, 0x00, 0x33, 0x00, 0x39,
  0x00, 0x00, 0x01, 0x22, 0x06, 0x07, 0x26, 0x27, 0x2e, 0x01, 0x27, 0x26,
  0x23, 0x22, 0x06, 0x07, 0x0e, 0x01, 0x15, 0x11, 0x14, 0x16, 0x17, 0x30,
  0x33, 0x3a, 0x01, 0x33, 0x32, 0x33, 0x32, 0x36, 0x35, 0x34, 0x26, 0x23,
  0x05, 0x33, 0x37, 0x27, 0x23, 0x07, 0x07, 0x23, 0x27, 0x37, 0x33, 0x17,
  0x07, 0x33, 0x37, 0x27, 0x23, 0x07, 0x07, 0x33, 0x37, 0x27, 0x23, 0x07,
  0x03, 0x7c, 0x0e, 0x19, 0x0c, 0x04, 0x14, 0x13, 0x3f, 0x28, 0x28, 0x2e,
  0x16, 0x2b, 0x13, 0x08, 0x05, 0x08, 0x06, 0x39, 0x39, 0x89, 0x39, 0x39,
  0x01, 0x37, 0x4d, 0x4d, 0x37, 0xfe, 0x14, 0x20, 0x10, 0x10, 0x20, 0x10,
  0x50, 0x20, 0x10, 0x10, 0x20, 0x10, 0xb0, 0x20, 0x10, 0x10, 0x20, 0x10,
  0x70, 0x20, 0x10, 0x10, 0x20, 0x10, 0x01, 0xbe, 0x05, 0x05, 0x2b, 0x25,
  0x25, 0x37, 0x10, 0x10, 0x08, 0x07, 0x03, 0x07, 0x05, 0xfe, 0x6d, 0x06,
  0x08, 0x01, 0x4a, 0x35, 0x34, 0x4b, 0xfe, 0xe0, 0xe0, 0xe0, 0xe0, 0xa3,
  0x9d, 0xa0, 0xa0, 0x80, 0x80, 0x80, 0x40, 0x40, 0x40, 0x40, 0x00, 0x00,
  0x00, 0x05, 0x00, 0x00, 0xff, 0xc0, 0x04, 0x00, 0x03, 0xc0, 0x00, 0x0f,
  0x00, 0x15, 0x00, 0x1b, 0x00, 0x21, 0x00, 0x3e, 0x00, 0x00, 0x01, 0x21,
  0x22, 0x06, 0x15, 0x11, 0x14, 0x16, 0x33, 0x21, 0x32, 0x36, 0x35, 0x11,
  0x34, 0x26, 0x01, 0x23, 0x27, 0x37, 0x33, 0x17, 0x17, 0x23, 0x27, 0x37,
  0x33, 0x17, 0x17, 0x23, 0x27, 0x37, 0x33, 0x17, 0x05, 0x22, 0x23, 0x2a,
  0x01, 0x23, 0x22, 0x31, 0x2e, 0x01, 0x35, 0x11, 0x34, 0x36, 0x37, 0x3e,
  0x01, 0x33, 0x32, 0x16, 0x17, 0x3e, 0x01, 0x33, 0x32, 0x16, 0x15, 0x14,
  0x06, 0x03, 0xa0, 0xfc, 0xc0, 0x28, 0x38, 0x38, 0x28, 0x03, 0x40, 0x28,
  0x38, 0x38, 0xfc, 0xe8, 0x20, 0x10, 0x10, 0x20, 0x10, 0x70, 0x20, 0x10,
  0x10, 0x20, 0x10, 0x70, 0x20, 0x10, 0x10, 0x20, 0x10, 0x01, 0x79, 0x01,
  0x2f, 0x2f, 0x70, 0x2f, 0x2f, 0x05, 0x07, 0x04, 0x06, 0x10, 0x24, 0x12,
  0x4b, 0x6e, 0x06, 0x0a, 0x15, 0x0b, 0x2d, 0x40, 0x40, 0x03, 0xc0, 0x38,
  0x28, 0xfc, 0xc0, 0x28, 0x38, 0x38, 0x28, 0x03, 0x40, 0x28, 0x38, 0xfd,
  0x40, 0x60, 0x60, 0x60, 0x60, 0x80, 0x80, 0x80, 0x80, 0xc0, 0xc0, 0xc0,
  0xc0, 0x01, 0x07, 0x05, 0x01, 0x59, 0x05, 0x06, 0x02, 0x06, 0x07, 0x65,
  0x4a, 0x04, 0x04, 0x3f, 0x2d, 0x2d, 0x40, 0x00, 0x00, 0x06, 0x00, 0x00,
  0xff, 0xc0, 0x04, 0x00, 0x03, 0xc0, 0x00, 0x06, 0x00, 0x0e, 0x00, 0x16,
  0x00, 0x1e, 0x00, 0x7a, 0x00, 0xb3, 0x00, 0x00, 0x01, 0x22, 0x26, 0x23,
  0x2a, 0x01, 0x07, 0x01, 0x14, 0x06, 0x15, 0x1e, 0x01, 0x17, 0x27, 0x05,
  0x3c, 0x01, 0x37, 0x2e, 0x01, 0x27, 0x17, 0x01, 0x1e, 0x01, 0x17, 0x36,
  0x32, 0x33, 0x27, 0x01, 0x14, 0x06, 0x15, 0x27, 0x1e, 0x01, 0x17, 0x3e,
  0x01, 0x35, 0x34, 0x26, 0x27, 0x2e, 0x01, 0x27, 0x2e, 0x01, 0x27, 0x2e,
  0x01, 0x23, 0x22, 0x06, 0x07, 0x38, 0x01, 0x31, 0x32, 0x16, 0x17, 0x27,
  0x36, 0x32, 0x33, 0x2e, 0x01, 0x23, 0x22, 0x06, 0x07, 0x0e, 0x01, 0x15,
  0x14, 0x16, 0x17, 0x34, 0x36, 0x35, 0x17, 0x2e, 0x01, 0x27, 0x0e, 0x01,
  0x15, 0x14, 0x16, 0x17, 0x1e, 0x01, 0x17, 0x1e, 0x01, 0x17, 0x1e, 0x01,
  0x33, 0x32, 0x36, 0x37, 0x22, 0x26, 0x23, 0x17, 0x2a, 0x01, 0x23, 0x1e,
  0x01, 0x33, 0x32, 0x36, 0x37, 0x3e, 0x01, 0x35, 0x34, 0x26, 0x27, 0x05,
  0x22, 0x26, 0x35, 0x34, 0x36, 0x33, 0x32, 0x16, 0x33, 0x32, 0x36, 0x35,
  0x34, 0x26, 0x2f, 0x01, 0x2e, 0x01, 0x35, 0x34, 0x37, 0x3e, 0x01, 0x37,
  0x36, 0x33, 0x32, 0x17, 0x1e, 0x01, 0x17, 0x16, 0x15, 0x14, 0x06, 0x23,
  0x22, 0x26, 0x23, 0x22, 0x06, 0x15, 0x14, 0x16, 0x1f, 0x01, 0x1e, 0x01,
  0x15, 0x14, 0x07, 0x0e, 0x01, 0x07, 0x06, 0x23, 0x01, 0xaa, 0x02, 0x02,
  0x01, 0x02, 0x02, 0x02, 0xfe, 0x86, 0x01, 0x01, 0x01, 0x01, 0x02, 0x03,
  0xb6, 0x01, 0x01, 0x01, 0x01, 0x02, 0xfe, 0x75, 0x01, 0x03, 0x01, 0x01,
  0x03, 0x01, 0x0a, 0x01, 0x8c, 0x01, 0x02, 0x01, 0x01, 0x01, 0x04, 0x04,
  0x13, 0x13, 0x12, 0x35, 0x21, 0x21, 0x4d, 0x2b, 0x2d, 0x5f, 0x31, 0x17,
  0x2e, 0x16, 0x01, 0x02, 0x02, 0x0b, 0x02, 0x02, 0x02, 0x1f, 0x45, 0x23,
  0x39, 0x69, 0x28, 0x29, 0x2b, 0x13, 0x11, 0x01, 0x02, 0x01, 0x01, 0x01,
  0x03, 0x04, 0x13, 0x13, 0x12, 0x34, 0x22, 0x21, 0x4d, 0x2b, 0x2d, 0x5f,
  0x31, 0x15, 0x2a, 0x15, 0x01, 0x02, 0x02, 0x0b, 0x02, 0x02, 0x02, 0x20,
  0x48, 0x25, 0x39, 0x69, 0x28, 0x29, 0x2b, 0x12, 0x12, 0xfe, 0x26, 0x81,
  0x77, 0x20, 0x19, 0x37, 0x21, 0x67, 0x35, 0x38, 0x17, 0x23, 0x98, 0x5d,
  0x35, 0x15, 0x15, 0x43, 0x2b, 0x2a, 0x2b, 0x28, 0x29, 0x29, 0x42, 0x15,
  0x16, 0x26, 0x18, 0x2f, 0x24, 0x5f, 0x2f, 0x32, 0x3c, 0x20, 0x71, 0x5d,
  0x3f, 0x10, 0x0f, 0x3d, 0x2e, 0x2e, 0x3d, 0x03, 0x9b, 0x02, 0x01, 0xfe,
  0x7f, 0x01, 0x03, 0x01, 0x01, 0x03, 0x01, 0x0a, 0xb6, 0x02, 0x02, 0x02,
  0x01, 0x02, 0x02, 0x0b, 0xfe, 0x84, 0x01, 0x01, 0x01, 0x01, 0x02, 0x01,
  0x82, 0x02, 0x02, 0x02, 0x0b, 0x02, 0x02, 0x01, 0x15, 0x2c, 0x16, 0x31,
  0x5f, 0x2d, 0x2b, 0x4d, 0x21, 0x22, 0x34, 0x12, 0x13, 0x13, 0x04, 0x05,
  0x01, 0x01, 0x01, 0x01, 0x11, 0x11, 0x2b, 0x29, 0x28, 0x69, 0x39, 0x25,
  0x46, 0x20, 0x01, 0x03, 0x01, 0x0a, 0x01, 0x03, 0x01, 0x15, 0x2a, 0x15,
  0x31, 0x5e, 0x2d, 0x2b, 0x4d, 0x21, 0x22, 0x34, 0x12, 0x13, 0x13, 0x04,
  0x04, 0x02, 0x02, 0x13, 0x13, 0x2c, 0x28, 0x29, 0x68, 0x3a, 0x24, 0x47,
  0x20, 0xd1, 0x64, 0x30, 0x18, 0x1f, 0x69, 0x30, 0x1d, 0x11, 0x23, 0x09,
  0x26, 0x17, 0x5a, 0x2f, 0x30, 0x22, 0x22, 0x2b, 0x0a, 0x09, 0x0a, 0x0a,
  0x25, 0x19, 0x19, 0x1d, 0x19, 0x1c, 0x57, 0x27, 0x1e, 0x1e, 0x1a, 0x07,
  0x1a, 0x14, 0x61, 0x33, 0x27, 0x22, 0x22, 0x31, 0x0e, 0x0e, 0x00, 0x00,
  0x00, 0x08, 0x00, 0x00, 0xff, 0xc0, 0x04, 0x00, 0x03, 0xc0, 0x00, 0x0b,
  0x00, 0x17, 0x00, 0x30, 0x00, 0x6f, 0x00, 0x7b, 0x00, 0x87, 0x00, 0xa3,
  0x00, 0xaf, 0x00, 0x00, 0x01, 0x34, 0x36, 0x33, 0x32, 0x16, 0x15, 0x14,
  0x06, 0x23, 0x22, 0x26, 0x25, 0x34, 0x36, 0x33, 0x32, 0x16, 0x15, 0x14,
  0x06, 0x23, 0x22, 0x26, 0x17, 0x36, 0x16, 0x17, 0x16, 0x06, 0x07, 0x0e,
  0x01, 0x23, 0x22, 0x26, 0x27, 0x2e, 0x01, 0x37, 0x3e, 0x01, 0x17, 0x1e,
  0x01, 0x33, 0x32, 0x36, 0x37, 0x01, 0x34, 0x26, 0x23, 0x22, 0x06, 0x07,
  0x2e, 0x01, 0x27, 0x37, 0x17, 0x1e, 0x01, 0x33, 0x32, 0x36, 0x35, 0x34,
  0x26, 0x23, 0x22, 0x06, 0x07, 0x27, 0x26, 0x06, 0x0f, 0x01, 0x0e, 0x01,
  0x07, 0x2e, 0x01, 0x23, 0x22, 0x06, 0x15, 0x14, 0x16, 0x17, 0x0e, 0x01,
  0x15, 0x14, 0x17, 0x1e, 0x01, 0x17, 0x16, 0x33, 0x32, 0x37, 0x3e, 0x01,
  0x37, 0x36, 0x35, 0x34, 0x26, 0x27, 0x3e, 0x01, 0x03, 0x32, 0x16, 0x15,
  0x14, 0x06, 0x23, 0x22, 0x26, 0x35, 0x34, 0x36, 0x01, 0x34, 0x36, 0x33,
  0x32, 0x16, 0x17, 0x0e, 0x01, 0x07, 0x2e, 0x01, 0x01, 0x22, 0x27, 0x2e,
  0x01, 0x27, 0x26, 0x35, 0x34, 0x37, 0x3e, 0x01, 0x37, 0x36, 0x33, 0x32,
  0x17, 0x1e, 0x01, 0x17, 0x16, 0x15, 0x14, 0x07, 0x0e, 0x01, 0x07, 0x06,
  0x01, 0x2e, 0x01, 0x27, 0x3e, 0x01, 0x33, 0x32, 0x16, 0x15, 0x14, 0x06,
  0x01, 0x00, 0x25, 0x1b, 0x1b, 0x25, 0x25, 0x1b, 0x1b, 0x25, 0x01, 0x80,
  0x25, 0x1b, 0x1b, 0x25, 0x25, 0x1b, 0x1b, 0x25, 0x03, 0x0c, 0x20, 0x09,
  0x0a, 0x03, 0x0d, 0x22, 0x61, 0x2f, 0x2f, 0x61, 0x22, 0x0d, 0x03, 0x0a,
  0x09, 0x20, 0x0c, 0x14, 0x48, 0x27, 0x27, 0x48, 0x14, 0x01, 0x7d, 0x4b,
  0x35, 0x24, 0x3b, 0x11, 0x31, 0x77, 0x41, 0x4c, 0x92, 0x0a, 0x32, 0x1f,
  0x28, 0x38, 0x38, 0x28, 0x1b, 0x2d, 0x0d, 0xa2, 0x0e, 0x1a, 0x06, 0x67,
  0x40, 0x74, 0x30, 0x11, 0x3b, 0x24, 0x35, 0x4b, 0x2b, 0x21, 0x06, 0x06,
  0x23, 0x23, 0x7a, 0x52, 0x51, 0x5d, 0x5d, 0x51, 0x52, 0x7a, 0x23, 0x23,
  0x06, 0x06, 0x21, 0x2b, 0xa0, 0x0f, 0x15, 0x15, 0x0f, 0x0f, 0x15, 0x15,
  0xfc, 0xef, 0x26, 0x1a, 0x13, 0x1f, 0x08, 0x19, 0x29, 0x10, 0x11, 0x17,
  0x01, 0xc0, 0x4d, 0x44, 0x44, 0x65, 0x1d, 0x1d, 0x1d, 0x1d, 0x65, 0x44,
  0x44, 0x4d, 0x4d, 0x44, 0x44, 0x65, 0x1d, 0x1d, 0x1d, 0x1d, 0x65, 0x44,
  0x44, 0x01, 0x4b, 0x10, 0x29, 0x19, 0x08, 0x1f, 0x13, 0x1a, 0x26, 0x17,
  0x01, 0x40, 0x1b, 0x25, 0x25, 0x1b, 0x1b, 0x25, 0x25, 0x1b, 0x1b, 0x25,
  0x25, 0x1b, 0x1b, 0x25, 0x25, 0x6e, 0x0a, 0x04, 0x0c, 0x0c, 0x20, 0x09,
  0x1c, 0x20, 0x20, 0x1c, 0x09, 0x20, 0x0c, 0x0c, 0x04, 0x0a, 0x0f, 0x1c,
  0x1c, 0x0f, 0x01, 0x09, 0x35, 0x4b, 0x24, 0x1e, 0x1b, 0x22, 0x04, 0xab,
  0x2a, 0x1c, 0x24, 0x38, 0x28, 0x28, 0x38, 0x1c, 0x17, 0x30, 0x03, 0x0c,
  0x0d, 0xe9, 0x04, 0x21, 0x1b, 0x1e, 0x24, 0x4b, 0x35, 0x27, 0x3f, 0x0f,
  0x12, 0x26, 0x13, 0x42, 0x3b, 0x3a, 0x57, 0x19, 0x19, 0x19, 0x19, 0x57,
  0x3a, 0x3b, 0x42, 0x13, 0x26, 0x12, 0x0f, 0x3f, 0x01, 0x6b, 0x15, 0x0f,
  0x0f, 0x15, 0x15, 0x0f, 0x0f, 0x15, 0xfe, 0xbc, 0x1a, 0x26, 0x14, 0x11,
  0x13, 0x2b, 0x18, 0x07, 0x20, 0xfe, 0x60, 0x13, 0x13, 0x43, 0x2c, 0x2c,
  0x33, 0x33, 0x2c, 0x2c, 0x43, 0x13, 0x13, 0x13, 0x13, 0x43, 0x2c, 0x2c,
  0x33, 0x33, 0x2c, 0x2c, 0x43, 0x13, 0x13, 0x01, 0x79, 0x18, 0x2b, 0x13,
  0x11, 0x14, 0x26, 0x1a, 0x14, 0x20, 0x00, 0x00, 0x00, 0x02, 0x00, 0x00,
  0xff, 0xc0, 0x04, 0x00, 0x03, 0xc0, 0x00, 0x03, 0x00, 0x0c, 0x00, 0x00,
  0x13, 0x11, 0x21, 0x11, 0x01, 0x15, 0x23, 0x35, 0x03, 0x33, 0x17, 0x37,
  0x33, 0x00, 0x04, 0x00, 0xfe, 0x20, 0x40, 0xaf, 0x49, 0x86, 0x86, 0x49,
  0x03, 0xc0, 0xfc, 0x00, 0x04, 0x00, 0xfd, 0xb8, 0xd8, 0xd8, 0x01, 0x48,
  0xfc, 0xfc, 0x00, 0x00, 0x00, 0x01, 0x00, 0x00, 0xff, 0xc0, 0x03, 0xc7,
  0x03, 0xc0, 0x00, 0xb7, 0x00, 0x00, 0x01, 0x14, 0x06, 0x07, 0x0e, 0x01,
  0x23, 0x0e, 0x01, 0x07, 0x0e, 0x01, 0x07, 0x03, 0x0e, 0x01, 0x23, 0x22,
  0x26, 0x2f, 0x01, 0x07, 0x0e, 0x01, 0x23, 0x22, 0x26, 0x27, 0x03, 0x2e,
  0x01, 0x27, 0x2e, 0x01, 0x27, 0x22, 0x26, 0x27, 0x2e, 0x01, 0x35, 0x34,
  0x36, 0x33, 0x32, 0x16, 0x17, 0x1e, 0x01, 0x33, 0x32, 0x36, 0x37, 0x3e,
  0x01, 0x33, 0x32, 0x16, 0x15, 0x14, 0x06, 0x23, 0x0e, 0x01, 0x07, 0x0e,
  0x01, 0x15, 0x14, 0x16, 0x17, 0x13, 0x37, 0x27, 0x2e, 0x01, 0x27, 0x2e,
  0x01, 0x27, 0x22, 0x26, 0x27, 0x2e, 0x01, 0x35, 0x34, 0x36, 0x33, 0x32,
  0x16, 0x17, 0x1e, 0x01, 0x33, 0x32, 0x36, 0x37, 0x3e, 0x01, 0x33, 0x32,
  0x16, 0x15, 0x14, 0x06, 0x23, 0x0e, 0x01, 0x15, 0x14, 0x16, 0x1f, 0x01,
  0x37, 0x3e, 0x01, 0x35, 0x34, 0x26, 0x27, 0x22, 0x26, 0x35, 0x34, 0x36,
  0x37, 0x3e, 0x01, 0x33, 0x32, 0x16, 0x17, 0x1e, 0x01, 0x33, 0x32, 0x36,
  0x37, 0x3e, 0x01, 0x33, 0x32, 0x16, 0x15, 0x14, 0x06, 0x23, 0x0e, 0x01,
  0x07, 0x0e, 0x01, 0x0f, 0x01, 0x17, 0x13, 0x3e, 0x01, 0x35, 0x34, 0x26,
  0x27, 0x22, 0x26, 0x35, 0x34, 0x36, 0x33, 0x32, 0x16, 0x17, 0x1e, 0x01,
  0x33, 0x32, 0x36, 0x37, 0x3e, 0x01, 0x33, 0x32, 0x16, 0x15, 0x03, 0xc7,
  0x02, 0x01, 0x02, 0x03, 0x02, 0x0f, 0x19, 0x09, 0x0a, 0x13, 0x0a, 0xcf,
  0x01, 0x05, 0x05, 0x04, 0x05, 0x02, 0x74, 0x85, 0x02, 0x06, 0x04, 0x04,
  0x06, 0x02, 0xca, 0x0a, 0x14, 0x0a, 0x0b, 0x1d, 0x13, 0x01, 0x03, 0x02,
  0x01, 0x02, 0x04, 0x03, 0x0d, 0x1d, 0x0f, 0x0d, 0x1a, 0x0c, 0x0d, 0x1d,
  0x11, 0x11, 0x20, 0x0d, 0x04, 0x03, 0x02, 0x02, 0x0e, 0x15, 0x08, 0x08,
  0x08, 0x03, 0x04, 0xa7, 0x5f, 0x58, 0x0c, 0x14, 0x08, 0x07, 0x18, 0x0f,
  0x02, 0x02, 0x02, 0x01, 0x01, 0x03, 0x02, 0x0e, 0x19, 0x0b, 0x0b, 0x17,
  0x0d, 0x0c, 0x1a, 0x0d, 0x0e, 0x1c, 0x0d, 0x04, 0x03, 0x02, 0x02, 0x1c,
  0x1b, 0x07, 0x06, 0x3b, 0x3a, 0x06, 0x06, 0x1b, 0x1b, 0x02, 0x03, 0x01,
  0x02, 0x01, 0x02, 0x01, 0x0a, 0x18, 0x0e, 0x0e, 0x16, 0x09, 0x06, 0x12,
  0x0d, 0x0f, 0x1a, 0x0a, 0x02, 0x03, 0x05, 0x04, 0x10, 0x19, 0x0a, 0x09,
  0x18, 0x0f, 0x4e, 0x69, 0x9c, 0x04, 0x04, 0x1b, 0x1c, 0x02, 0x02, 0x03,
  0x04, 0x0a, 0x17, 0x0e, 0x0c, 0x15, 0x09, 0x09, 0x14, 0x0c, 0x0c, 0x16,
  0x0a, 0x03, 0x03, 0x02, 0xd6, 0x02, 0x04, 0x03, 0x02, 0x02, 0x01, 0x0a,
  0x08, 0x08, 0x1f, 0x17, 0xfe, 0x2e, 0x03, 0x03, 0x03, 0x03, 0xf2, 0xf2,
  0x03, 0x03, 0x03, 0x03, 0x01, 0xd2, 0x15, 0x1e, 0x09, 0x09, 0x0a, 0x02,
  0x02, 0x02, 0x01, 0x04, 0x02, 0x06, 0x06, 0x01, 0x02, 0x01, 0x01, 0x01,
  0x01, 0x02, 0x01, 0x06, 0x06, 0x05, 0x06, 0x01, 0x07, 0x06, 0x05, 0x10,
  0x09, 0x05, 0x0c, 0x08, 0xfe, 0x86, 0xb4, 0xb9, 0x19, 0x20, 0x08, 0x07,
  0x09, 0x01, 0x02, 0x02, 0x01, 0x04, 0x02, 0x06, 0x06, 0x01, 0x02, 0x01,
  0x01, 0x01, 0x01, 0x02, 0x01, 0x06, 0x06, 0x05, 0x06, 0x02, 0x0f, 0x0e,
  0x06, 0x12, 0x0d, 0x77, 0x6d, 0x0b, 0x14, 0x07, 0x13, 0x14, 0x01, 0x06,
  0x05, 0x02, 0x04, 0x02, 0x02, 0x01, 0x01, 0x01, 0x01, 0x01, 0x01, 0x01,
  0x01, 0x01, 0x04, 0x05, 0x07, 0x06, 0x02, 0x09, 0x07, 0x07, 0x20, 0x19,
  0x8f, 0xd7, 0x01, 0x6a, 0x0a, 0x12, 0x08, 0x14, 0x15, 0x01, 0x06, 0x06,
  0x05, 0x06, 0x01, 0x01, 0x02, 0x01, 0x01, 0x02, 0x01, 0x01, 0x05, 0x05,
  0x00, 0x04, 0x00, 0x00, 0xff, 0xc0, 0x04, 0x00, 0x03, 0xc0, 0x00, 0x0f,
  0x00, 0x13, 0x00, 0x1f, 0x00, 0x33, 0x00, 0x00, 0x01, 0x21, 0x22, 0x06,
  0x15, 0x11, 0x14, 0x16, 0x33, 0x21, 0x32, 0x36, 0x35, 0x11, 0x34, 0x26,
  0x01, 0x23, 0x11, 0x33, 0x27, 0x22, 0x26, 0x35, 0x34, 0x36, 0x33, 0x32,
  0x16, 0x15, 0x14, 0x06, 0x01, 0x23, 0x11, 0x34, 0x26, 0x23, 0x22, 0x06,
  0x15, 0x11, 0x23, 0x11, 0x33, 0x15, 0x3e, 0x01, 0x33, 0x32, 0x16, 0x15,
  0x03, 0xa0, 0xfc, 0xc0, 0x28, 0x38, 0x38, 0x28, 0x03, 0x40, 0x28, 0x38,
  0x38, 0xfd, 0xb8, 0x80, 0x80, 0x40, 0x1b, 0x25, 0x25, 0x1b, 0x1b, 0x25,
  0x25, 0x01, 0xe5, 0x80, 0x25, 0x1b, 0x1b, 0x25, 0x80, 0x80, 0x14, 0x3a,
  0x22, 0x3c, 0x54, 0x03, 0xc0, 0x38, 0x28, 0xfc, 0xc0, 0x28, 0x38, 0x38,
  0x28, 0x03, 0x40, 0x28, 0x38, 0xfc, 0xc0, 0x01, 0xc0, 0x40, 0x25, 0x1b,
  0x1b, 0x25, 0x25, 0x1b, 0x1b, 0x25, 0xfe, 0x00, 0x01, 0x00, 0x1b, 0x25,
  0x25, 0x1b, 0xff, 0x00, 0x01, 0xc0, 0x4f, 0x1b, 0x34, 0x5e, 0x42, 0x00,
  0x00, 0x03, 0x00, 0x00, 0xff, 0xc0, 0x03, 0xc0, 0x03, 0xc0, 0x00, 0x19,
  0x00, 0x1d, 0x00, 0x29, 0x00, 0x00, 0x01, 0x33, 0x15, 0x33, 0x3e, 0x01,
  0x33, 0x32, 0x17, 0x1e, 0x01, 0x17, 0x16, 0x15, 0x11, 0x23, 0x11, 0x34,
  0x26, 0x23, 0x22, 0x06, 0x15, 0x11, 0x23, 0x11, 0x21, 0x33, 0x11, 0x23,
  0x13, 0x14, 0x06, 0x23, 0x22, 0x26, 0x35, 0x34, 0x36, 0x33, 0x32, 0x16,
  0x01, 0x80, 0xb1, 0x03, 0x12, 0x59, 0x43, 0x47, 0x2b, 0x2b, 0x30, 0x09,
  0x08, 0xb9, 0x19, 0x47, 0x48, 0x26, 0xb9, 0xfe, 0xc0, 0xc0, 0xc0, 0xc0,
  0x38, 0x28, 0x28, 0x38, 0x38, 0x28, 0x28, 0x38, 0x02, 0x40, 0x5b, 0x21,
  0x3a, 0x15, 0x14, 0x48, 0x31, 0x31, 0x39, 0xfe, 0xcc, 0x01, 0x11, 0x31,
  0x64, 0x59, 0x37, 0xfe, 0xea, 0x02, 0x40, 0xfd, 0xc0, 0x02, 0xe0, 0x28,
  0x38, 0x38, 0x28, 0x28, 0x38, 0x38, 0x00, 0x00, 0x00, 0x01, 0x00, 0x00,
  0xff, 0xc0, 0x04, 0x00, 0x03, 0xc0, 0x00, 0x53, 0x00, 0x00, 0x25, 0x27,
  0x30, 0x06, 0x23, 0x22, 0x26, 0x35, 0x34, 0x36, 0x33, 0x32, 0x16, 0x1f,
  0x01, 0x16, 0x17, 0x1e, 0x01, 0x17, 0x16, 0x33, 0x32, 0x36, 0x35, 0x34,
  0x26, 0x2f, 0x01, 0x2e, 0x01, 0x35, 0x34, 0x36, 0x33, 0x32, 0x16, 0x17,
  0x37, 0x2e, 0x01, 0x23, 0x22, 0x06, 0x15, 0x14, 0x16, 0x1f, 0x01, 0x1e,
  0x01, 0x15, 0x14, 0x06, 0x23, 0x22, 0x26, 0x2f, 0x01, 0x26, 0x27, 0x2e,
  0x01, 0x27, 0x26, 0x23, 0x22, 0x07, 0x0e, 0x01, 0x07, 0x06, 0x15, 0x14,
  0x17, 0x1e, 0x01, 0x17, 0x16, 0x33, 0x32, 0x36, 0x39, 0x01, 0x01, 0xc4,
  0x26, 0x54, 0x44, 0x3d, 0x4e, 0x5b, 0x35, 0x4e, 0x41, 0x16, 0x25, 0x0e,
  0x16, 0x16, 0x47, 0x35, 0x35, 0x4c, 0x6d, 0x87, 0x4f, 0x4c, 0x4b, 0x26,
  0x1d, 0x2d, 0x27, 0x2a, 0x2e, 0x03, 0x75, 0x07, 0x69, 0x5a, 0x4f, 0x81,
  0x3f, 0x49, 0x4f, 0x2d, 0x23, 0x3e, 0x3c, 0x59, 0x56, 0x15, 0x26, 0x13,
  0x18, 0x19, 0x44, 0x2d, 0x2c, 0x3b, 0x41, 0x31, 0x31, 0x43, 0x11, 0x11,
  0x11, 0x11, 0x41, 0x2f, 0x30, 0x3e, 0x63, 0x61, 0xc2, 0x66, 0x44, 0x62,
  0x55, 0x6c, 0x58, 0x59, 0x40, 0x75, 0x2b, 0x25, 0x25, 0x38, 0x10, 0x10,
  0x4a, 0x58, 0x47, 0x4f, 0x11, 0x11, 0x09, 0x20, 0x1b, 0x1e, 0x21, 0x22,
  0x25, 0x0e, 0x4f, 0x46, 0x48, 0x60, 0x3c, 0x4c, 0x12, 0x13, 0x0a, 0x25,
  0x19, 0x21, 0x1c, 0x53, 0x40, 0x76, 0x39, 0x28, 0x27, 0x32, 0x0b, 0x0b,
  0x14, 0x13, 0x4c, 0x37, 0x36, 0x46, 0x43, 0x33, 0x33, 0x46, 0x12, 0x11,
  0x3e, 0x00, 0x00, 0x00, 0x00, 0x02, 0x00, 0x00, 0xff, 0xc0, 0x04, 0x00,
  0x03, 0xc0, 0x00, 0x0f, 0x00, 0x59, 0x00, 0x00, 0x01, 0x21, 0x22, 0x06,
  0x15, 0x11, 0x14, 0x16, 0x33, 0x21, 0x32, 0x36, 0x35, 0x11, 0x34, 0x26,
  0x03, 0x22, 0x26, 0x2f, 0x01, 0x2e, 0x01, 0x23, 0x22, 0x06, 0x15, 0x14,
  0x16, 0x33, 0x32, 0x36, 0x31, 0x17, 0x30, 0x06, 0x23, 0x22, 0x27, 0x2e,
  0x01, 0x27, 0x26, 0x35, 0x34, 0x37, 0x3e, 0x01, 0x37, 0x36, 0x33, 0x32,
  0x16, 0x1f, 0x01, 0x1e, 0x01, 0x33, 0x32, 0x36, 0x35, 0x34, 0x26, 0x2f,
  0x01, 0x2e, 0x01, 0x35, 0x34, 0x36, 0x33, 0x32, 0x16, 0x17, 0x07, 0x2e,
  0x01, 0x23, 0x22, 0x06, 0x15, 0x14, 0x16, 0x1f, 0x01, 0x1e, 0x01, 0x15,
  0x14, 0x06, 0x03, 0xa0, 0xfc, 0xc0, 0x28, 0x38, 0x38, 0x28, 0x03, 0x40,
  0x28, 0x38, 0x38, 0xdd, 0x86, 0x72, 0x18, 0x21, 0x13, 0x39, 0x44, 0x2f,
  0x4f, 0x44, 0x35, 0x3c, 0x4a, 0x20, 0x54, 0x57, 0x36, 0x2a, 0x29, 0x39,
  0x0f, 0x0f, 0x0f, 0x0f, 0x3a, 0x2b, 0x2b, 0x39, 0x66, 0x72, 0x20, 0x22,
  0x13, 0x4b, 0x4e, 0x34, 0x36, 0x1e, 0x27, 0x46, 0x40, 0x37, 0x71, 0x45,
  0x4f, 0x5c, 0x06, 0x67, 0x03, 0x28, 0x25, 0x21, 0x27, 0x18, 0x22, 0x42,
  0x42, 0x45, 0x76, 0x03, 0xc0, 0x38, 0x28, 0xfc, 0xc0, 0x28, 0x38, 0x38,
  0x28, 0x03, 0x40, 0x28, 0x38, 0xfd, 0x07, 0x69, 0x4b, 0x66, 0x39, 0x4d,
  0x4d, 0x5f, 0x4a, 0x56, 0x3c, 0x59, 0x37, 0x10, 0x0f, 0x3d, 0x2d, 0x2d,
  0x3a, 0x3d, 0x30, 0x30, 0x42, 0x11, 0x12, 0x53, 0x64, 0x66, 0x39, 0x49,
  0x19, 0x1d, 0x16, 0x20, 0x09, 0x11, 0x0f, 0x43, 0x34, 0x54, 0x3f, 0x3d,
  0x46, 0x0c, 0x21, 0x1e, 0x1e, 0x1a, 0x17, 0x1d, 0x07, 0x0f, 0x0f, 0x45,
  0x3f, 0x4c, 0x41, 0x00, 0x00, 0x02, 0x00, 0x00, 0xff, 0xc0, 0x04, 0x00,
  0x03, 0xc0, 0x00, 0x03, 0x00, 0x0b, 0x00, 0x00, 0x13, 0x11, 0x21, 0x11,
  0x01, 0x11, 0x21, 0x11, 0x21, 0x11, 0x21, 0x11, 0x00, 0x04, 0x00, 0xfe,
  0x00, 0xfe, 0x40, 0x01, 0xc0, 0x01, 0xc0, 0x03, 0xc0, 0xfc, 0x00, 0x04,
  0x00, 0xfc, 0x40, 0x01, 0xc0, 0x01, 0xc0, 0xfe, 0x40, 0xfe, 0x40, 0x00,
  0x00, 0x02, 0x00, 0x00, 0xff, 0xc0, 0x03, 0xc0, 0x03, 0xc0, 0x00, 0x20,
  0x00, 0x37, 0x00, 0x00, 0x01, 0x22, 0x06, 0x15, 0x11, 0x14, 0x06, 0x23,
  0x22, 0x26, 0x3d, 0x01, 0x33, 0x15, 0x14, 0x16, 0x33, 0x32, 0x36, 0x35,
  0x11, 0x34, 0x36, 0x33, 0x32, 0x16, 0x1d, 0x01, 0x07, 0x27, 0x35, 0x34,
  0x26, 0x01, 0x14, 0x06, 0x23, 0x22, 0x27, 0x2e, 0x01, 0x27, 0x26, 0x3d,
  0x01, 0x17, 0x37, 0x15, 0x14, 0x16, 0x33, 0x32, 0x36, 0x3d, 0x01, 0x33,
  0x02, 0x00, 0x1a, 0x26, 0x71, 0x4f, 0x4f, 0x71, 0x80, 0x26, 0x1a, 0x1a,
  0x26, 0x71, 0x4f, 0x4f, 0x71, 0x52, 0x2e, 0x26, 0x01, 0xa6, 0x71, 0x4f,
  0x28, 0x23, 0x23, 0x34, 0x0f, 0x0f, 0x2e, 0x52, 0x26, 0x1a, 0x1a, 0x26,
  0x80, 0x02, 0x80, 0x26, 0x1a, 0xff, 0x00, 0x4f, 0x71, 0x71, 0x4f, 0x80,
  0x80, 0x1a, 0x26, 0x26, 0x1a, 0x01, 0x00, 0x4f, 0x71, 0x6d, 0x45, 0x3e,
  0x18, 0x18, 0x3e, 0x10, 0x22, 0xfe, 0xc0, 0x4f, 0x71, 0x0f, 0x10, 0x36,
  0x26, 0x26, 0x2d, 0x7c, 0x18, 0x18, 0x7c, 0x25, 0x29, 0x26, 0x1a, 0x80,
  0x00, 0x03, 0x00, 0x00, 0xff, 0xc0, 0x04, 0x00, 0x03, 0xc0, 0x00, 0x0f,
  0x00, 0x30, 0x00, 0x47, 0x00, 0x00, 0x01, 0x21, 0x22, 0x06, 0x15, 0x11,
  0x14, 0x16, 0x33, 0x21, 0x32, 0x36, 0x35, 0x11, 0x34, 0x26, 0x01, 0x22,
  0x06, 0x15, 0x11, 0x14, 0x06, 0x23, 0x22, 0x26, 0x3d, 0x01, 0x33, 0x15,
  0x14, 0x16, 0x33, 0x32, 0x36, 0x35, 0x11, 0x34, 0x36, 0x33, 0x32, 0x16,
  0x1d, 0x01, 0x07, 0x27, 0x35, 0x34, 0x26, 0x01, 0x14, 0x06, 0x23, 0x22,
  0x27, 0x2e, 0x01, 0x27, 0x26, 0x3d, 0x01, 0x17, 0x37, 0x15, 0x14, 0x16,
  0x33, 0x32, 0x36, 0x3d, 0x01, 0x33, 0x03, 0x54, 0xfd, 0x58, 0x47, 0x65,
  0x65, 0x47, 0x02, 0xa8, 0x47, 0x65, 0x65, 0xfe, 0x65, 0x1a, 0x26, 0x71,
  0x4f, 0x4f, 0x71, 0x80, 0x26, 0x1a, 0x1a, 0x26, 0x71, 0x4f, 0x4f, 0x71,
  0x52, 0x2e, 0x26, 0x01, 0xa6, 0x71, 0x4f, 0x28, 0x23, 0x23, 0x34, 0x0f,
  0x0f, 0x2e, 0x52, 0x26, 0x1a, 0x1a, 0x26, 0x80, 0x03, 0xc0, 0x65, 0x47,
  0xfd, 0x58, 0x47, 0x65, 0x65, 0x47, 0x02, 0xa8, 0x47, 0x65, 0xfe, 0xc0,
  0x26, 0x1a, 0xff, 0x00, 0x4f, 0x71, 0x71, 0x4f, 0x80, 0x80, 0x1a, 0x26,
  0x26, 0x1a, 0x01, 0x00, 0x4f, 0x71, 0x6d, 0x45, 0x3e, 0x18, 0x18, 0x3e,
  0x10, 0x22, 0xfe, 0xc0, 0x4f, 0x71, 0x0f, 0x10, 0x36, 0x26, 0x26, 0x2d,
  0x7c, 0x18, 0x18, 0x7c, 0x25, 0x29, 0x26, 0x1a, 0x80, 0x00, 0x00, 0x00,
  0x00, 0x05, 0x00, 0x00, 0xff, 0xc0, 0x04, 0x00, 0x03, 0xc0, 0x00, 0x07,
  0x00, 0x0b, 0x00, 0x0f, 0x00, 0x13, 0x00, 0x18, 0x00, 0x00, 0x01, 0x11,
  0x21, 0x11, 0x33, 0x11, 0x21, 0x11, 0x05, 0x21, 0x15, 0x21, 0x13, 0x37,
  0x05, 0x07, 0x01, 0x37, 0x01, 0x07, 0x37, 0x07, 0x01, 0x37, 0x33, 0x04,
  0x00, 0xfc, 0x00, 0x80, 0x03, 0x00, 0xfd, 0x40, 0x02, 0x80, 0xfd, 0x80,
  0x0f, 0x1c, 0x02, 0x71, 0x1c, 0xfd, 0xd8, 0x36, 0x02, 0x44, 0x36, 0x84,
  0x4e, 0xfe, 0x04, 0x38, 0x3b, 0x01, 0x40, 0xfe, 0x80, 0x01, 0x80, 0xff,
  0x00, 0x01, 0x00, 0x40, 0x80, 0x01, 0x0b, 0x7c, 0x8a, 0x7d, 0x01, 0x8b,
  0x74, 0xfe, 0xf2, 0x74, 0xda, 0x66, 0x01, 0x86, 0x49, 0x00, 0x00, 0x00,
  0x00, 0x01, 0x00, 0x00, 0xff, 0xc0, 0x03, 0xbc, 0x03, 0xc0, 0x00, 0x6e,
  0x00, 0x00, 0x01, 0x22, 0x07, 0x0e, 0x01, 0x07, 0x06, 0x15, 0x14, 0x17,
  0x1e, 0x01, 0x17, 0x16, 0x17, 0x2e, 0x01, 0x37, 0x36, 0x37, 0x3e, 0x01,
  0x37, 0x36, 0x31, 0x30, 0x26, 0x35, 0x34, 0x36, 0x33, 0x32, 0x16, 0x15,
  0x14, 0x06, 0x07, 0x06, 0x16, 0x33, 0x32, 0x36, 0x35, 0x34, 0x26, 0x23,
  0x22, 0x06, 0x15, 0x14, 0x16, 0x17, 0x1e, 0x01, 0x07, 0x0e, 0x01, 0x07,
  0x0e, 0x01, 0x27, 0x2e, 0x01, 0x35, 0x34, 0x37, 0x3e, 0x01, 0x37, 0x36,
  0x33, 0x32, 0x17, 0x1e, 0x01, 0x17, 0x16, 0x15, 0x14, 0x07, 0x0e, 0x01,
  0x07, 0x06, 0x23, 0x22, 0x26, 0x27, 0x30, 0x06, 0x07, 0x0e, 0x01, 0x07,
  0x1e, 0x01, 0x33, 0x32, 0x37, 0x3e, 0x01, 0x37, 0x36, 0x35, 0x34, 0x27,
  0x2e, 0x01, 0x27, 0x26, 0x23, 0x02, 0x00, 0x5c, 0x51, 0x50, 0x79, 0x23,
  0x23, 0x15, 0x15, 0x4b, 0x34, 0x34, 0x3d, 0x02, 0x03, 0x07, 0x03, 0x08,
  0x09, 0x12, 0x07, 0x07, 0x0d, 0x2f, 0x21, 0x1c, 0x1c, 0x1b, 0x0a, 0x08,
  0x29, 0x21, 0x3b, 0x50, 0x67, 0x52, 0x5e, 0x6a, 0x13, 0x0e, 0x03, 0x01,
  0x01, 0x03, 0x08, 0x01, 0x02, 0x07, 0x06, 0x2a, 0x30, 0x13, 0x13, 0x4a,
  0x36, 0x37, 0x48, 0x39, 0x32, 0x32, 0x4a, 0x15, 0x15, 0x11, 0x11, 0x3d,
  0x2b, 0x2a, 0x32, 0x22, 0x39, 0x0b, 0x17, 0x04, 0x08, 0x22, 0x0d, 0x1f,
  0x42, 0x22, 0x5c, 0x51, 0x50, 0x79, 0x23, 0x23, 0x23, 0x23, 0x79, 0x50,
  0x51, 0x5c, 0x03, 0x7c, 0x23, 0x23, 0x79, 0x50, 0x51, 0x5c, 0x46, 0x41,
  0x40, 0x6c, 0x29, 0x29, 0x18, 0x1a, 0x49, 0x1c, 0x0d, 0x24, 0x24, 0x4c,
  0x1e, 0x1e, 0x24, 0x1d, 0x2f, 0x3d, 0x25, 0x19, 0x1d, 0x4f, 0x28, 0x21,
  0x2f, 0x71, 0x5a, 0x50, 0x65, 0x77, 0x4a, 0x1d, 0x38, 0x10, 0x03, 0x07,
  0x03, 0x0a, 0x24, 0x04, 0x07, 0x02, 0x03, 0x13, 0x68, 0x30, 0x35, 0x30,
  0x31, 0x4a, 0x17, 0x16, 0x14, 0x13, 0x45, 0x2f, 0x2e, 0x37, 0x3a, 0x32,
  0x32, 0x4b, 0x16, 0x15, 0x1e, 0x15, 0x5a, 0x10, 0x1d, 0x41, 0x16, 0x0a,
  0x0a, 0x23, 0x23, 0x78, 0x51, 0x51, 0x5c, 0x5c, 0x51, 0x50, 0x79, 0x23,
  0x23, 0x00, 0x00, 0x00, 0x00, 0x02, 0x00, 0x00, 0xff, 0xc0, 0x04, 0x00,
  0x03, 0xc0, 0x00, 0x1b, 0x00, 0x8a, 0x00, 0x00, 0x01, 0x22, 0x07, 0x0e,
  0x01, 0x07, 0x06, 0x15, 0x14, 0x17, 0x1e, 0x01, 0x17, 0x16, 0x33, 0x32,
  0x37, 0x3e, 0x01, 0x37, 0x36, 0x35, 0x34, 0x27, 0x2e, 0x01, 0x27, 0x26,
  0x03, 0x22, 0x26, 0x27, 0x3e, 0x01, 0x37, 0x3e, 0x01, 0x31, 0x1e, 0x01,
  0x33, 0x32, 0x37, 0x3e, 0x01, 0x37, 0x36, 0x35, 0x34, 0x27, 0x2e, 0x01,
  0x27, 0x26, 0x23, 0x22, 0x07, 0x0e, 0x01, 0x07, 0x06, 0x15, 0x14, 0x16,
  0x17, 0x16, 0x36, 0x37, 0x3e, 0x01, 0x37, 0x36, 0x26, 0x27, 0x2e, 0x01,
  0x35, 0x34, 0x36, 0x33, 0x32, 0x16, 0x15, 0x14, 0x06, 0x23, 0x22, 0x26,
  0x37, 0x3e, 0x01, 0x35, 0x34, 0x26, 0x23, 0x22, 0x06, 0x15, 0x14, 0x16,
  0x31, 0x30, 0x07, 0x0e, 0x01, 0x07, 0x06, 0x07, 0x06, 0x16, 0x17, 0x26,
  0x27, 0x2e, 0x01, 0x27, 0x26, 0x35, 0x34, 0x37, 0x3e, 0x01, 0x37, 0x36,
  0x33, 0x32, 0x17, 0x1e, 0x01, 0x17, 0x16, 0x15, 0x14, 0x07, 0x0e, 0x01,
  0x07, 0x06, 0x23, 0x02, 0x00, 0x6a, 0x5d, 0x5d, 0x8b, 0x29, 0x28, 0x28,
  0x29, 0x8b, 0x5d, 0x5d, 0x6a, 0x6a, 0x5d, 0x5d, 0x8b, 0x29, 0x28, 0x28,
  0x29, 0x8b, 0x5d, 0x5d, 0x6a, 0x22, 0x42, 0x1f, 0x0d, 0x22, 0x08, 0x04,
  0x17, 0x0b, 0x39, 0x22, 0x32, 0x2a, 0x2b, 0x3d, 0x11, 0x11, 0x15, 0x15,
  0x4a, 0x32, 0x32, 0x39, 0x48, 0x37, 0x36, 0x4a, 0x13, 0x13, 0x30, 0x2a,
  0x06, 0x07, 0x02, 0x01, 0x08, 0x03, 0x01, 0x01, 0x03, 0x0e, 0x13, 0x6a,
  0x5e, 0x52, 0x67, 0x50, 0x3b, 0x21, 0x29, 0x08, 0x0a, 0x1b, 0x1b, 0x1d,
  0x21, 0x2f, 0x0d, 0x07, 0x07, 0x12, 0x08, 0x09, 0x03, 0x07, 0x03, 0x02,
  0x3d, 0x34, 0x34, 0x4b, 0x15, 0x15, 0x23, 0x23, 0x79, 0x50, 0x51, 0x5c,
  0x5c, 0x51, 0x50, 0x79, 0x23, 0x23, 0x23, 0x23, 0x79, 0x50, 0x51, 0x5c,
  0x03, 0xc0, 0x28, 0x29, 0x8b, 0x5d, 0x5d, 0x6a, 0x6a, 0x5d, 0x5d, 0x8b,
  0x29, 0x28, 0x28, 0x29, 0x8b, 0x5d, 0x5d, 0x6a, 0x6a, 0x5d, 0x5d, 0x8b,
  0x29, 0x28, 0xfc, 0x44, 0x0b, 0x09, 0x16, 0x42, 0x1c, 0x10, 0x5a, 0x15,
  0x1e, 0x15, 0x16, 0x4b, 0x32, 0x32, 0x3a, 0x37, 0x2f, 0x2f, 0x44, 0x14,
  0x13, 0x16, 0x17, 0x4a, 0x30, 0x31, 0x34, 0x31, 0x68, 0x13, 0x03, 0x03,
  0x06, 0x04, 0x24, 0x0a, 0x03, 0x07, 0x03, 0x11, 0x38, 0x1c, 0x4a, 0x77,
  0x65, 0x50, 0x5a, 0x71, 0x2f, 0x21, 0x28, 0x4f, 0x1d, 0x19, 0x25, 0x3d,
  0x2e, 0x1e, 0x24, 0x1e, 0x1d, 0x4d, 0x24, 0x24, 0x0d, 0x1c, 0x49, 0x1a,
  0x18, 0x29, 0x2a, 0x6b, 0x40, 0x40, 0x47, 0x5c, 0x51, 0x50, 0x79, 0x23,
  0x23, 0x23, 0x23, 0x79, 0x50, 0x51, 0x5c, 0x5c, 0x51, 0x50, 0x79, 0x23,
  0x23, 0x00, 0x00, 0x00, 0x00, 0x03, 0x00, 0x00, 0xff, 0xc0, 0x04, 0x00,
  0x03, 0xc0, 0x00, 0x0f, 0x00, 0x33, 0x00, 0x5b, 0x00, 0x00, 0x01, 0x21,
  0x22, 0x06, 0x15, 0x11, 0x14, 0x16, 0x33, 0x21, 0x32, 0x36, 0x35, 0x11,
  0x34, 0x26, 0x01, 0x23, 0x22, 0x26, 0x27, 0x26, 0x34, 0x3f, 0x01, 0x30,
  0x34, 0x31, 0x27, 0x26, 0x34, 0x37, 0x3e, 0x01, 0x3b, 0x01, 0x32, 0x16,
  0x17, 0x30, 0x16, 0x33, 0x06, 0x07, 0x0e, 0x01, 0x07, 0x06, 0x31, 0x0e,
  0x01, 0x23, 0x01, 0x03, 0x38, 0x01, 0x15, 0x13, 0x16, 0x14, 0x07, 0x0e,
  0x01, 0x2b, 0x01, 0x22, 0x26, 0x27, 0x30, 0x27, 0x2e, 0x01, 0x27, 0x26,
  0x35, 0x36, 0x37, 0x3e, 0x01, 0x37, 0x36, 0x31, 0x3e, 0x01, 0x3b, 0x01,
  0x32, 0x16, 0x17, 0x16, 0x14, 0x07, 0x03, 0xa0, 0xfc, 0xc0, 0x28, 0x38,
  0x38, 0x28, 0x03, 0x40, 0x28, 0x38, 0x38, 0xfd, 0x71, 0x6f, 0x05, 0x07,
  0x02, 0x03, 0x03, 0x75, 0x4b, 0x02, 0x02, 0x02, 0x08, 0x05, 0x6f, 0x0d,
  0x0e, 0x04, 0x4b, 0x01, 0x02, 0x13, 0x13, 0x2c, 0x12, 0x12, 0x04, 0x0e,
  0x0c, 0x02, 0x0b, 0xf5, 0x9c, 0x03, 0x02, 0x02, 0x08, 0x05, 0x6f, 0x0d,
  0x0e, 0x04, 0x18, 0x19, 0x3b, 0x18, 0x19, 0x03, 0x27, 0x26, 0x5b, 0x26,
  0x25, 0x05, 0x0d, 0x0c, 0x70, 0x05, 0x08, 0x02, 0x02, 0x03, 0x03, 0xc0,
  0x38, 0x28, 0xfc, 0xc0, 0x28, 0x38, 0x38, 0x28, 0x03, 0x40, 0x28, 0x38,
  0xfd, 0x66, 0x04, 0x04, 0x03, 0x09, 0x05, 0xcf, 0x01, 0x81, 0x05, 0x09,
  0x03, 0x04, 0x03, 0x0d, 0x07, 0x85, 0x03, 0x22, 0x21, 0x4e, 0x20, 0x20,
  0x07, 0x0e, 0x02, 0x02, 0xfe, 0x4e, 0x01, 0xfe, 0xe3, 0x04, 0x09, 0x04,
  0x03, 0x04, 0x0e, 0x07, 0x2d, 0x2d, 0x6c, 0x2d, 0x2d, 0x01, 0x05, 0x45,
  0x45, 0xa1, 0x42, 0x43, 0x08, 0x0d, 0x04, 0x03, 0x04, 0x09, 0x04, 0x00,
  0x00, 0x02, 0x00, 0x00, 0xff, 0xc0, 0x03, 0xb1, 0x03, 0xc0, 0x00, 0x27,
  0x00, 0x4e, 0x00, 0x00, 0x13, 0x22, 0x06, 0x07, 0x06, 0x14, 0x1f, 0x01,
  0x38, 0x01, 0x15, 0x03, 0x06, 0x14, 0x17, 0x1e, 0x01, 0x3b, 0x01, 0x32,
  0x36, 0x37, 0x30, 0x37, 0x3e, 0x01, 0x37, 0x36, 0x37, 0x26, 0x27, 0x2e,
  0x01, 0x27, 0x26, 0x31, 0x2e, 0x01, 0x2b, 0x01, 0x25, 0x22, 0x06, 0x07,
  0x30, 0x07, 0x0e, 0x01, 0x07, 0x06, 0x07, 0x30, 0x17, 0x1e, 0x01, 0x17,
  0x16, 0x31, 0x1e, 0x01, 0x3b, 0x01, 0x32, 0x36, 0x37, 0x36, 0x34, 0x27,
  0x03, 0x22, 0x30, 0x37, 0x01, 0x36, 0x34, 0x27, 0x2e, 0x01, 0x23, 0x9c,
  0x07, 0x0b, 0x03, 0x02, 0x03, 0x64, 0x9d, 0x03, 0x03, 0x03, 0x0a, 0x06,
  0x94, 0x10, 0x13, 0x05, 0x18, 0x18, 0x3b, 0x19, 0x19, 0x03, 0x01, 0x10,
  0x0f, 0x26, 0x10, 0x10, 0x06, 0x12, 0x11, 0x93, 0x02, 0x6c, 0x10, 0x12,
  0x06, 0x31, 0x32, 0x7a, 0x33, 0x34, 0x04, 0x21, 0x21, 0x4e, 0x21, 0x21,
  0x05, 0x13, 0x11, 0x93, 0x07, 0x0a, 0x03, 0x03, 0x03, 0xd0, 0x01, 0x01,
  0x01, 0x47, 0x03, 0x03, 0x03, 0x0a, 0x07, 0x02, 0xf6, 0x05, 0x04, 0x05,
  0x0c, 0x06, 0xad, 0x01, 0xfe, 0xeb, 0x06, 0x0c, 0x04, 0x05, 0x05, 0x12,
  0x0a, 0x2b, 0x2a, 0x68, 0x2d, 0x2c, 0x04, 0x01, 0x1b, 0x1c, 0x42, 0x1c,
  0x1b, 0x0a, 0x12, 0xca, 0x11, 0x0b, 0x59, 0x58, 0xd7, 0x5c, 0x5c, 0x07,
  0x3d, 0x3c, 0x90, 0x3c, 0x3c, 0x0a, 0x12, 0x05, 0x04, 0x05, 0x0c, 0x06,
  0x01, 0x7d, 0x01, 0x02, 0x42, 0x06, 0x0c, 0x05, 0x04, 0x05, 0x00, 0x00,
  0x00, 0x02, 0x00, 0x00, 0xff, 0xc0, 0x04, 0x00, 0x03, 0xc0, 0x00, 0x22,
  0x00, 0x44, 0x00, 0x00, 0x01, 0x22, 0x07, 0x0e, 0x01, 0x07, 0x06, 0x15,
  0x31, 0x11, 0x37, 0x11, 0x34, 0x36, 0x37, 0x31, 0x36, 0x32, 0x33, 0x31,
  0x15, 0x1c, 0x01, 0x15, 0x31, 0x1e, 0x01, 0x33, 0x31, 0x32, 0x36, 0x37,
  0x31, 0x01, 0x21, 0x01, 0x11, 0x14, 0x06, 0x07, 0x31, 0x06, 0x22, 0x23,
  0x31, 0x35, 0x3c, 0x01, 0x35, 0x31, 0x2e, 0x01, 0x23, 0x31, 0x22, 0x06,
  0x07, 0x31, 0x01, 0x21, 0x32, 0x37, 0x3e, 0x01, 0x37, 0x36, 0x35, 0x31,
  0x11, 0x01, 0x70, 0x5c, 0x45, 0x44, 0x5d, 0x17, 0x17, 0xee, 0x35, 0x49,
  0x19, 0x59, 0x22, 0x02, 0x08, 0x06, 0x03, 0x05, 0x03, 0x01, 0x9d, 0xfd,
  0xb8, 0x01, 0xa2, 0x35, 0x49, 0x19, 0x59, 0x22, 0x02, 0x08, 0x06, 0x03,
  0x05, 0x03, 0xfe, 0x63, 0x02, 0x48, 0x5c, 0x45, 0x44, 0x5d, 0x17, 0x17,
  0x03, 0xc0, 0x1a, 0x1a, 0x66, 0x4b, 0x4b, 0x62, 0xfd, 0xdb, 0xef, 0x01,
  0x17, 0x51, 0x64, 0x0c, 0x04, 0xa6, 0x01, 0x03, 0x01, 0x05, 0x07, 0x03,
  0x03, 0x01, 0x9d, 0xfe, 0xc8, 0xfe, 0xe9, 0x51, 0x64, 0x0c, 0x04, 0xa6,
  0x01, 0x03, 0x01, 0x05, 0x07, 0x03, 0x03, 0xfe, 0x63, 0x1a, 0x1a, 0x66,
  0x4b, 0x4b, 0x62, 0x02, 0x25, 0x00, 0x00, 0x00, 0x00, 0x02, 0x00, 0x00,
  0xff, 0xc0, 0x03, 0x5d, 0x03, 0xc0, 0x00, 0x19, 0x00, 0x2a, 0x00, 0x00,
  0x01, 0x2e, 0x01, 0x23, 0x21, 0x22, 0x06, 0x15, 0x11, 0x14, 0x16, 0x17,
  0x1e, 0x01, 0x33, 0x32, 0x36, 0x3f, 0x01, 0x33, 0x32, 0x36, 0x37, 0x13,
  0x36, 0x26, 0x07, 0x23, 0x22, 0x06, 0x15, 0x14, 0x16, 0x3b, 0x01, 0x07,
  0x23, 0x22, 0x06, 0x0f, 0x01, 0x11, 0x21, 0x03, 0x54, 0x09, 0x1c, 0x0f,
  0xfd, 0xa0, 0x1b, 0x25, 0x16, 0x12, 0x05, 0x0d, 0x06, 0x0c, 0x18, 0x09,
  0xee, 0xa5, 0x15, 0x22, 0x06, 0xa0, 0x05, 0x05, 0xbc, 0xe1, 0x1b, 0x25,
  0x25, 0x1b, 0xb9, 0x28, 0x91, 0x0d, 0x17, 0x09, 0x93, 0x01, 0xc9, 0x03,
  0x66, 0x0c, 0x0e, 0x25, 0x1b, 0xfd, 0x00, 0x13, 0x21, 0x07, 0x03, 0x02,
  0x0a, 0x09, 0xed, 0x19, 0x14, 0x02, 0x00, 0x0e, 0x1f, 0xda, 0x25, 0x1b,
  0x1b, 0x25, 0x80, 0x0a, 0x09, 0x92, 0x02, 0x25, 0x00, 0x05, 0x00, 0x00,
  0xff, 0xc0, 0x03, 0x9f, 0x03, 0xc0, 0x00, 0x14, 0x00, 0x29, 0x00, 0x3f,
  0x00, 0x54, 0x00, 0x6a, 0x00, 0x00, 0x01, 0x06, 0x16, 0x31, 0x17, 0x30,
  0x16, 0x33, 0x32, 0x36, 0x31, 0x37, 0x30, 0x36, 0x37, 0x34, 0x26, 0x31,
  0x27, 0x30, 0x26, 0x27, 0x16, 0x36, 0x31, 0x37, 0x30, 0x36, 0x37, 0x36,
  0x26, 0x31, 0x27, 0x30, 0x26, 0x27, 0x26, 0x06, 0x31, 0x07, 0x30, 0x06,
  0x27, 0x3e, 0x01, 0x31, 0x03, 0x30, 0x26, 0x27, 0x26, 0x06, 0x0f, 0x01,
  0x30, 0x06, 0x07, 0x06, 0x16, 0x31, 0x13, 0x30, 0x16, 0x37, 0x07, 0x34,
  0x26, 0x31, 0x27, 0x30, 0x26, 0x07, 0x0e, 0x01, 0x0f, 0x01, 0x30, 0x14,
  0x17, 0x16, 0x36, 0x31, 0x37, 0x3e, 0x01, 0x17, 0x26, 0x06, 0x31, 0x07,
  0x30, 0x06, 0x17, 0x1e, 0x01, 0x1f, 0x01, 0x30, 0x16, 0x37, 0x3e, 0x01,
  0x31, 0x37, 0x30, 0x26, 0x27, 0x02, 0x61, 0x0d, 0x0a, 0x82, 0x1a, 0x0e,
  0x0e, 0x17, 0x67, 0x0a, 0x01, 0x23, 0xf3, 0x1c, 0x18, 0x09, 0x25, 0xf3,
  0x23, 0x03, 0x04, 0x09, 0x74, 0x10, 0x0f, 0x12, 0x14, 0x89, 0x09, 0x6a,
  0x15, 0x0c, 0x02, 0x09, 0x0f, 0x16, 0x13, 0x06, 0xca, 0x16, 0x08, 0x0b,
  0x1a, 0xd2, 0x1b, 0x14, 0x32, 0x20, 0xd9, 0x24, 0x0c, 0x09, 0x0d, 0x01,
  0x0e, 0x05, 0x09, 0x27, 0xfd, 0x07, 0x14, 0x40, 0x10, 0x20, 0xa9, 0x14,
  0x04, 0x04, 0x0c, 0x09, 0xaa, 0x19, 0x0c, 0x10, 0x02, 0x04, 0x06, 0x0f,
  0x01, 0x33, 0x0e, 0x24, 0xd9, 0x1c, 0x0f, 0x93, 0x16, 0x0d, 0x11, 0x0c,
  0x4e, 0x03, 0x61, 0x10, 0x01, 0x47, 0x12, 0x0d, 0x0e, 0x1a, 0x89, 0x12,
  0x01, 0x01, 0x1b, 0xd8, 0x1a, 0x45, 0x06, 0x2b, 0x01, 0x5a, 0x2d, 0x09,
  0x0e, 0x06, 0x01, 0x4b, 0x0a, 0x0d, 0x11, 0x28, 0xfe, 0xe2, 0x14, 0x05,
  0x8c, 0x14, 0x17, 0x6d, 0x0b, 0x06, 0x06, 0x11, 0x09, 0xad, 0x22, 0x0a,
  0x0f, 0x09, 0x38, 0x05, 0x0b, 0x44, 0x09, 0x14, 0xbb, 0x21, 0x0d, 0x0c,
  0x0e, 0x04, 0x36, 0x03, 0x03, 0x05, 0x24, 0xfd, 0x1b, 0x07, 0x00, 0x00,
  0x00, 0x02, 0x00, 0x00, 0xff, 0xc0, 0x03, 0xb9, 0x03, 0xc0, 0x00, 0x23,
  0x00, 0x43, 0x00, 0x00, 0x01, 0x06, 0x07, 0x0e, 0x01, 0x07, 0x06, 0x2b,
  0x01, 0x03, 0x23, 0x07, 0x06, 0x16, 0x3b, 0x01, 0x32, 0x36, 0x3f, 0x03,
  0x3e, 0x01, 0x3b, 0x01, 0x32, 0x37, 0x3e, 0x01, 0x37, 0x36, 0x37, 0x36,
  0x26, 0x27, 0x27, 0x2e, 0x01, 0x23, 0x21, 0x22, 0x06, 0x07, 0x03, 0x06,
  0x16, 0x3b, 0x01, 0x13, 0x07, 0x3e, 0x01, 0x3b, 0x01, 0x32, 0x37, 0x3e,
  0x01, 0x37, 0x36, 0x37, 0x3e, 0x01, 0x35, 0x36, 0x26, 0x27, 0x03, 0xa2,
  0x12, 0x24, 0x25, 0x6c, 0x47, 0x47, 0x57, 0x4d, 0x36, 0x41, 0x03, 0x02,
  0x0e, 0x0b, 0xa6, 0x0f, 0x16, 0x02, 0x02, 0x1f, 0x02, 0x02, 0x17, 0x0e,
  0x19, 0x3c, 0x35, 0x35, 0x54, 0x1d, 0x1e, 0x0e, 0x0a, 0x09, 0x18, 0x63,
  0x24, 0x7d, 0x52, 0xfe, 0xc2, 0x11, 0x19, 0x03, 0x85, 0x02, 0x11, 0x0c,
  0xc5, 0x31, 0x01, 0x02, 0x1a, 0x11, 0x5d, 0x45, 0x3c, 0x3c, 0x61, 0x21,
  0x22, 0x10, 0x01, 0x02, 0x09, 0x14, 0x20, 0x02, 0x8b, 0x4f, 0x3d, 0x3c,
  0x52, 0x15, 0x15, 0xfe, 0xab, 0x16, 0x0b, 0x11, 0x13, 0x0f, 0x08, 0xc6,
  0x0b, 0x0e, 0x13, 0x0d, 0x0d, 0x3c, 0x31, 0x30, 0x47, 0x35, 0x5a, 0x22,
  0xe8, 0x28, 0x25, 0x16, 0x10, 0xfc, 0xb7, 0x0c, 0x13, 0x01, 0x39, 0x0a,
  0x10, 0x16, 0x0f, 0x0f, 0x45, 0x37, 0x37, 0x51, 0x05, 0x09, 0x05, 0x3c,
  0x56, 0x25, 0x00, 0x00, 0x00, 0x04, 0x00, 0x00, 0xff, 0xc0, 0x04, 0x00,
  0x03, 0xc0, 0x00, 0x1a, 0x00, 0x2d, 0x00, 0x39, 0x00, 0x4b, 0x00, 0x00,
  0x01, 0x27, 0x36, 0x37, 0x3e, 0x01, 0x37, 0x36, 0x33, 0x32, 0x17, 0x1e,
  0x01, 0x17, 0x16, 0x17, 0x21, 0x22, 0x26, 0x23, 0x22, 0x07, 0x0e, 0x01,
  0x07, 0x06, 0x07, 0x25, 0x21, 0x1e, 0x01, 0x15, 0x14, 0x07, 0x0e, 0x01,
  0x07, 0x06, 0x07, 0x13, 0x3e, 0x01, 0x35, 0x34, 0x26, 0x27, 0x05, 0x34,
  0x36, 0x33, 0x32, 0x16, 0x15, 0x14, 0x06, 0x23, 0x22, 0x26, 0x05, 0x07,
  0x26, 0x27, 0x2e, 0x01, 0x27, 0x26, 0x35, 0x34, 0x36, 0x37, 0x13, 0x1e,
  0x01, 0x33, 0x32, 0x36, 0x01, 0x02, 0x92, 0x23, 0x2c, 0x2c, 0x66, 0x39,
  0x39, 0x3d, 0x46, 0x41, 0x41, 0x72, 0x2e, 0x2f, 0x22, 0xfe, 0x5e, 0x06,
  0x0b, 0x06, 0x2e, 0x29, 0x29, 0x43, 0x18, 0x18, 0x0b, 0x01, 0xb5, 0x01,
  0x26, 0x11, 0x12, 0x28, 0x27, 0x8a, 0x5c, 0x5c, 0x69, 0xd1, 0x16, 0x19,
  0x2a, 0x25, 0xfe, 0x8f, 0x6d, 0x4d, 0x4d, 0x6d, 0x6d, 0x4d, 0x4d, 0x6d,
  0x01, 0x00, 0x92, 0x5d, 0x4f, 0x50, 0x75, 0x22, 0x21, 0x22, 0x20, 0xd1,
  0x1f, 0x7f, 0x4f, 0x12, 0x23, 0x02, 0x01, 0xfe, 0x2c, 0x24, 0x24, 0x32,
  0x0d, 0x0e, 0x12, 0x12, 0x42, 0x2e, 0x2f, 0x38, 0x01, 0x0f, 0x0f, 0x34,
  0x24, 0x24, 0x2b, 0x7a, 0x2b, 0x5f, 0x31, 0x69, 0x5d, 0x5d, 0x8a, 0x29,
  0x29, 0x01, 0x01, 0x6b, 0x20, 0x4b, 0x2a, 0x37, 0x60, 0x24, 0xbb, 0x4d,
  0x6d, 0x6d, 0x4d, 0x4d, 0x6d, 0x6d, 0xaf, 0xfe, 0x0e, 0x2c, 0x2d, 0x87,
  0x56, 0x56, 0x60, 0x44, 0x7f, 0x38, 0xfe, 0x96, 0x43, 0x54, 0x05, 0x00,
  0x00, 0x01, 0x00, 0x00, 0xff, 0xc0, 0x03, 0xff, 0x03, 0xc0, 0x01, 0x05,
  0x00, 0x00, 0x01, 0x07, 0x30, 0x26, 0x27, 0x2e, 0x01, 0x31, 0x1e, 0x01,
  0x31, 0x30, 0x26, 0x27, 0x26, 0x06, 0x07, 0x2a, 0x01, 0x23, 0x3a, 0x01,
  0x31, 0x38, 0x01, 0x31, 0x1e, 0x01, 0x17, 0x30, 0x06, 0x07, 0x22, 0x17,
  0x1e, 0x01, 0x17, 0x16, 0x17, 0x30, 0x26, 0x27, 0x16, 0x06, 0x07, 0x06,
  0x26, 0x27, 0x16, 0x06, 0x07, 0x06, 0x36, 0x07, 0x06, 0x07, 0x06, 0x26,
  0x27, 0x26, 0x27, 0x16, 0x36, 0x37, 0x30, 0x32, 0x31, 0x3e, 0x01, 0x17,
  0x16, 0x36, 0x27, 0x2e, 0x01, 0x07, 0x0e, 0x01, 0x27, 0x2e, 0x01, 0x27,
  0x3e, 0x01, 0x37, 0x3e, 0x01, 0x37, 0x1e, 0x01, 0x17, 0x3c, 0x01, 0x35,
  0x36, 0x26, 0x27, 0x2e, 0x01, 0x27, 0x38, 0x01, 0x31, 0x38, 0x01, 0x31,
  0x38, 0x01, 0x31, 0x38, 0x01, 0x31, 0x38, 0x01, 0x31, 0x3e, 0x01, 0x37,
  0x3e, 0x01, 0x37, 0x3e, 0x01, 0x37, 0x34, 0x36, 0x33, 0x38, 0x01, 0x31,
  0x30, 0x34, 0x31, 0x3e, 0x01, 0x37, 0x38, 0x01, 0x31, 0x34, 0x30, 0x35,
  0x30, 0x34, 0x31, 0x30, 0x34, 0x31, 0x30, 0x34, 0x35, 0x38, 0x01, 0x31,
  0x3c, 0x01, 0x35, 0x3c, 0x01, 0x35, 0x38, 0x01, 0x31, 0x38, 0x01, 0x23,
  0x30, 0x34, 0x31, 0x38, 0x01, 0x31, 0x38, 0x01, 0x31, 0x38, 0x01, 0x31,
  0x2e, 0x01, 0x23, 0x38, 0x01, 0x39, 0x01, 0x26, 0x22, 0x07, 0x22, 0x26,
  0x27, 0x3e, 0x01, 0x37, 0x36, 0x22, 0x31, 0x36, 0x06, 0x07, 0x26, 0x22,
  0x07, 0x2e, 0x01, 0x27, 0x2e, 0x01, 0x27, 0x30, 0x22, 0x31, 0x30, 0x34,
  0x31, 0x30, 0x06, 0x17, 0x1c, 0x01, 0x15, 0x0e, 0x01, 0x07, 0x0e, 0x01,
  0x07, 0x30, 0x36, 0x37, 0x0e, 0x01, 0x17, 0x30, 0x36, 0x37, 0x1e, 0x01,
  0x17, 0x16, 0x17, 0x1e, 0x01, 0x17, 0x16, 0x17, 0x16, 0x32, 0x37, 0x3a,
  0x01, 0x33, 0x3e, 0x01, 0x37, 0x36, 0x37, 0x3e, 0x01, 0x27, 0x34, 0x31,
  0x03, 0xff, 0x0c, 0x16, 0x10, 0x18, 0x16, 0x10, 0x01, 0x3e, 0x4b, 0x53,
  0x5a, 0x05, 0x01, 0x01, 0x01, 0x01, 0x01, 0x01, 0x7f, 0x10, 0x40, 0x27,
  0x01, 0x1e, 0x1e, 0x4f, 0x26, 0x26, 0x0f, 0x1c, 0x13, 0x0d, 0x05, 0x0c,
  0x01, 0x0b, 0x18, 0x08, 0x16, 0x26, 0x03, 0x1d, 0x13, 0x35, 0x39, 0x38,
  0x68, 0x2c, 0x2c, 0x1d, 0x1d, 0x5c, 0x18, 0x01, 0x1a, 0x23, 0x0e, 0x0e,
  0x0e, 0x0b, 0x0b, 0x34, 0x24, 0x19, 0x43, 0x30, 0x25, 0x11, 0x01, 0x01,
  0x02, 0x02, 0x04, 0x15, 0x07, 0x0d, 0x15, 0x0b, 0x01, 0x01, 0x01, 0x01,
  0x04, 0x02, 0x01, 0x0f, 0x0a, 0x09, 0x15, 0x08, 0x08, 0x0a, 0x02, 0x01,
  0x01, 0x05, 0x09, 0x02, 0x01, 0x01, 0x0e, 0x14, 0x09, 0x16, 0x0e, 0x19,
  0x1c, 0x04, 0x06, 0x22, 0x1d, 0x01, 0x01, 0x05, 0x6b, 0x21, 0x1e, 0x34,
  0x17, 0x04, 0x0b, 0x06, 0x0f, 0x22, 0x01, 0x01, 0x3a, 0x07, 0x0d, 0x0c,
  0x01, 0x0b, 0x15, 0x09, 0x0d, 0x0c, 0x09, 0x0b, 0x04, 0x03, 0x04, 0x03,
  0x1f, 0x23, 0x21, 0x2a, 0x2a, 0x60, 0x35, 0x36, 0x38, 0x14, 0x29, 0x15,
  0x02, 0x03, 0x02, 0x18, 0x2e, 0x18, 0x9f, 0x4f, 0x4f, 0x3f, 0x01, 0x02,
  0x72, 0x4c, 0x9a, 0x27, 0x3d, 0x13, 0x28, 0x2b, 0x6f, 0x19, 0x1b, 0x01,
  0x02, 0x01, 0x1c, 0x16, 0x04, 0x0b, 0x07, 0x07, 0x2d, 0x2a, 0x2b, 0x48,
  0x2e, 0x06, 0x27, 0x7c, 0x25, 0x05, 0x24, 0x0b, 0x38, 0x8f, 0x18, 0x02,
  0x6a, 0x22, 0x52, 0x1a, 0x19, 0x0d, 0x1a, 0x19, 0x14, 0x07, 0x0e, 0x12,
  0x13, 0x16, 0x03, 0x03, 0x16, 0x0d, 0x0c, 0x18, 0x09, 0x07, 0x1e, 0x1d,
  0x15, 0x24, 0x0d, 0x04, 0x09, 0x04, 0x0b, 0x0a, 0x03, 0x02, 0x08, 0x05,
  0x03, 0x0a, 0x05, 0x02, 0x0c, 0x08, 0x08, 0x0f, 0x08, 0x04, 0x0c, 0x08,
  0x06, 0x0d, 0x05, 0x05, 0x06, 0x01, 0x01, 0x01, 0x01, 0x03, 0x0d, 0x0d,
  0x01, 0x01, 0x01, 0x01, 0x01, 0x01, 0x01, 0x03, 0x01, 0x01, 0x01, 0x01,
  0x01, 0x03, 0x03, 0x01, 0x01, 0x24, 0x0a, 0x21, 0x30, 0x10, 0x01, 0x04,
  0x12, 0x2b, 0x08, 0x06, 0x01, 0x01, 0x01, 0x0e, 0x2f, 0x1e, 0x01, 0x4e,
  0x60, 0x01, 0x03, 0x02, 0x10, 0x1a, 0x03, 0x16, 0x45, 0x33, 0x23, 0x16,
  0x1c, 0x5b, 0x43, 0x1b, 0x15, 0x29, 0x66, 0x3b, 0x3a, 0x2b, 0x2c, 0x3c,
  0x11, 0x11, 0x04, 0x02, 0x02, 0x02, 0x07, 0x06, 0x26, 0x65, 0x65, 0xd4,
  0x52, 0x52, 0x00, 0x00, 0x00, 0x04, 0x00, 0x00, 0xff, 0xc0, 0x03, 0xcd,
  0x03, 0xc0, 0x00, 0x41, 0x00, 0x49, 0x00, 0x53, 0x00, 0x5c, 0x00, 0x00,
  0x01, 0x33, 0x3e, 0x01, 0x35, 0x34, 0x26, 0x27, 0x36, 0x26, 0x27, 0x26,
  0x27, 0x26, 0x06, 0x07, 0x06, 0x07, 0x22, 0x26, 0x23, 0x22, 0x07, 0x0e,
  0x01, 0x07, 0x06, 0x07, 0x3e, 0x01, 0x37, 0x0e, 0x01, 0x07, 0x06, 0x07,
  0x0e, 0x01, 0x17, 0x16, 0x17, 0x16, 0x36, 0x37, 0x1e, 0x01, 0x33, 0x32,
  0x37, 0x3e, 0x01, 0x37, 0x36, 0x37, 0x23, 0x0e, 0x01, 0x23, 0x22, 0x26,
  0x27, 0x2e, 0x01, 0x3d, 0x01, 0x21, 0x25, 0x3e, 0x01, 0x33, 0x32, 0x16,
  0x17, 0x21, 0x01, 0x16, 0x14, 0x07, 0x2e, 0x01, 0x27, 0x3e, 0x01, 0x17,
  0x01, 0x26, 0x36, 0x37, 0x1e, 0x01, 0x17, 0x0e, 0x01, 0x02, 0xde, 0xec,
  0x02, 0x01, 0x1f, 0x1c, 0x1d, 0x05, 0x27, 0x12, 0x22, 0x21, 0x57, 0x34,
  0x34, 0x38, 0x09, 0x10, 0x09, 0x4d, 0x46, 0x45, 0x71, 0x28, 0x28, 0x12,
  0x31, 0x6b, 0x44, 0x06, 0x35, 0x06, 0x5a, 0x3b, 0x3b, 0x3a, 0x01, 0x01,
  0x1e, 0x2f, 0x9f, 0x61, 0x2d, 0x64, 0x36, 0x48, 0x42, 0x42, 0x6d, 0x28,
  0x29, 0x16, 0xee, 0x18, 0x5b, 0x37, 0x37, 0x5b, 0x18, 0x0b, 0x0c, 0x01,
  0x82, 0xfe, 0x7e, 0x04, 0x6b, 0x4a, 0x4a, 0x6b, 0x04, 0xfe, 0x8e, 0x02,
  0x25, 0x19, 0x15, 0x25, 0x69, 0x3f, 0x44, 0x69, 0x1c, 0xfc, 0xdc, 0x20,
  0x10, 0x2a, 0x19, 0x61, 0x41, 0x48, 0x6f, 0x01, 0x4b, 0x0c, 0x1a, 0x0c,
  0x3d, 0x6f, 0x31, 0x4d, 0x7f, 0x27, 0x13, 0x07, 0x08, 0x06, 0x0e, 0x0e,
  0x19, 0x01, 0x19, 0x19, 0x59, 0x3d, 0x3d, 0x48, 0x3e, 0x5c, 0x21, 0x06,
  0x34, 0x06, 0x5a, 0x63, 0x62, 0xb2, 0x45, 0x45, 0x1f, 0x2e, 0x0b, 0x2f,
  0x17, 0x19, 0x16, 0x17, 0x4f, 0x36, 0x37, 0x41, 0x2d, 0x39, 0x39, 0x2d,
  0x14, 0x2f, 0x18, 0x01, 0x74, 0x49, 0x66, 0x66, 0x49, 0x01, 0x5d, 0x19,
  0x5a, 0x3b, 0x38, 0x57, 0x19, 0x1d, 0x05, 0x1c, 0xfc, 0xdd, 0x20, 0x7f,
  0x52, 0x49, 0x76, 0x27, 0x20, 0x09, 0x00, 0x00, 0x00, 0x01, 0x00, 0x00,
  0xff, 0xc0, 0x03, 0xc0, 0x03, 0xc0, 0x00, 0x43, 0x00, 0x00, 0x13, 0x36,
  0x37, 0x3e, 0x01, 0x37, 0x36, 0x37, 0x16, 0x17, 0x1e, 0x01, 0x17, 0x16,
  0x17, 0x1e, 0x01, 0x17, 0x15, 0x21, 0x16, 0x17, 0x1e, 0x01, 0x37, 0x36,
  0x37, 0x15, 0x06, 0x07, 0x0e, 0x01, 0x27, 0x26, 0x27, 0x26, 0x27, 0x2e,
  0x01, 0x27, 0x26, 0x35, 0x26, 0x37, 0x3e, 0x01, 0x37, 0x36, 0x37, 0x0e,
  0x01, 0x07, 0x21, 0x30, 0x27, 0x34, 0x26, 0x27, 0x26, 0x23, 0x06, 0x07,
  0x0e, 0x01, 0x07, 0x06, 0x07, 0x31, 0x0f, 0x0c, 0x24, 0x23, 0x79, 0x54,
  0x55, 0x6d, 0x41, 0x3b, 0x3c, 0x67, 0x2a, 0x2b, 0x20, 0x20, 0x19, 0x02,
  0xfd, 0x7d, 0x02, 0x3f, 0x40, 0xb1, 0x5e, 0x5f, 0x3e, 0x25, 0x39, 0x39,
  0x85, 0x47, 0x47, 0x40, 0x37, 0x2e, 0x2e, 0x42, 0x13, 0x12, 0x02, 0x11,
  0x11, 0x42, 0x2f, 0x2f, 0x3a, 0x19, 0x24, 0x0a, 0x01, 0x6b, 0x01, 0x22,
  0x2b, 0x2b, 0x55, 0x50, 0x45, 0x45, 0x72, 0x2d, 0x2d, 0x21, 0x01, 0xf9,
  0x59, 0x52, 0x52, 0x7d, 0x26, 0x26, 0x01, 0x01, 0x10, 0x0f, 0x3b, 0x2b,
  0x2b, 0x39, 0x3b, 0x7d, 0x45, 0x6b, 0x63, 0x33, 0x33, 0x18, 0x15, 0x15,
  0x2c, 0xd8, 0x16, 0x13, 0x13, 0x12, 0x05, 0x04, 0x19, 0x15, 0x25, 0x26,
  0x5f, 0x36, 0x37, 0x37, 0x47, 0x3c, 0x3c, 0x60, 0x25, 0x26, 0x1b, 0x1f,
  0x4a, 0x3a, 0x21, 0x22, 0x52, 0x22, 0x21, 0x02, 0x17, 0x17, 0x48, 0x2d,
  0x2e, 0x30, 0x00, 0x00, 0x00, 0x3c, 0x00, 0x00, 0xff, 0xc0, 0x04, 0x00,
  0x03, 0xc0, 0x00, 0x1b, 0x00, 0x1f, 0x00, 0x23, 0x00, 0x27, 0x00, 0x2b,
  0x00, 0x2f, 0x00, 0x33, 0x00, 0x37, 0x00, 0x3b, 0x00, 0x3f, 0x00, 0x43,
  0x00, 0x47, 0x00, 0x4b, 0x00, 0x4f, 0x00, 0x53, 0x00, 0xb5, 0x00, 0xb9,
  0x00, 0xbd, 0x00, 0xc1, 0x00, 0xc5, 0x00, 0xc9, 0x00, 0xcd, 0x00, 0xd1,
  0x00, 0xd5, 0x00, 0xd9, 0x01, 0x3b, 0x01, 0x3f, 0x01, 0x43, 0x01, 0x47,
  0x01, 0x4b, 0x01, 0x4f, 0x01, 0x53, 0x01, 0x58, 0x01, 0x5c, 0x01, 0x60,
  0x01, 0x64, 0x01, 0x69, 0x01, 0x6d, 0x01, 0x72, 0x01, 0x76, 0x01, 0x7a,
  0x01, 0x7e, 0x01, 0x83, 0x01, 0x87, 0x01, 0x8c, 0x01, 0x90, 0x01, 0x95,
  0x01, 0x99, 0x01, 0x9e, 0x01, 0xa2, 0x01, 0xa6, 0x01, 0xaa, 0x01, 0xae,
  0x01, 0xb2, 0x01, 0xb6, 0x01, 0xba, 0x01, 0xbe, 0x01, 0xc2, 0x01, 0xc6,
  0x01, 0xcb, 0x00, 0x00, 0x01, 0x22, 0x07, 0x0e, 0x01, 0x07, 0x06, 0x15,
  0x14, 0x17, 0x1e, 0x01, 0x17, 0x16, 0x33, 0x32, 0x37, 0x3e, 0x01, 0x37,
  0x36, 0x35, 0x34, 0x27, 0x2e, 0x01, 0x27, 0x26, 0x01, 0x27, 0x16, 0x14,
  0x2f, 0x01, 0x1e, 0x01, 0x2f, 0x01, 0x1e, 0x01, 0x2f, 0x01, 0x1e, 0x01,
  0x2f, 0x01, 0x1e, 0x01, 0x2f, 0x01, 0x3a, 0x01, 0x23, 0x07, 0x36, 0x32,
  0x0f, 0x01, 0x3e, 0x01, 0x0f, 0x01, 0x3e, 0x01, 0x0f, 0x01, 0x3e, 0x01,
  0x0f, 0x01, 0x3e, 0x01, 0x0f, 0x01, 0x3c, 0x01, 0x15, 0x17, 0x26, 0x34,
  0x1f, 0x01, 0x2e, 0x01, 0x17, 0x37, 0x27, 0x07, 0x2e, 0x01, 0x27, 0x37,
  0x27, 0x07, 0x2e, 0x01, 0x35, 0x33, 0x35, 0x23, 0x34, 0x36, 0x37, 0x17,
  0x37, 0x27, 0x3e, 0x01, 0x37, 0x17, 0x37, 0x27, 0x3e, 0x01, 0x37, 0x17,
  0x37, 0x27, 0x3e, 0x01, 0x37, 0x17, 0x37, 0x27, 0x3e, 0x01, 0x37, 0x17,
  0x37, 0x27, 0x3e, 0x01, 0x37, 0x17, 0x37, 0x27, 0x3e, 0x01, 0x37, 0x17,
  0x37, 0x27, 0x32, 0x36, 0x33, 0x15, 0x33, 0x35, 0x32, 0x16, 0x33, 0x07,
  0x17, 0x37, 0x1e, 0x01, 0x17, 0x07, 0x17, 0x37, 0x1e, 0x01, 0x17, 0x07,
  0x17, 0x37, 0x1e, 0x01, 0x17, 0x07, 0x05, 0x03, 0x07, 0x2e, 0x01, 0x27,
  0x37, 0x27, 0x07, 0x2e, 0x01, 0x27, 0x17, 0x2e, 0x01, 0x27, 0x1f, 0x01,
  0x2e, 0x01, 0x1f, 0x01, 0x2e, 0x01, 0x1f, 0x01, 0x2a, 0x01, 0x33, 0x37,
  0x06, 0x22, 0x3f, 0x01, 0x0e, 0x01, 0x3f, 0x01, 0x0e, 0x01, 0x3f, 0x01,
  0x14, 0x30, 0x3f, 0x01, 0x0e, 0x01, 0x37, 0x27, 0x07, 0x17, 0x0e, 0x01,
  0x07, 0x27, 0x07, 0x17, 0x0e, 0x01, 0x07, 0x27, 0x07, 0x17, 0x0e, 0x01,
  0x07, 0x27, 0x07, 0x17, 0x0e, 0x01, 0x07, 0x27, 0x07, 0x17, 0x22, 0x06,
  0x23, 0x35, 0x23, 0x15, 0x22, 0x26, 0x23, 0x37, 0x27, 0x07, 0x2e, 0x01,
  0x27, 0x37, 0x27, 0x07, 0x2e, 0x01, 0x27, 0x37, 0x27, 0x07, 0x2e, 0x01,
  0x27, 0x37, 0x25, 0x13, 0x37, 0x1e, 0x01, 0x17, 0x07, 0x17, 0x37, 0x1e,
  0x01, 0x17, 0x07, 0x17, 0x37, 0x1e, 0x01, 0x17, 0x07, 0x17, 0x37, 0x14,
  0x16, 0x15, 0x23, 0x15, 0x33, 0x14, 0x06, 0x15, 0x27, 0x07, 0x17, 0x0e,
  0x01, 0x07, 0x27, 0x07, 0x17, 0x0e, 0x01, 0x07, 0x37, 0x1c, 0x01, 0x07,
  0x07, 0x0e, 0x01, 0x07, 0x01, 0x17, 0x07, 0x27, 0x13, 0x27, 0x37, 0x17,
  0x03, 0x17, 0x07, 0x27, 0x01, 0x27, 0x37, 0x17, 0x01, 0x17, 0x07, 0x27,
  0x37, 0x01, 0x27, 0x37, 0x17, 0x01, 0x37, 0x17, 0x07, 0x01, 0x07, 0x27,
  0x37, 0x01, 0x17, 0x07, 0x27, 0x37, 0x01, 0x27, 0x37, 0x17, 0x01, 0x27,
  0x37, 0x17, 0x07, 0x05, 0x17, 0x07, 0x27, 0x01, 0x17, 0x07, 0x27, 0x01,
  0x27, 0x37, 0x17, 0x25, 0x17, 0x07, 0x27, 0x37, 0x05, 0x27, 0x37, 0x17,
  0x21, 0x37, 0x17, 0x07, 0x27, 0x25, 0x07, 0x27, 0x37, 0x05, 0x37, 0x17,
  0x07, 0x27, 0x25, 0x07, 0x27, 0x37, 0x01, 0x27, 0x37, 0x17, 0x07, 0x01,
  0x17, 0x07, 0x27, 0x01, 0x27, 0x37, 0x17, 0x01, 0x17, 0x07, 0x27, 0x01,
  0x27, 0x37, 0x17, 0x01, 0x17, 0x07, 0x27, 0x01, 0x37, 0x17, 0x07, 0x01,
  0x07, 0x27, 0x37, 0x01, 0x27, 0x37, 0x17, 0x13, 0x17, 0x07, 0x27, 0x03,
  0x27, 0x37, 0x17, 0x13, 0x17, 0x07, 0x27, 0x37, 0x02, 0x00, 0x6a, 0x5d,
  0x5e, 0x8b, 0x28, 0x28, 0x28, 0x28, 0x8b, 0x5e, 0x5d, 0x6a, 0x6a, 0x5d,
  0x5e, 0x8b, 0x28, 0x28, 0x28, 0x28, 0x8b, 0x5e, 0x5d, 0x01, 0x54, 0x01,
  0x01, 0x46, 0x07, 0x02, 0x04, 0x1a, 0x05, 0x01, 0x03, 0x3d, 0x06, 0x02,
  0x02, 0x1f, 0x0b, 0x03, 0x05, 0xc9, 0x0b, 0x03, 0x05, 0x56, 0x0b, 0x03,
  0x05, 0xc9, 0x0b, 0x03, 0x05, 0x23, 0x06, 0x02, 0x02, 0x3d, 0x05, 0x01,
  0x03, 0x18, 0x07, 0x01, 0x04, 0x4a, 0x01, 0x01, 0x01, 0x46, 0x07, 0x02,
  0x04, 0x07, 0x50, 0x09, 0x50, 0x1b, 0x23, 0x06, 0x30, 0x02, 0x2f, 0x01,
  0x01, 0x60, 0x60, 0x01, 0x01, 0x2f, 0x02, 0x30, 0x06, 0x23, 0x1b, 0x50,
  0x09, 0x50, 0x04, 0x08, 0x05, 0x25, 0x0a, 0x25, 0x04, 0x0a, 0x05, 0x43,
  0x0c, 0x44, 0x05, 0x0a, 0x06, 0x1e, 0x0c, 0x1e, 0x06, 0x0b, 0x05, 0x36,
  0x0d, 0x35, 0x2a, 0x60, 0x34, 0x05, 0x10, 0x05, 0x07, 0x0e, 0x07, 0x10,
  0x07, 0x0e, 0x07, 0x04, 0x10, 0x04, 0x34, 0x60, 0x2b, 0x36, 0x0e, 0x35,
  0x06, 0x0b, 0x05, 0x1e, 0x0c, 0x1f, 0x05, 0x0a, 0x06, 0x1a, 0xfe, 0xa2,
  0xe9, 0x19, 0x05, 0x0a, 0x04, 0x25, 0x0a, 0x25, 0x05, 0x08, 0x04, 0x18,
  0x01, 0x03, 0x01, 0x3e, 0x06, 0x02, 0x02, 0x1f, 0x0b, 0x03, 0x05, 0xc9,
  0x0b, 0x03, 0x05, 0x56, 0x0b, 0x03, 0x05, 0xc9, 0x0b, 0x03, 0x05, 0x23,
  0x06, 0x02, 0x02, 0x21, 0x01, 0x1b, 0x05, 0x01, 0x03, 0x06, 0x25, 0x0a,
  0x25, 0x04, 0x0a, 0x05, 0x43, 0x0c, 0x44, 0x05, 0x0a, 0x06, 0x1e, 0x0c,
  0x1e, 0x06, 0x0b, 0x05, 0x36, 0x0d, 0x35, 0x2a, 0x60, 0x34, 0x05, 0x10,
  0x05, 0x07, 0x0e, 0x07, 0x10, 0x07, 0x0e, 0x07, 0x04, 0x10, 0x04, 0x34,
  0x60, 0x2b, 0x36, 0x0e, 0x35, 0x05, 0x0c, 0x05, 0x1e, 0x0c, 0x1e, 0x06,
  0x0a, 0x05, 0x19, 0x01, 0x5e, 0xe9, 0x19, 0x05, 0x0a, 0x04, 0x25, 0x0a,
  0x25, 0x05, 0x08, 0x04, 0x50, 0x09, 0x50, 0x1b, 0x23, 0x06, 0x30, 0x02,
  0x30, 0x01, 0x60, 0x60, 0x01, 0x30, 0x02, 0x30, 0x06, 0x23, 0x1b, 0x50,
  0x09, 0x50, 0x04, 0x08, 0x05, 0x5f, 0x01, 0x45, 0x01, 0x04, 0x02, 0xfe,
  0x40, 0x12, 0x0f, 0x13, 0xaf, 0x13, 0x10, 0x12, 0xd9, 0x0e, 0x10, 0x0e,
  0x01, 0x04, 0x0e, 0x10, 0x0e, 0xfe, 0xd2, 0x25, 0x0f, 0x25, 0x0f, 0x01,
  0x48, 0x25, 0x0f, 0x25, 0xfe, 0x73, 0x0e, 0x16, 0x0e, 0x01, 0x9e, 0x0e,
  0x17, 0x0e, 0xfd, 0xb6, 0x2a, 0x08, 0x2a, 0x08, 0x03, 0x0e, 0x2a, 0x07,
  0x2b, 0xfd, 0x29, 0x59, 0x06, 0x59, 0x06, 0x02, 0x90, 0x59, 0x06, 0x59,
  0xfd, 0x14, 0x2d, 0x04, 0x2e, 0x03, 0x59, 0x2e, 0x05, 0x2e, 0xfc, 0x9b,
  0x5e, 0x03, 0x5e, 0x03, 0x03, 0x6c, 0x5e, 0x03, 0x5e, 0xfc, 0x8e, 0x5e,
  0x03, 0x5e, 0x03, 0x03, 0x72, 0x5e, 0x03, 0x5e, 0xfc, 0x9b, 0x2e, 0x05,
  0x2e, 0x05, 0x03, 0x5e, 0x2e, 0x05, 0x2e, 0xfc, 0xbb, 0x06, 0x59, 0x06,
  0x59, 0x03, 0x36, 0x06, 0x59, 0x06, 0xfd, 0x37, 0x08, 0x2b, 0x07, 0x02,
  0xe4, 0x08, 0x2a, 0x08, 0xfd, 0xd7, 0x0e, 0x16, 0x0f, 0x01, 0x81, 0x0e,
  0x16, 0x0f, 0xfe, 0x98, 0x25, 0x0f, 0x25, 0x01, 0x57, 0x25, 0x0f, 0x25,
  0xfe, 0xe2, 0x10, 0x0e, 0x10, 0xe6, 0x10, 0x0e, 0x10, 0xbc, 0x0f, 0x13,
  0x0f, 0x8d, 0x0f, 0x13, 0x0f, 0x13, 0x03, 0xc0, 0x28, 0x28, 0x8b, 0x5e,
  0x5d, 0x6a, 0x6a, 0x5d, 0x5e, 0x8b, 0x28, 0x28, 0x28, 0x28, 0x8b, 0x5e,
  0x5d, 0x6a, 0x6a, 0x5d, 0x5e, 0x8b, 0x28, 0x28, 0xfe, 0x27, 0x0b, 0x03,
  0x05, 0xc9, 0x0b, 0x03, 0x05, 0x23, 0x06, 0x02, 0x02, 0x3d, 0x05, 0x01,
  0x03, 0x18, 0x07, 0x01, 0x04, 0x4a, 0x01, 0x01, 0x01, 0x46, 0x07, 0x02,
  0x04, 0x1a, 0x05, 0x01, 0x03, 0x3d, 0x06, 0x02, 0x02, 0x1f, 0x0b, 0x03,
  0x05, 0xc9, 0x0b, 0x03, 0x05, 0x56, 0x0b, 0x03, 0x05, 0xc9, 0x0b, 0x03,
  0x05, 0x0a, 0x36, 0x0d, 0x35, 0x2a, 0x60, 0x34, 0x05, 0x10, 0x05, 0x07,
  0x0e, 0x07, 0x10, 0x07, 0x0e, 0x07, 0x04, 0x10, 0x04, 0x34, 0x60, 0x2b,
  0x36, 0x0e, 0x35, 0x05, 0x0c, 0x05, 0x1e, 0x0c, 0x1e, 0x06, 0x0a, 0x05,
  0x44, 0x0c, 0x44, 0x04, 0x0a, 0x04, 0x25, 0x0a, 0x25, 0x05, 0x08, 0x04,
  0x50, 0x09, 0x50, 0x1b, 0x23, 0x06, 0x30, 0x02, 0x30, 0x01, 0x60, 0x60,
  0x01, 0x30, 0x02, 0x30, 0x06, 0x23, 0x1b, 0x50, 0x09, 0x50, 0x04, 0x08,
  0x05, 0x25, 0x0a, 0x25, 0x04, 0x0a, 0x05, 0x19, 0xe9, 0xfe, 0xa2, 0x19,
  0x05, 0x0a, 0x06, 0x1e, 0x0c, 0x1e, 0x05, 0x0c, 0x05, 0x1f, 0x02, 0x02,
  0x02, 0x3f, 0x05, 0x01, 0x03, 0x18, 0x07, 0x01, 0x04, 0x4a, 0x01, 0x01,
  0x01, 0x46, 0x07, 0x02, 0x04, 0x1a, 0x05, 0x01, 0x03, 0x1f, 0x01, 0x01,
  0x1e, 0x06, 0x02, 0x02, 0x07, 0x1e, 0x0c, 0x1e, 0x06, 0x0a, 0x05, 0x44,
  0x0c, 0x44, 0x04, 0x0a, 0x04, 0x25, 0x0a, 0x25, 0x05, 0x08, 0x04, 0x50,
  0x09, 0x50, 0x1b, 0x23, 0x06, 0x30, 0x02, 0x30, 0x01, 0x60, 0x60, 0x01,
  0x30, 0x02, 0x30, 0x06, 0x23, 0x1b, 0x50, 0x09, 0x50, 0x04, 0x08, 0x05,
  0x25, 0x0a, 0x25, 0x04, 0x0a, 0x05, 0x19, 0xe9, 0x01, 0x5e, 0x19, 0x05,
  0x0a, 0x06, 0x1e, 0x0c, 0x1e, 0x06, 0x0b, 0x05, 0x36, 0x0d, 0x35, 0x2a,
  0x60, 0x34, 0x05, 0x10, 0x05, 0x07, 0x0e, 0x07, 0x10, 0x07, 0x0e, 0x07,
  0x04, 0x10, 0x04, 0x34, 0x60, 0x2b, 0x36, 0x0e, 0x35, 0x05, 0x0b, 0x06,
  0xef, 0x03, 0x05, 0x03, 0xc1, 0x03, 0x05, 0x03, 0x02, 0xb7, 0x5e, 0x03,
  0x5e, 0xfc, 0x91, 0x5e, 0x03, 0x5e, 0x03, 0x65, 0x2e, 0x04, 0x2d, 0xfc,
  0xa7, 0x2e, 0x05, 0x2e, 0x03, 0x4b, 0x59, 0x06, 0x59, 0x06, 0xfc, 0xbe,
  0x59, 0x06, 0x59, 0x03, 0x22, 0x08, 0x2a, 0x08, 0xfd, 0x1c, 0x08, 0x2a,
  0x08, 0x02, 0x37, 0x16, 0x0f, 0x17, 0x0e, 0xfe, 0x4c, 0x16, 0x0f, 0x17,
  0x01, 0x4b, 0x25, 0x0f, 0x25, 0x0f, 0xfe, 0x25, 0x0f, 0x25, 0x01, 0x18,
  0x0e, 0x10, 0x0e, 0xfe, 0xfc, 0x0e, 0x10, 0x0e, 0xd9, 0x13, 0x0f, 0x13,
  0x0f, 0xbe, 0x12, 0x10, 0x13, 0x13, 0x10, 0x12, 0x0f, 0xa0, 0x13, 0x10,
  0x12, 0xda, 0x0e, 0x0f, 0x0e, 0x0f, 0xf5, 0x0e, 0x10, 0x0e, 0xfe, 0xc3,
  0x0f, 0x25, 0x0f, 0x25, 0x01, 0x66, 0x0f, 0x25, 0x0f, 0xfe, 0x98, 0x0e,
  0x16, 0x0e, 0x01, 0x9e, 0x0e, 0x17, 0x0f, 0xfd, 0xad, 0x08, 0x2a, 0x08,
  0x02, 0xf4, 0x08, 0x2a, 0x08, 0xfd, 0x00, 0x59, 0x06, 0x59, 0x03, 0x3c,
  0x59, 0x06, 0x59, 0xfc, 0xb0, 0x05, 0x2e, 0x05, 0x03, 0x30, 0x05, 0x2d,
  0x04, 0xfc, 0xc6, 0x03, 0x5e, 0x03, 0x03, 0x14, 0x03, 0x5e, 0x03, 0x5e,
  0x00, 0x02, 0x00, 0x00, 0xff, 0xc0, 0x04, 0x00, 0x03, 0xc0, 0x00, 0x2d,
  0x00, 0x6d, 0x00, 0x00, 0x01, 0x39, 0x01, 0x14, 0x07, 0x0e, 0x01, 0x07,
  0x06, 0x07, 0x06, 0x07, 0x06, 0x26, 0x27, 0x26, 0x27, 0x36, 0x37, 0x3e,
  0x01, 0x37, 0x36, 0x35, 0x34, 0x27, 0x2e, 0x01, 0x27, 0x26, 0x27, 0x36,
  0x37, 0x3e, 0x01, 0x17, 0x16, 0x17, 0x16, 0x17, 0x1e, 0x01, 0x17, 0x16,
  0x15, 0x31, 0x01, 0x0e, 0x01, 0x07, 0x30, 0x14, 0x31, 0x1e, 0x01, 0x17,
  0x16, 0x17, 0x1e, 0x01, 0x17, 0x16, 0x33, 0x32, 0x36, 0x37, 0x06, 0x07,
  0x0e, 0x01, 0x07, 0x06, 0x23, 0x2a, 0x01, 0x27, 0x26, 0x27, 0x2e, 0x01,
  0x27, 0x26, 0x35, 0x34, 0x37, 0x3e, 0x01, 0x37, 0x36, 0x33, 0x30, 0x32,
  0x33, 0x32, 0x17, 0x1e, 0x01, 0x17, 0x16, 0x17, 0x2e, 0x01, 0x23, 0x22,
  0x07, 0x0e, 0x01, 0x07, 0x06, 0x07, 0x04, 0x00, 0x0c, 0x0c, 0x2c, 0x20,
  0x1f, 0x28, 0x31, 0x2f, 0x2e, 0x4e, 0x1d, 0x1e, 0x0f, 0x30, 0x2a, 0x29,
  0x3d, 0x11, 0x11, 0x11, 0x11, 0x3d, 0x29, 0x2a, 0x30, 0x0f, 0x1e, 0x1d,
  0x4e, 0x2f, 0x2e, 0x31, 0x27, 0x20, 0x20, 0x2c, 0x0c, 0x0c, 0xfd, 0x57,
  0x2a, 0x33, 0x02, 0x02, 0x33, 0x2b, 0x1b, 0x22, 0x22, 0x4d, 0x2b, 0x2b,
  0x2e, 0x38, 0x68, 0x2d, 0x22, 0x27, 0x27, 0x56, 0x2f, 0x2f, 0x31, 0x06,
  0x0c, 0x06, 0x66, 0x59, 0x59, 0x84, 0x26, 0x26, 0x28, 0x28, 0x8b, 0x5e,
  0x5d, 0x6a, 0x01, 0x01, 0x31, 0x2e, 0x2f, 0x56, 0x27, 0x27, 0x21, 0x2d,
  0x68, 0x38, 0x2e, 0x2b, 0x2b, 0x4d, 0x22, 0x22, 0x1c, 0x01, 0xc0, 0x39,
  0x35, 0x36, 0x61, 0x2b, 0x2b, 0x23, 0x18, 0x05, 0x06, 0x0a, 0x0c, 0x0c,
  0x0a, 0x0b, 0x21, 0x21, 0x63, 0x3f, 0x3f, 0x47, 0x47, 0x3f, 0x3f, 0x63,
  0x21, 0x21, 0x0b, 0x0a, 0x0c, 0x0c, 0x0a, 0x06, 0x05, 0x18, 0x23, 0x2b,
  0x2b, 0x61, 0x36, 0x35, 0x39, 0x01, 0x21, 0x32, 0x90, 0x53, 0x18, 0x53,
  0x90, 0x32, 0x23, 0x1d, 0x1d, 0x29, 0x0a, 0x0b, 0x20, 0x1e, 0x1e, 0x18,
  0x18, 0x22, 0x09, 0x09, 0x01, 0x04, 0x2a, 0x2a, 0x8a, 0x5b, 0x5b, 0x67,
  0x6a, 0x5d, 0x5e, 0x8b, 0x28, 0x28, 0x09, 0x09, 0x22, 0x18, 0x18, 0x1e,
  0x1d, 0x21, 0x0b, 0x0a, 0x29, 0x1d, 0x1d, 0x23, 0x00, 0x08, 0x00, 0x00,
  0xff, 0xc0, 0x03, 0xc0, 0x03, 0xc0, 0x00, 0x4b, 0x00, 0x55, 0x00, 0x62,
  0x00, 0x73, 0x00, 0x83, 0x00, 0x9e, 0x00, 0xa7, 0x00, 0xbf, 0x00, 0x00,
  0x01, 0x2e, 0x01, 0x27, 0x22, 0x06, 0x07, 0x2e, 0x01, 0x27, 0x2e, 0x01,
  0x27, 0x3e, 0x01, 0x37, 0x30, 0x36, 0x27, 0x34, 0x26, 0x2f, 0x01, 0x2e,
  0x01, 0x2b, 0x01, 0x22, 0x06, 0x07, 0x06, 0x16, 0x17, 0x07, 0x0e, 0x01,
  0x0f, 0x01, 0x0e, 0x01, 0x0f, 0x01, 0x22, 0x06, 0x07, 0x0e, 0x01, 0x07,
  0x06, 0x16, 0x1f, 0x01, 0x1e, 0x01, 0x33, 0x32, 0x36, 0x37, 0x3e, 0x01,
  0x37, 0x1e, 0x01, 0x33, 0x32, 0x36, 0x37, 0x3e, 0x01, 0x37, 0x3e, 0x01,
  0x27, 0x34, 0x26, 0x27, 0x05, 0x3e, 0x01, 0x37, 0x3e, 0x01, 0x37, 0x0e,
  0x01, 0x07, 0x01, 0x32, 0x16, 0x15, 0x16, 0x06, 0x07, 0x2e, 0x01, 0x35,
  0x30, 0x36, 0x33, 0x03, 0x3e, 0x01, 0x37, 0x3e, 0x01, 0x37, 0x1e, 0x01,
  0x17, 0x1e, 0x01, 0x17, 0x0e, 0x01, 0x07, 0x31, 0x25, 0x0e, 0x01, 0x23,
  0x22, 0x26, 0x27, 0x3e, 0x01, 0x33, 0x32, 0x16, 0x17, 0x1e, 0x01, 0x07,
  0x13, 0x2e, 0x01, 0x27, 0x2e, 0x01, 0x27, 0x2e, 0x01, 0x23, 0x21, 0x22,
  0x06, 0x15, 0x11, 0x14, 0x16, 0x33, 0x21, 0x32, 0x36, 0x35, 0x11, 0x34,
  0x26, 0x27, 0x31, 0x27, 0x1e, 0x01, 0x17, 0x23, 0x35, 0x1e, 0x01, 0x17,
  0x13, 0x14, 0x06, 0x23, 0x21, 0x22, 0x26, 0x35, 0x11, 0x34, 0x36, 0x33,
  0x30, 0x33, 0x3a, 0x01, 0x33, 0x32, 0x31, 0x15, 0x14, 0x16, 0x3b, 0x01,
  0x03, 0x4a, 0x0a, 0x2d, 0x23, 0x17, 0x38, 0x1d, 0x0d, 0x1b, 0x0a, 0x1d,
  0x2f, 0x0f, 0x01, 0x02, 0x01, 0x14, 0x05, 0x01, 0x01, 0x02, 0x05, 0x11,
  0x0e, 0x0b, 0x0f, 0x16, 0x04, 0x0a, 0x11, 0x12, 0x06, 0x0d, 0x1f, 0x0f,
  0x03, 0x0f, 0x1c, 0x0c, 0x12, 0x01, 0x20, 0x05, 0x2c, 0x38, 0x05, 0x01,
  0x03, 0x08, 0x11, 0x05, 0x0c, 0x06, 0x1f, 0x4d, 0x32, 0x3b, 0x80, 0x3a,
  0x2c, 0x64, 0x22, 0x06, 0x0b, 0x04, 0x07, 0x0a, 0x04, 0x06, 0x04, 0x02,
  0x06, 0x04, 0xfd, 0x8a, 0x05, 0x2c, 0x22, 0x02, 0x09, 0x05, 0x23, 0x31,
  0x0f, 0x01, 0x0a, 0x0b, 0x0b, 0x01, 0x0a, 0x07, 0x06, 0x05, 0x01, 0x04,
  0x4f, 0x07, 0x0f, 0x07, 0x13, 0x18, 0x09, 0x11, 0x2a, 0x1a, 0x03, 0x06,
  0x04, 0x33, 0x59, 0x27, 0x01, 0xae, 0x03, 0x0f, 0x06, 0x12, 0x30, 0x20,
  0x0c, 0x17, 0x0a, 0x13, 0x13, 0x13, 0x12, 0x05, 0x03, 0x59, 0x11, 0x2d,
  0x19, 0x1a, 0x33, 0x17, 0x27, 0x29, 0x0b, 0xfe, 0x10, 0x21, 0x2f, 0x2f,
  0x21, 0x02, 0xe0, 0x21, 0x2f, 0x0e, 0x1c, 0x85, 0x17, 0x25, 0x0d, 0x9a,
  0x11, 0x29, 0x17, 0x6f, 0x09, 0x07, 0xfd, 0x20, 0x07, 0x09, 0x09, 0x07,
  0x4d, 0x4e, 0xba, 0x4d, 0x4e, 0x13, 0x0d, 0xe0, 0x01, 0x73, 0x0a, 0x0a,
  0x01, 0x04, 0x04, 0x07, 0x11, 0x0a, 0x1b, 0x49, 0x29, 0x04, 0x07, 0x03,
  0x86, 0x1f, 0x04, 0x04, 0x04, 0x05, 0x0a, 0x11, 0x0e, 0x0c, 0x24, 0x6c,
  0x46, 0x10, 0x20, 0x3f, 0x1d, 0x05, 0x1e, 0x33, 0x16, 0x09, 0x11, 0x03,
  0x1b, 0x39, 0x18, 0x08, 0x11, 0x04, 0x09, 0x02, 0x03, 0x52, 0x58, 0x13,
  0x1f, 0x08, 0x19, 0x1f, 0x01, 0x01, 0x02, 0x07, 0x05, 0x0a, 0x1b, 0x0e,
  0x04, 0x0a, 0x04, 0xe1, 0x10, 0x38, 0x1c, 0x01, 0x09, 0x04, 0x38, 0x33,
  0x07, 0x02, 0x66, 0x2a, 0x18, 0x18, 0x23, 0x0c, 0x12, 0x34, 0x13, 0x30,
  0xfe, 0x4b, 0x0c, 0x1b, 0x0e, 0x23, 0x37, 0x17, 0x20, 0x35, 0x15, 0x03,
  0x05, 0x03, 0x0a, 0x19, 0x0e, 0x03, 0x02, 0x02, 0x10, 0x0e, 0x01, 0x01,
  0x02, 0x04, 0x05, 0x0f, 0x02, 0x01, 0x95, 0x17, 0x33, 0x1a, 0x19, 0x2d,
  0x11, 0x1c, 0x0e, 0x2f, 0x21, 0xfc, 0xa0, 0x21, 0x2f, 0x2f, 0x21, 0x02,
  0x70, 0x0b, 0x29, 0x27, 0x36, 0x17, 0x29, 0x11, 0x9a, 0x0d, 0x25, 0x17,
  0xfc, 0xff, 0x07, 0x09, 0x09, 0x07, 0x03, 0x60, 0x07, 0x09, 0xe0, 0x0d,
  0x13, 0x00, 0x00, 0x00, 0x00, 0x05, 0x00, 0x00, 0xff, 0xc0, 0x03, 0xc0,
  0x03, 0xc0, 0x00, 0x0d, 0x00, 0x27, 0x00, 0x42, 0x00, 0x4b, 0x00, 0x63,
  0x00, 0x00, 0x01, 0x2e, 0x01, 0x07, 0x36, 0x16, 0x17, 0x3e, 0x01, 0x17,
  0x26, 0x06, 0x07, 0x31, 0x07, 0x26, 0x06, 0x07, 0x26, 0x27, 0x26, 0x06,
  0x07, 0x06, 0x07, 0x3e, 0x01, 0x37, 0x36, 0x16, 0x17, 0x3e, 0x01, 0x37,
  0x3e, 0x01, 0x37, 0x2e, 0x01, 0x23, 0x13, 0x2e, 0x01, 0x27, 0x2e, 0x01,
  0x27, 0x2e, 0x01, 0x23, 0x21, 0x22, 0x06, 0x15, 0x11, 0x14, 0x16, 0x33,
  0x21, 0x32, 0x36, 0x35, 0x11, 0x34, 0x26, 0x27, 0x31, 0x27, 0x1e, 0x01,
  0x17, 0x23, 0x35, 0x1e, 0x01, 0x17, 0x13, 0x14, 0x06, 0x23, 0x21, 0x22,
  0x26, 0x35, 0x11, 0x34, 0x36, 0x33, 0x30, 0x33, 0x3a, 0x01, 0x33, 0x32,
  0x31, 0x15, 0x14, 0x16, 0x3b, 0x01, 0x02, 0xb2, 0x2d, 0x6b, 0x2b, 0x34,
  0x6a, 0x25, 0x24, 0x6a, 0x33, 0x2b, 0x69, 0x2d, 0x18, 0x34, 0x61, 0x2a,
  0x29, 0x2c, 0x2c, 0x58, 0x2a, 0x29, 0x22, 0x13, 0x27, 0x14, 0x47, 0x8f,
  0x36, 0x16, 0x3e, 0x24, 0x2f, 0x68, 0x34, 0x20, 0x4b, 0x25, 0xfc, 0x11,
  0x2d, 0x19, 0x1a, 0x33, 0x17, 0x27, 0x29, 0x0b, 0xfe, 0x10, 0x21, 0x2f,
  0x2f, 0x21, 0x02, 0xe0, 0x21, 0x2f, 0x0e, 0x1c, 0x85, 0x17, 0x25, 0x0d,
  0x9a, 0x11, 0x29, 0x17, 0x6f, 0x09, 0x07, 0xfd, 0x20, 0x07, 0x09, 0x09,
  0x07, 0x4d, 0x4e, 0xba, 0x4d, 0x4e, 0x13, 0x0d, 0xe0, 0x01, 0xe8, 0x16,
  0x03, 0x1f, 0x05, 0x17, 0x27, 0x29, 0x17, 0x04, 0x1c, 0x02, 0x17, 0x86,
  0x01, 0x21, 0x1c, 0x11, 0x07, 0x07, 0x09, 0x10, 0x10, 0x1d, 0x01, 0x07,
  0x03, 0x07, 0x26, 0x31, 0x21, 0x33, 0x10, 0x17, 0x0b, 0x01, 0x15, 0x0c,
  0x01, 0x79, 0x17, 0x33, 0x1a, 0x19, 0x2d, 0x11, 0x1c, 0x0e, 0x2f, 0x21,
  0xfc, 0xa0, 0x21, 0x2f, 0x2f, 0x21, 0x02, 0x70, 0x0b, 0x29, 0x27, 0x36,
  0x17, 0x29, 0x11, 0x9a, 0x0d, 0x25, 0x17, 0xfc, 0xff, 0x07, 0x09, 0x09,
  0x07, 0x03, 0x60, 0x07, 0x09, 0xe0, 0x0d, 0x13, 0x00, 0x04, 0x00, 0x00,
  0xff, 0xc0, 0x03, 0xc0, 0x03, 0xc0, 0x00, 0x0f, 0x00, 0x2a, 0x00, 0x33,
  0x00, 0x4b, 0x00, 0x00, 0x01, 0x33, 0x07, 0x03, 0x23, 0x0b, 0x01, 0x23,
  0x13, 0x33, 0x1b, 0x01, 0x33, 0x13, 0x23, 0x15, 0x25, 0x2e, 0x01, 0x27,
  0x2e, 0x01, 0x27, 0x2e, 0x01, 0x23, 0x21, 0x22, 0x06, 0x15, 0x11, 0x14,
  0x16, 0x33, 0x21, 0x32, 0x36, 0x35, 0x11, 0x34, 0x26, 0x27, 0x31, 0x27,
  0x1e, 0x01, 0x17, 0x23, 0x35, 0x1e, 0x01, 0x17, 0x13, 0x14, 0x06, 0x23,
  0x21, 0x22, 0x26, 0x35, 0x11, 0x34, 0x36, 0x33, 0x30, 0x33, 0x3a, 0x01,
  0x33, 0x32, 0x31, 0x15, 0x14, 0x16, 0x3b, 0x01, 0x02, 0x80, 0x2c, 0x33,
  0x42, 0x6b, 0x4d, 0x3a, 0x6f, 0x71, 0x6d, 0x4c, 0x44, 0x65, 0x81, 0xaa,
  0x01, 0x16, 0x11, 0x2d, 0x19, 0x1a, 0x33, 0x17, 0x27, 0x29, 0x0b, 0xfe,
  0x10, 0x21, 0x2f, 0x2f, 0x21, 0x02, 0xe0, 0x21, 0x2f, 0x0e, 0x1c, 0x85,
  0x17, 0x25, 0x0d, 0x9a, 0x11, 0x29, 0x17, 0x6f, 0x09, 0x07, 0xfd, 0x20,
  0x07, 0x09, 0x09, 0x07, 0x4d, 0x4e, 0xba, 0x4d, 0x4e, 0x13, 0x0d, 0xe0,
  0x01, 0xe4, 0xe2, 0x01, 0x3e, 0xfe, 0xc2, 0x01, 0x3e, 0xfe, 0x00, 0x01,
  0x2f, 0xfe, 0xd1, 0x02, 0x00, 0x5c, 0xf7, 0x17, 0x33, 0x1a, 0x19, 0x2d,
  0x11, 0x1c, 0x0e, 0x2f, 0x21, 0xfc, 0xa0, 0x21, 0x2f, 0x2f, 0x21, 0x02,
  0x70, 0x0b, 0x29, 0x27, 0x36, 0x17, 0x29, 0x11, 0x9a, 0x0d, 0x25, 0x17,
  0xfc, 0xff, 0x07, 0x09, 0x09, 0x07, 0x03, 0x60, 0x07, 0x09, 0xe0, 0x0d,
  0x13, 0x00, 0x00, 0x00, 0x00, 0x04, 0x00, 0x00, 0xff, 0xc0, 0x03, 0xc0,
  0x03, 0xc0, 0x00, 0x0e, 0x00, 0x29, 0x00, 0x32, 0x00, 0x4a, 0x00, 0x00,
  0x01, 0x23, 0x07, 0x27, 0x23, 0x17, 0x03, 0x33, 0x35, 0x23, 0x37, 0x17,
  0x33, 0x03, 0x37, 0x37, 0x2e, 0x01, 0x27, 0x2e, 0x01, 0x27, 0x2e, 0x01,
  0x23, 0x21, 0x22, 0x06, 0x15, 0x11, 0x14, 0x16, 0x33, 0x21, 0x32, 0x36,
  0x35, 0x11, 0x34, 0x26, 0x27, 0x31, 0x27, 0x1e, 0x01, 0x17, 0x23, 0x35,
  0x1e, 0x01, 0x17, 0x13, 0x14, 0x06, 0x23, 0x21, 0x22, 0x26, 0x35, 0x11,
  0x34, 0x36, 0x33, 0x30, 0x33, 0x3a, 0x01, 0x33, 0x32, 0x31, 0x15, 0x14,
  0x16, 0x3b, 0x01, 0x02, 0xe7, 0x87, 0x60, 0x60, 0x87, 0xa2, 0xb7, 0xfc,
  0x32, 0x32, 0x6f, 0x8d, 0xb7, 0xa2, 0xaf, 0x11, 0x2d, 0x19, 0x1a, 0x33,
  0x17, 0x27, 0x29, 0x0b, 0xfe, 0x10, 0x21, 0x2f, 0x2f, 0x21, 0x02, 0xe0,
  0x21, 0x2f, 0x0e, 0x1c, 0x85, 0x17, 0x25, 0x0d, 0x9a, 0x11, 0x29, 0x17,
  0x6f, 0x09, 0x07, 0xfd, 0x20, 0x07, 0x09, 0x09, 0x07, 0x4d, 0x4e, 0xba,
  0x4d, 0x4e, 0x13, 0x0d, 0xe0, 0x02, 0x40, 0x8d, 0x8d, 0xf2, 0xfe, 0xf2,
  0x5c, 0x4b, 0xa7, 0x01, 0x0e, 0xf2, 0x9b, 0x17, 0x33, 0x1a, 0x19, 0x2d,
  0x11, 0x1c, 0x0e, 0x2f, 0x21, 0xfc, 0xa0, 0x21, 0x2f, 0x2f, 0x21, 0x02,
  0x70, 0x0b, 0x29, 0x27, 0x36, 0x17, 0x29, 0x11, 0x9a, 0x0d, 0x25, 0x17,
  0xfc, 0xff, 0x07, 0x09, 0x09, 0x07, 0x03, 0x60, 0x07, 0x09, 0xe0, 0x0d,
  0x13, 0x00, 0x00, 0x00, 0x00, 0x03, 0x00, 0x00, 0xff, 0xc0, 0x03, 0x80,
  0x03, 0xc0, 0x00, 0x13, 0x00, 0x1e, 0x00, 0x2a, 0x00, 0x00, 0x01, 0x2e,
  0x01, 0x23, 0x21, 0x22, 0x06, 0x15, 0x11, 0x14, 0x16, 0x33, 0x21, 0x32,
  0x36, 0x35, 0x11, 0x34, 0x26, 0x27, 0x03, 0x21, 0x11, 0x21, 0x32, 0x16,
  0x17, 0x01, 0x1e, 0x01, 0x15, 0x13, 0x23, 0x22, 0x06, 0x1f, 0x01, 0x16,
  0x36, 0x3d, 0x01, 0x34, 0x26, 0x02, 0x17, 0x0a, 0x20, 0x0d, 0xfe, 0x80,
  0x0d, 0x13, 0x13, 0x0d, 0x03, 0x00, 0x0d, 0x13, 0x0d, 0x0a, 0x29, 0xfd,
  0x40, 0x01, 0x5f, 0x02, 0x07, 0x02, 0x01, 0x52, 0x01, 0x03, 0x20, 0xc0,
  0x0d, 0x06, 0x0a, 0xd2, 0x0a, 0x0d, 0x13, 0x03, 0xa9, 0x0a, 0x0d, 0x13,
  0x0d, 0xfc, 0x40, 0x0d, 0x13, 0x13, 0x0d, 0x02, 0x40, 0x0d, 0x20, 0x0a,
  0xfd, 0xa9, 0x03, 0x80, 0x03, 0x01, 0xfe, 0xae, 0x02, 0x07, 0x02, 0x01,
  0xa1, 0x0d, 0x0a, 0xd2, 0x0a, 0x06, 0x0d, 0xc0, 0x0d, 0x13, 0x00, 0x00,
  0x00, 0x02, 0x00, 0x00, 0xff, 0xc0, 0x03, 0xc3, 0x03, 0xc0, 0x00, 0x05,
  0x00, 0x17, 0x00, 0x00, 0x1b, 0x01, 0x05, 0x25, 0x13, 0x21, 0x01, 0x21,
  0x17, 0x21, 0x03, 0x07, 0x2f, 0x01, 0x33, 0x1f, 0x01, 0x33, 0x3f, 0x01,
  0x21, 0x03, 0x21, 0x07, 0x3d, 0x52, 0x01, 0x70, 0x01, 0x72, 0x52, 0xfc,
  0x7a, 0x02, 0xd4, 0xfe, 0x4f, 0x0a, 0x01, 0x9c, 0x1f, 0xe8, 0xe7, 0x10,
  0x72, 0x08, 0x7d, 0x01, 0x7e, 0x0d, 0xfe, 0x78, 0x1e, 0x02, 0x36, 0x0a,
  0x03, 0xc0, 0xfc, 0x66, 0x66, 0x67, 0x03, 0x99, 0xfe, 0xd3, 0x74, 0xfe,
  0xa5, 0x40, 0x40, 0xb1, 0x5a, 0x22, 0x22, 0x93, 0x01, 0x56, 0x71, 0x00,
  0x00, 0x03, 0x00, 0x00, 0xff, 0xc0, 0x03, 0xc3, 0x03, 0xc0, 0x00, 0x05,
  0x00, 0x0e, 0x00, 0x1e, 0x00, 0x00, 0x1b, 0x01, 0x05, 0x25, 0x13, 0x21,
  0x01, 0x05, 0x15, 0x27, 0x07, 0x35, 0x25, 0x03, 0x21, 0x03, 0x0f, 0x01,
  0x2f, 0x01, 0x23, 0x1f, 0x01, 0x37, 0x13, 0x21, 0x27, 0x21, 0x37, 0x21,
  0x13, 0x3d, 0x52, 0x01, 0x70, 0x01, 0x72, 0x52, 0xfc, 0x7a, 0x02, 0xee,
  0xfe, 0xd7, 0x01, 0x01, 0xfe, 0xd7, 0x46, 0x02, 0xe0, 0xe6, 0x0d, 0x7f,
  0x7d, 0x08, 0x72, 0x10, 0xe8, 0xe7, 0x1f, 0xfe, 0x64, 0x0a, 0x01, 0xb1,
  0x0a, 0xfd, 0xca, 0x1e, 0x03, 0xc0, 0xfc, 0x66, 0x66, 0x67, 0x03, 0x99,
  0xfc, 0xa1, 0x52, 0x01, 0x01, 0x01, 0x01, 0x52, 0x03, 0x14, 0xfe, 0x39,
  0x93, 0x22, 0x22, 0x5a, 0xb1, 0x40, 0x40, 0x01, 0x5b, 0x74, 0x71, 0xfe,
  0xaa, 0x00, 0x00, 0x00, 0x00, 0x01, 0x00, 0x00, 0xff, 0xc0, 0x04, 0x00,
  0x03, 0xc0, 0x00, 0x0f, 0x00, 0x00, 0x13, 0x07, 0x21, 0x07, 0x21, 0x07,
  0x21, 0x07, 0x05, 0x27, 0x37, 0x23, 0x07, 0x05, 0x25, 0x13, 0x98, 0x22,
  0x02, 0xbc, 0x16, 0xfd, 0x44, 0x22, 0x02, 0xbb, 0x27, 0xfe, 0xe6, 0xf4,
  0x11, 0xac, 0x29, 0x01, 0x94, 0x01, 0xd2, 0x9a, 0x03, 0x8f, 0xab, 0x70,
  0xab, 0xc4, 0x5e, 0x5e, 0x55, 0xcf, 0x9a, 0x9a, 0x03, 0x04, 0x00, 0x00,
  0x00, 0x01, 0x00, 0x00, 0xff, 0xc0, 0x03, 0xed, 0x03, 0xc0, 0x00, 0x44,
  0x00, 0x00, 0x09, 0x01, 0x26, 0x22, 0x0f, 0x01, 0x17, 0x3e, 0x01, 0x33,
  0x32, 0x16, 0x15, 0x14, 0x06, 0x07, 0x17, 0x3e, 0x01, 0x33, 0x32, 0x16,
  0x15, 0x14, 0x06, 0x23, 0x22, 0x26, 0x35, 0x34, 0x36, 0x37, 0x27, 0x0e,
  0x01, 0x07, 0x11, 0x1e, 0x01, 0x15, 0x14, 0x06, 0x23, 0x22, 0x26, 0x35,
  0x34, 0x36, 0x37, 0x11, 0x2e, 0x01, 0x35, 0x34, 0x36, 0x37, 0x27, 0x01,
  0x06, 0x14, 0x17, 0x01, 0x16, 0x32, 0x37, 0x01, 0x36, 0x34, 0x27, 0x03,
  0xed, 0xfe, 0x41, 0x14, 0x36, 0x14, 0x68, 0x4f, 0x09, 0x15, 0x0b, 0x28,
  0x38, 0x05, 0x04, 0x80, 0x09, 0x15, 0x0b, 0x28, 0x38, 0x38, 0x28, 0x28,
  0x38, 0x05, 0x04, 0x80, 0x02, 0x05, 0x02, 0x1c, 0x24, 0x38, 0x28, 0x28,
  0x38, 0x24, 0x1c, 0x1c, 0x24, 0x05, 0x04, 0x4e, 0xfe, 0xd8, 0x13, 0x13,
  0x01, 0xbf, 0x14, 0x36, 0x14, 0x01, 0xbd, 0x13, 0x13, 0x01, 0xee, 0x01,
  0xbf, 0x13, 0x13, 0x68, 0x4e, 0x04, 0x05, 0x38, 0x28, 0x0b, 0x15, 0x09,
  0x80, 0x04, 0x05, 0x38, 0x28, 0x28, 0x38, 0x38, 0x28, 0x0b, 0x15, 0x09,
  0x80, 0x01, 0x02, 0x01, 0xfe, 0xf6, 0x0a, 0x32, 0x1f, 0x28, 0x38, 0x38,
  0x28, 0x1f, 0x32, 0x0a, 0x01, 0x0a, 0x0a, 0x32, 0x1f, 0x0b, 0x15, 0x09,
  0x4f, 0xfe, 0xd8, 0x14, 0x36, 0x14, 0xfe, 0x41, 0x13, 0x13, 0x01, 0xbd,
  0x14, 0x36, 0x14, 0x00, 0x00, 0x08, 0x00, 0x00, 0xff, 0xc0, 0x03, 0xc0,
  0x03, 0xc0, 0x00, 0x1b, 0x00, 0x1f, 0x00, 0x24, 0x00, 0x29, 0x00, 0x2c,
  0x00, 0x31, 0x00, 0x35, 0x00, 0x38, 0x00, 0x00, 0x09, 0x01, 0x26, 0x22,
  0x07, 0x01, 0x0e, 0x01, 0x15, 0x11, 0x14, 0x16, 0x17, 0x01, 0x1e, 0x01,
  0x33, 0x32, 0x36, 0x37, 0x01, 0x3e, 0x01, 0x35, 0x11, 0x34, 0x26, 0x27,
  0x01, 0x27, 0x37, 0x17, 0x27, 0x35, 0x05, 0x07, 0x27, 0x23, 0x07, 0x27,
  0x25, 0x15, 0x0f, 0x01, 0x35, 0x1f, 0x01, 0x15, 0x25, 0x37, 0x05, 0x37,
  0x17, 0x05, 0x13, 0x37, 0x15, 0x03, 0xb2, 0xfe, 0x40, 0x08, 0x14, 0x08,
  0xfe, 0x40, 0x06, 0x08, 0x08, 0x06, 0x01, 0xc0, 0x04, 0x09, 0x05, 0x05,
  0x09, 0x04, 0x01, 0xc0, 0x06, 0x08, 0x08, 0x06, 0xfe, 0x2e, 0xa6, 0xa6,
  0xa6, 0x86, 0x01, 0x66, 0xa6, 0xc0, 0x40, 0xc0, 0xa6, 0x01, 0x66, 0xfa,
  0x86, 0xc0, 0xc0, 0xfe, 0x9a, 0xa6, 0x01, 0x00, 0xc0, 0xa6, 0xfe, 0x9a,
  0xfa, 0x86, 0x02, 0x50, 0x01, 0x2b, 0x05, 0x05, 0xfe, 0xd5, 0x04, 0x0f,
  0x08, 0xfe, 0xd6, 0x08, 0x0f, 0x04, 0xfe, 0xd5, 0x02, 0x03, 0x03, 0x02,
  0x01, 0x2b, 0x04, 0x0f, 0x08, 0x01, 0x2a, 0x08, 0x0f, 0x04, 0xfe, 0xe1,
  0x6f, 0x6f, 0x6f, 0xa6, 0xde, 0xef, 0x6f, 0x80, 0x80, 0x6f, 0xef, 0xde,
  0xa6, 0x5a, 0xb4, 0x80, 0x80, 0xde, 0xef, 0x6f, 0x80, 0x80, 0x6f, 0xef,
  0x01, 0x84, 0x5a, 0xb4, 0x00, 0x01, 0x00, 0x00, 0xff, 0xc0, 0x04, 0x00,
  0x03, 0xc0, 0x00, 0x70, 0x00, 0x00, 0x01, 0x22, 0x06, 0x07, 0x23, 0x37,
  0x16, 0x36, 0x37, 0x36, 0x34, 0x27, 0x26, 0x22, 0x07, 0x0e, 0x01, 0x17,
  0x07, 0x35, 0x3e, 0x01, 0x35, 0x34, 0x26, 0x23, 0x22, 0x06, 0x15, 0x14,
  0x16, 0x17, 0x15, 0x27, 0x36, 0x26, 0x27, 0x26, 0x22, 0x07, 0x06, 0x14,
  0x17, 0x1e, 0x01, 0x37, 0x17, 0x23, 0x2e, 0x01, 0x23, 0x22, 0x06, 0x15,
  0x14, 0x16, 0x33, 0x32, 0x36, 0x37, 0x33, 0x07, 0x26, 0x06, 0x07, 0x06,
  0x14, 0x17, 0x16, 0x32, 0x37, 0x3e, 0x01, 0x27, 0x37, 0x15, 0x0e, 0x01,
  0x15, 0x14, 0x16, 0x33, 0x32, 0x36, 0x35, 0x34, 0x26, 0x27, 0x35, 0x17,
  0x06, 0x16, 0x17, 0x16, 0x32, 0x37, 0x36, 0x34, 0x27, 0x2e, 0x01, 0x07,
  0x27, 0x33, 0x1e, 0x01, 0x33, 0x32, 0x36, 0x35, 0x34, 0x26, 0x23, 0x03,
  0xa0, 0x15, 0x25, 0x0e, 0xbd, 0x86, 0x14, 0x26, 0x0f, 0x1c, 0x1c, 0x1c,
  0x50, 0x1c, 0x0f, 0x0e, 0x01, 0x86, 0x0f, 0x11, 0x38, 0x28, 0x28, 0x38,
  0x11, 0x0f, 0x86, 0x01, 0x0e, 0x0f, 0x1c, 0x50, 0x1c, 0x1c, 0x1c, 0x0f,
  0x26, 0x14, 0x86, 0xbd, 0x0e, 0x25, 0x15, 0x28, 0x38, 0x38, 0x28, 0x15,
  0x25, 0x0e, 0xbd, 0x86, 0x14, 0x26, 0x0f, 0x1c, 0x1c, 0x1c, 0x50, 0x1c,
  0x0f, 0x0e, 0x01, 0x86, 0x0f, 0x11, 0x38, 0x28, 0x28, 0x38, 0x11, 0x0f,
  0x86, 0x01, 0x0e, 0x0f, 0x1c, 0x50, 0x1c, 0x1c, 0x1c, 0x0f, 0x26, 0x14,
  0x86, 0xbd, 0x0e, 0x25, 0x15, 0x28, 0x38, 0x38, 0x28, 0x02, 0x20, 0x11,
  0x0f, 0x86, 0x01, 0x0e, 0x0f, 0x1c, 0x50, 0x1c, 0x1c, 0x1c, 0x0f, 0x26,
  0x14, 0x86, 0xbd, 0x0e, 0x25, 0x15, 0x28, 0x38, 0x38, 0x28, 0x15, 0x25,
  0x0e, 0xbd, 0x86, 0x14, 0x26, 0x0f, 0x1c, 0x1c, 0x1c, 0x50, 0x1c, 0x0f,
  0x0e, 0x01, 0x86, 0x0f, 0x11, 0x38, 0x28, 0x28, 0x38, 0x11, 0x0f, 0x86,
  0x01, 0x0e, 0x0f, 0x1c, 0x50, 0x1c, 0x1c, 0x1c, 0x0f, 0x26, 0x14, 0x86,
  0xbd, 0x0e, 0x25, 0x15, 0x28, 0x38, 0x38, 0x28, 0x15, 0x25, 0x0e, 0xbd,
  0x86, 0x14, 0x26, 0x0f, 0x1c, 0x1c, 0x1c, 0x50, 0x1c, 0x0f, 0x0e, 0x01,
  0x86, 0x0f, 0x11, 0x38, 0x28, 0x28, 0x38, 0x00, 0x00, 0x03, 0x00, 0x00,
  0xff, 0xc0, 0x04, 0x00, 0x03, 0xc0, 0x00, 0x0c, 0x00, 0x28, 0x00, 0x45,
  0x00, 0x00, 0x01, 0x34, 0x36, 0x33, 0x32, 0x16, 0x15, 0x14, 0x06, 0x23,
  0x22, 0x26, 0x35, 0x13, 0x22, 0x07, 0x0e, 0x01, 0x07, 0x06, 0x15, 0x14,
  0x17, 0x1e, 0x01, 0x17, 0x16, 0x33, 0x32, 0x37, 0x3e, 0x01, 0x37, 0x36,
  0x35, 0x34, 0x27, 0x2e, 0x01, 0x27, 0x26, 0x03, 0x26, 0x27, 0x2e, 0x01,
  0x27, 0x26, 0x35, 0x34, 0x37, 0x3e, 0x01, 0x37, 0x36, 0x37, 0x16, 0x17,
  0x1e, 0x01, 0x17, 0x16, 0x15, 0x14, 0x07, 0x0e, 0x01, 0x07, 0x06, 0x07,
  0x01, 0x04, 0x45, 0x31, 0x31, 0x45, 0x45, 0x31, 0x31, 0x45, 0xfc, 0x6a,
  0x5d, 0x5e, 0x8b, 0x28, 0x28, 0x28, 0x28, 0x8b, 0x5e, 0x5d, 0x6a, 0x6a,
  0x5d, 0x5e, 0x8b, 0x28, 0x28, 0x28, 0x28, 0x8b, 0x5e, 0x5d, 0xef, 0x39,
  0x30, 0x2f, 0x44, 0x12, 0x13, 0x13, 0x12, 0x44, 0x2f, 0x30, 0x39, 0x3a,
  0x30, 0x2f, 0x44, 0x12, 0x13, 0x13, 0x12, 0x44, 0x2f, 0x30, 0x3a, 0x01,
  0xc0, 0x31, 0x45, 0x45, 0x31, 0x31, 0x45, 0x45, 0x31, 0x02, 0x00, 0x28,
  0x28, 0x8b, 0x5e, 0x5d, 0x6a, 0x6a, 0x5d, 0x5e, 0x8b, 0x28, 0x28, 0x28,
  0x28, 0x8b, 0x5e, 0x5d, 0x6a, 0x6a, 0x5d, 0x5e, 0x8b, 0x28, 0x28, 0xfc,
  0x41, 0x21, 0x30, 0x2f, 0x73, 0x42, 0x42, 0x48, 0x48, 0x42, 0x42, 0x73,
  0x2f, 0x30, 0x21, 0x21, 0x30, 0x2f, 0x73, 0x42, 0x42, 0x48, 0x48, 0x42,
  0x42, 0x73, 0x2f, 0x30, 0x21, 0x00, 0x00, 0x00, 0x00, 0x01, 0x00, 0x00,
  0x00, 0x00, 0x00, 0x00, 0xc0, 0x1e, 0x31, 0xa9, 0x5f, 0x0f, 0x3c, 0xf5,
  0x00, 0x0b, 0x04, 0x00, 0x00, 0x00, 0x00, 0x00, 0xe6, 0x3b, 0x9b, 0x8f,
  0x00, 0x00, 0x00, 0x00, 0xe6, 0x3b, 0x9b, 0x8f, 0x00, 0x00, 0xff, 0xb9,
  0x0a, 0x09, 0x04, 0x00, 0x00, 0x00, 0x00, 0x08, 0x00, 0x02, 0x00, 0x00,
  0x00, 0x00, 0x00, 0x00, 0x00, 0x01, 0x00, 0x00, 0x03, 0xc0, 0xff, 0xc0,
  0x00, 0x00, 0x0a, 0x09, 0x00, 0x00, 0xff, 0xfe, 0x0a, 0x09, 0x00, 0x01,
  0x00, 0x00, 0x00, 0x00, 0x00, 0x00, 0x00, 0x00, 0x00, 0x00, 0x00, 0x00,
  0x00, 0x00, 0x02, 0x01, 0x04, 0x00, 0x00, 0x00, 0x00, 0x00, 0x00, 0x00,
  0x00, 0x00, 0x00, 0x00, 0x02, 0x00, 0x00, 0x00, 0x04, 0x00, 0x00, 0x00,
  0x04, 0x00, 0x00, 0x00, 0x04, 0x00, 0x00, 0x00, 0x04, 0x00, 0x00, 0x00,
  0x04, 0x00, 0x00, 0x00, 0x04, 0x00, 0x00, 0x00, 0x04, 0x00, 0x00, 0x00,
  0x04, 0x00, 0x00, 0x00, 0x04, 0x00, 0x00, 0x00, 0x04, 0x00, 0x00, 0x00,
  0x04, 0x00, 0x00, 0x00, 0x04, 0x00, 0x00, 0x00, 0x04, 0x00, 0x00, 0x00,
  0x04, 0x00, 0x00, 0x00, 0x04, 0x00, 0x00, 0x00, 0x04, 0x00, 0x00, 0x00,
  0x04, 0x00, 0x00, 0x00, 0x04, 0x00, 0x00, 0x00, 0x04, 0x00, 0x00, 0x00,
  0x04, 0x00, 0x00, 0x00, 0x04, 0x00, 0x00, 0x00, 0x04, 0x00, 0x00, 0x00,
  0x04, 0x00, 0x00, 0x00, 0x04, 0x00, 0x00, 0x00, 0x04, 0x00, 0x00, 0x00,
  0x04, 0x00, 0x00, 0x00, 0x04, 0x00, 0x00, 0x00, 0x04, 0x00, 0x00, 0x00,
  0x04, 0x00, 0x00, 0x00, 0x04, 0x00, 0x00, 0x00, 0x04, 0x00, 0x00, 0x00,
  0x04, 0x00, 0x00, 0x00, 0x04, 0x80, 0x00, 0x00, 0x04, 0x00, 0x00, 0x00,
  0x04, 0x00, 0x00, 0x00, 0x04, 0x00, 0x00, 0x00, 0x04, 0x00, 0x00, 0x00,
  0x04, 0x00, 0x00, 0x00, 0x04, 0x00, 0x00, 0x00, 0x04, 0x00, 0x00, 0x00,
  0x04, 0x00, 0x00, 0x00, 0x04, 0x00, 0x00, 0x00, 0x04, 0x00, 0x00, 0x00,
  0x04, 0x00, 0x00, 0x00, 0x04, 0x00, 0x00, 0x00, 0x05, 0x00, 0x00, 0x00,
  0x04, 0x00, 0x00, 0x00, 0x04, 0x00, 0x00, 0x00, 0x04, 0x00, 0x00, 0x00,
  0x04, 0x00, 0x00, 0x00, 0x04, 0x80, 0x00, 0x00, 0x04, 0x40, 0x00, 0x00,
  0x04, 0x00, 0x00, 0x00, 0x04, 0x00, 0x00, 0x00, 0x04, 0x00, 0x00, 0x00,
  0x04, 0x00, 0x00, 0x00, 0x04, 0x00, 0x00, 0x00, 0x04, 0x00, 0x00, 0x00,
  0x04, 0x00, 0x00, 0x00, 0x04, 0x00, 0x00, 0x00, 0x04, 0x00, 0x00, 0x00,
  0x04, 0x00, 0x00, 0x00, 0x04, 0x00, 0x00, 0x00, 0x04, 0x00, 0x00, 0x00,
  0x04, 0x00, 0x00, 0x00, 0x04, 0x00, 0x00, 0x00, 0x04, 0x00, 0x00, 0x00,
  0x04, 0x00, 0x00, 0x00, 0x04, 0x00, 0x00, 0x00, 0x04, 0x00, 0x00, 0x00,
  0x04, 0x00, 0x00, 0x00, 0x04, 0x00, 0x00, 0x00, 0x05, 0x00, 0x00, 0x00,
  0x04, 0x00, 0x00, 0x00, 0x04, 0x00, 0x00, 0x00, 0x04, 0x00, 0x00, 0x00,
  0x04, 0x00, 0x00, 0x00, 0x04, 0x00, 0x00, 0x00, 0x04, 0x00, 0x00, 0x00,
  0x04, 0x00, 0x00, 0x00, 0x04, 0x00, 0x00, 0x00, 0x04, 0x00, 0x00, 0x00,
  0x04, 0x00, 0x00, 0x00, 0x04, 0x00, 0x00, 0x00, 0x04, 0x00, 0x00, 0x00,
  0x04, 0x00, 0x00, 0x00, 0x04, 0x00, 0x00, 0x00, 0x04, 0x00, 0x00, 0x00,
  0x04, 0x00, 0x00, 0x00, 0x04, 0x00, 0x00, 0x00, 0x04, 0x00, 0x00, 0x00,
  0x04, 0x00, 0x00, 0x00, 0x04, 0x00, 0x00, 0x00, 0x04, 0x00, 0x00, 0x00,
  0x04, 0x00, 0x00, 0x00, 0x04, 0x40, 0x00, 0x00, 0x04, 0x00, 0x00, 0x00,
  0x04, 0x00, 0x00, 0x00, 0x04, 0x00, 0x00, 0x00, 0x04, 0x00, 0x00, 0x00,
  0x04, 0x00, 0x00, 0x00, 0x04, 0x00, 0x00, 0x00, 0x04, 0x00, 0x00, 0x00,
  0x04, 0x80, 0x00, 0x00, 0x04, 0x00, 0x00, 0x00, 0x04, 0x00, 0x00, 0x00,
  0x04, 0x00, 0x00, 0x00, 0x04, 0x00, 0x00, 0x00, 0x04, 0x00, 0x00, 0x00,
  0x04, 0x00, 0x00, 0x00, 0x04, 0x00, 0x00, 0x00, 0x04, 0x00, 0x00, 0x00,
  0x04, 0x00, 0x00, 0x00, 0x04, 0x00, 0x00, 0x00, 0x04, 0x00, 0x00, 0x00,
  0x04, 0x00, 0x00, 0x00, 0x04, 0x00, 0x00, 0x00, 0x04, 0x00, 0x00, 0x00,
  0x04, 0x00, 0x00, 0x00, 0x04, 0x00, 0x00, 0x00, 0x04, 0x00, 0x00, 0x00,
  0x04, 0x00, 0x00, 0x00, 0x04, 0x00, 0x00, 0x00, 0x04, 0x00, 0x00, 0x00,
  0x04, 0x00, 0x00, 0x00, 0x04, 0x00, 0x00, 0x00, 0x04, 0x80, 0x00, 0x00,
  0x04, 0x80, 0x00, 0x00, 0x04, 0x00, 0x00, 0x00, 0x04, 0x80, 0x00, 0x00,
  0x04, 0x80, 0x00, 0x00, 0x04, 0x00, 0x00, 0x00, 0x04, 0x80, 0x00, 0x00,
  0x04, 0x00, 0x00, 0x00, 0x04, 0x00, 0x00, 0x00, 0x04, 0x00, 0x00, 0x00,
  0x04, 0x00, 0x00, 0x00, 0x04, 0x00, 0x00, 0x00, 0x04, 0x00, 0x00, 0x00,
  0x04, 0x00, 0x00, 0x00, 0x04, 0x00, 0x00, 0x00, 0x04, 0x00, 0x00, 0x00,
  0x04, 0x00, 0x00, 0x00, 0x04, 0x00, 0x00, 0x00, 0x04, 0x00, 0x00, 0x00,
  0x04, 0x00, 0x00, 0x00, 0x04, 0x00, 0x00, 0x00, 0x04, 0x00, 0x00, 0x00,
  0x04, 0x00, 0x00, 0x00, 0x04, 0x00, 0x00, 0x00, 0x04, 0x00, 0x00, 0x00,
  0x04, 0x00, 0x00, 0x00, 0x04, 0x00, 0x00, 0x00, 0x04, 0x00, 0x00, 0x00,
  0x04, 0x00, 0x00, 0x00, 0x04, 0x00, 0x00, 0x00, 0x04, 0x00, 0x00, 0x00,
  0x04, 0x00, 0x00, 0x00, 0x04, 0x00, 0x00, 0x00, 0x04, 0x00, 0x00, 0x00,
  0x04, 0x00, 0x00, 0x00, 0x04, 0x00, 0x00, 0x00, 0x04, 0x00, 0x00, 0x00,
  0x04, 0x00, 0x00, 0x00, 0x04, 0x00, 0x00, 0x00, 0x04, 0x00, 0x00, 0x00,
  0x04, 0x00, 0x00, 0x00, 0x04, 0x00, 0x00, 0x00, 0x04, 0x00, 0x00, 0x00,
  0x04, 0x00, 0x00, 0x00, 0x04, 0x00, 0x00, 0x00, 0x04, 0x00, 0x00, 0x00,
  0x04, 0x00, 0x00, 0x00, 0x04, 0x00, 0x00, 0x00, 0x04, 0x00, 0x00, 0x00,
  0x04, 0x00, 0x00, 0x00, 0x04, 0x00, 0x00, 0x00, 0x04, 0x00, 0x00, 0x00,
  0x04, 0x00, 0x00, 0x00, 0x04, 0x00, 0x00, 0x00, 0x04, 0x00, 0x00, 0x00,
  0x04, 0x00, 0x00, 0x00, 0x04, 0x00, 0x00, 0x00, 0x04, 0x00, 0x00, 0x00,
  0x04, 0x00, 0x00, 0x00, 0x04, 0x00, 0x00, 0x00, 0x04, 0x00, 0x00, 0x00,
  0x04, 0x00, 0x00, 0x00, 0x04, 0x00, 0x00, 0x00, 0x04, 0x00, 0x00, 0x00,
  0x04, 0x00, 0x00, 0x00, 0x04, 0x00, 0x00, 0x00, 0x04, 0x00, 0x00, 0x00,
  0x04, 0x00, 0x00, 0x00, 0x04, 0x00, 0x00, 0x00, 0x04, 0x00, 0x00, 0x00,
  0x04, 0x00, 0x00, 0x00, 0x04, 0x00, 0x00, 0x00, 0x04, 0x00, 0x00, 0x00,
  0x04, 0x00, 0x00, 0x00, 0x04, 0x00, 0x00, 0x00, 0x04, 0x00, 0x00, 0x00,
  0x04, 0x00, 0x00, 0x00, 0x04, 0x00, 0x00, 0x00, 0x04, 0x00, 0x00, 0x00,
  0x04, 0x00, 0x00, 0x00, 0x04, 0x00, 0x00, 0x00, 0x04, 0x00, 0x00, 0x00,
  0x05, 0x80, 0x00, 0x00, 0x05, 0x80, 0x00, 0x00, 0x05, 0x80, 0x00, 0x00,
  0x04, 0x00, 0x00, 0x00, 0x04, 0x00, 0x00, 0x00, 0x04, 0x00, 0x00, 0x00,
  0x04, 0x00, 0x00, 0x00, 0x04, 0x00, 0x00, 0x00, 0x04, 0x00, 0x00, 0x00,
  0x04, 0x00, 0x00, 0x00, 0x04, 0x00, 0x00, 0x00, 0x04, 0x00, 0x00, 0x00,
  0x04, 0x00, 0x00, 0x00, 0x04, 0x00, 0x00, 0x00, 0x04, 0x00, 0x00, 0x00,
  0x04, 0x00, 0x00, 0x00, 0x04, 0x00, 0x00, 0x00, 0x04, 0x00, 0x00, 0x00,
  0x04, 0x00, 0x00, 0x00, 0x04, 0x00, 0x00, 0x00, 0x04, 0x00, 0x00, 0x00,
  0x04, 0x00, 0x00, 0x00, 0x04, 0x00, 0x00, 0x00, 0x04, 0x00, 0x00, 0x00,
  0x04, 0x00, 0x00, 0x00, 0x04, 0x00, 0x00, 0x00, 0x04, 0x00, 0x00, 0x00,
  0x04, 0x00, 0x00, 0x00, 0x04, 0x00, 0x00, 0x00, 0x04, 0x00, 0x00, 0x00,
  0x04, 0x00, 0x00, 0x00, 0x04, 0x00, 0x00, 0x00, 0x04, 0x00, 0x00, 0x00,
  0x04, 0x00, 0x00, 0x00, 0x04, 0x00, 0x00, 0x00, 0x04, 0x00, 0x00, 0x00,
  0x04, 0x00, 0x00, 0x00, 0x04, 0x00, 0x00, 0x00, 0x04, 0x00, 0x00, 0x00,
  0x04, 0x00, 0x00, 0x00, 0x04, 0x00, 0x00, 0x00, 0x04, 0x00, 0x00, 0x00,
  0x04, 0x00, 0x00, 0x00, 0x04, 0x00, 0x00, 0x00, 0x04, 0x00, 0x00, 0x00,
  0x04, 0x00, 0x00, 0x00, 0x04, 0x00, 0x00, 0x00, 0x04, 0x00, 0x00, 0x00,
  0x04, 0x00, 0x00, 0x00, 0x04, 0x00, 0x00, 0x00, 0x04, 0x00, 0x00, 0x00,
  0x04, 0x00, 0x00, 0x00, 0x04, 0x00, 0x00, 0x00, 0x04, 0x00, 0x00, 0x00,
  0x04, 0x00, 0x00, 0x00, 0x04, 0x00, 0x00, 0x00, 0x04, 0x00, 0x00, 0x00,
  0x04, 0x00, 0x00, 0x00, 0x04, 0x00, 0x00, 0x00, 0x04, 0x00, 0x00, 0x00,
  0x04, 0x00, 0x00, 0x00, 0x04, 0x00, 0x00, 0x00, 0x04, 0x00, 0x00, 0x00,
  0x04, 0x00, 0x00, 0x00, 0x04, 0x00, 0x00, 0x00, 0x04, 0x00, 0x00, 0x00,
  0x04, 0x00, 0x00, 0x00, 0x04, 0x00, 0x00, 0x00, 0x04, 0x00, 0x00, 0x00,
  0x04, 0x00, 0x00, 0x00, 0x04, 0x00, 0x00, 0x00, 0x04, 0x00, 0x00, 0x00,
  0x04, 0x00, 0x00, 0x00, 0x04, 0x00, 0x00, 0x00, 0x04, 0x00, 0x00, 0x00,
  0x04, 0x00, 0x00, 0x00, 0x04, 0x00, 0x00, 0x00, 0x04, 0x00, 0x00, 0x00,
  0x04, 0x00, 0x00, 0x00, 0x04, 0x00, 0x00, 0x00, 0x04, 0x00, 0x00, 0x00,
  0x04, 0x00, 0x00, 0x00, 0x04, 0x00, 0x00, 0x00, 0x04, 0x00, 0x00, 0x00,
  0x04, 0x00, 0x00, 0x00, 0x04, 0x00, 0x00, 0x00, 0x04, 0x00, 0x00, 0x00,
  0x04, 0x00, 0x00, 0x00, 0x04, 0x00, 0x00, 0x00, 0x04, 0x00, 0x00, 0x00,
  0x04, 0x00, 0x00, 0x00, 0x04, 0x00, 0x00, 0x00, 0x04, 0x00, 0x00, 0x00,
  0x04, 0x00, 0x00, 0x00, 0x04, 0x00, 0x00, 0x00, 0x04, 0x00, 0x00, 0x00,
  0x04, 0x00, 0x00, 0x00, 0x04, 0x00, 0x00, 0x00, 0x04, 0x00, 0x00, 0x00,
  0x04, 0x00, 0x00, 0x00, 0x04, 0x00, 0x00, 0x00, 0x04, 0x00, 0x00, 0x00,
  0x04, 0x00, 0x00, 0x00, 0x04, 0x00, 0x00, 0x00, 0x04, 0x40, 0x00, 0x00,
  0x04, 0x00, 0x00, 0x00, 0x04, 0x00, 0x00, 0x00, 0x04, 0x00, 0x00, 0x00,
  0x04, 0x00, 0x00, 0x00, 0x04, 0x00, 0x00, 0x00, 0x04, 0x00, 0x00, 0x00,
  0x04, 0x00, 0x00, 0x00, 0x04, 0x00, 0x00, 0x00, 0x04, 0x00, 0x00, 0x00,
  0x04, 0x00, 0x00, 0x00, 0x04, 0x00, 0x00, 0x00, 0x04, 0x00, 0x00, 0x00,
  0x04, 0x00, 0x00, 0x00, 0x04, 0x00, 0x00, 0x00, 0x04, 0x00, 0x00, 0x00,
  0x04, 0x00, 0x00, 0x00, 0x04, 0x00, 0x00, 0x00, 0x04, 0x00, 0x00, 0x00,
  0x04, 0x00, 0x00, 0x00, 0x04, 0x00, 0x00, 0x00, 0x04, 0x00, 0x00, 0x00,
  0x04, 0x00, 0x00, 0x00, 0x04, 0x00, 0x00, 0x00, 0x04, 0x00, 0x00, 0x00,
  0x04, 0x00, 0x00, 0x00, 0x04, 0x00, 0x00, 0x00, 0x04, 0x00, 0x00, 0x00,
  0x04, 0x00, 0x00, 0x00, 0x04, 0x00, 0x00, 0x00, 0x04, 0x00, 0x00, 0x00,
  0x04, 0x00, 0x00, 0x00, 0x04, 0x00, 0x00, 0x00, 0x04, 0x00, 0x00, 0x00,
  0x04, 0x00, 0x00, 0x00, 0x04, 0x00, 0x00, 0x00, 0x04, 0x00, 0x00, 0x00,
  0x04, 0x00, 0x00, 0x00, 0x04, 0x00, 0x00, 0x00, 0x04, 0x00, 0x00, 0x00,
  0x04, 0x00, 0x00, 0x00, 0x04, 0x00, 0x00, 0x00, 0x04, 0x00, 0x00, 0x00,
  0x04, 0x00, 0x00, 0x00, 0x04, 0x00, 0x00, 0x00, 0x04, 0x00, 0x00, 0x00,
  0x04, 0x00, 0x00, 0x00, 0x04, 0x00, 0x00, 0x00, 0x04, 0x00, 0x00, 0x00,
  0x04, 0x00, 0x00, 0x00, 0x04, 0x00, 0x00, 0x00, 0x04, 0x00, 0x00, 0x00,
  0x04, 0x00, 0x00, 0x00, 0x04, 0x00, 0x00, 0x00, 0x04, 0x00, 0x00, 0x00,
  0x04, 0x00, 0x00, 0x00, 0x04, 0x00, 0x00, 0x00, 0x04, 0x00, 0x00, 0x00,
  0x04, 0x00, 0x00, 0x00, 0x04, 0x00, 0x00, 0x00, 0x04, 0x00, 0x00, 0x00,
  0x04, 0x00, 0x00, 0x00, 0x04, 0x00, 0x00, 0x00, 0x04, 0x00, 0x00, 0x00,
  0x04, 0x00, 0x00, 0x00, 0x04, 0x00, 0x00, 0x00, 0x04, 0x00, 0x00, 0x00,
  0x04, 0x00, 0x00, 0x00, 0x04, 0x00, 0x00, 0x00, 0x04, 0x00, 0x00, 0x00,
  0x04, 0x00, 0x00, 0x00, 0x04, 0x00, 0x00, 0x00, 0x04, 0x00, 0x00, 0x00,
  0x04, 0x00, 0x00, 0x00, 0x04, 0x00, 0x00, 0x00, 0x04, 0x00, 0x00, 0x00,
  0x04, 0x00, 0x00, 0x00, 0x04, 0x00, 0x00, 0x00, 0x04, 0x00, 0x00, 0x00,
  0x04, 0x00, 0x00, 0x00, 0x04, 0x00, 0x00, 0x00, 0x04, 0x00, 0x00, 0x00,
  0x04, 0x00, 0x00, 0x00, 0x04, 0x00, 0x00, 0x00, 0x04, 0x00, 0x00, 0x00,
  0x04, 0x00, 0x00, 0x00, 0x04, 0x00, 0x00, 0x00, 0x04, 0x00, 0x00, 0x00,
  0x04, 0x00, 0x00, 0x00, 0x04, 0x00, 0x00, 0x00, 0x05, 0x00, 0x00, 0x00,
  0x04, 0x00, 0x00, 0x00, 0x04, 0x00, 0x00, 0x00, 0x04, 0x00, 0x00, 0x00,
  0x04, 0x00, 0x00, 0x00, 0x04, 0x00, 0x00, 0x00, 0x04, 0x00, 0x00, 0x00,
  0x04, 0x00, 0x00, 0x00, 0x04, 0x00, 0x00, 0x00, 0x04, 0x00, 0x00, 0x00,
  0x04, 0x00, 0x00, 0x00, 0x04, 0x00, 0x00, 0x00, 0x04, 0x00, 0x00, 0x00,
  0x04, 0x00, 0x00, 0x00, 0x04, 0x00, 0x00, 0x00, 0x04, 0x00, 0x00, 0x00,
  0x04, 0x00, 0x00, 0x00, 0x04, 0x00, 0x00, 0x00, 0x04, 0x00, 0x00, 0x00,
  0x04, 0x00, 0x00, 0x00, 0x04, 0x00, 0x00, 0x00, 0x04, 0x00, 0x00, 0x00,
  0x04, 0x00, 0x00, 0x00, 0x04, 0x00, 0x00, 0x00, 0x04, 0x00, 0x00, 0x00,
  0x04, 0x00, 0x00, 0x00, 0x04, 0x00, 0x00, 0x00, 0x04, 0x00, 0x00, 0x00,
  0x04, 0x00, 0x00, 0x00, 0x04, 0x00, 0x00, 0x00, 0x0a, 0x09, 0x00, 0x00,
  0x04, 0x00, 0x00, 0x00, 0x04, 0x00, 0x00, 0x00, 0x04, 0x00, 0x00, 0x00,
  0x04, 0x00, 0x00, 0x00, 0x04, 0x00, 0x00, 0x00, 0x04, 0x00, 0x00, 0x00,
  0x04, 0x00, 0x00, 0x00, 0x04, 0x00, 0x00, 0x00, 0x04, 0x00, 0x00, 0x00,
  0x04, 0x00, 0x00, 0x00, 0x04, 0x00, 0x00, 0x00, 0x04, 0x00, 0x00, 0x00,
  0x04, 0x00, 0x00, 0x00, 0x04, 0x00, 0x00, 0x00, 0x04, 0x00, 0x00, 0x00,
  0x04, 0x00, 0x00, 0x00, 0x04, 0x00, 0x00, 0x00, 0x04, 0x00, 0x00, 0x00,
  0x04, 0x00, 0x00, 0x00, 0x04, 0x00, 0x00, 0x00, 0x04, 0x00, 0x00, 0x00,
  0x04, 0x00, 0x00, 0x00, 0x04, 0x00, 0x00, 0x00, 0x04, 0x00, 0x00, 0x00,
  0x04, 0x00, 0x00, 0x00, 0x04, 0x00, 0x00, 0x00, 0x04, 0x00, 0x00, 0x00,
  0x04, 0x00, 0x00, 0x00, 0x04, 0x00, 0x00, 0x00, 0x04, 0x00, 0x00, 0x00,
  0x04, 0x00, 0x00, 0x00, 0x04, 0x00, 0x00, 0x00, 0x04, 0x00, 0x00, 0x00,
  0x04, 0x00, 0x00, 0x00, 0x04, 0x00, 0x00, 0x00, 0x04, 0x00, 0x00, 0x00,
  0x04, 0x00, 0x00, 0x00, 0x04, 0x00, 0x00, 0x00, 0x04, 0x00, 0x00, 0x00,
  0x04, 0x00, 0x00, 0x00, 0x04, 0x00, 0x00, 0x00, 0x04, 0x00, 0x00, 0x00,
  0x04, 0x00, 0x00, 0x00, 0x04, 0x00, 0x00, 0x00, 0x04, 0x00, 0x00, 0x00,
  0x04, 0x00, 0x00, 0x00, 0x04, 0x00, 0x00, 0x00, 0x04, 0x00, 0x00, 0x00,
  0x04, 0x00, 0x00, 0x00, 0x04, 0x00, 0x00, 0x00, 0x04, 0x00, 0x00, 0x00,
  0x04, 0x00, 0x00, 0x00, 0x04, 0x00, 0x00, 0x00, 0x04, 0x00, 0x00, 0x00,
  0x04, 0x00, 0x00, 0x00, 0x04, 0x00, 0x00, 0x00, 0x04, 0x00, 0x00, 0x00,
  0x04, 0x00, 0x00, 0x00, 0x04, 0x00, 0x00, 0x00, 0x04, 0x00, 0x00, 0x00,
  0x04, 0x00, 0x00, 0x00, 0x04, 0x00, 0x00, 0x00, 0x04, 0x00, 0x00, 0x00,
  0x04, 0x00, 0x00, 0x00, 0x04, 0x00, 0x00, 0x00, 0x04, 0x00, 0x00, 0x00,
  0x04, 0x00, 0x00, 0x00, 0x04, 0x00, 0x00, 0x00, 0x04, 0x00, 0x00, 0x00,
  0x04, 0x00, 0x00, 0x00, 0x04, 0x00, 0x00, 0x00, 0x04, 0x00, 0x00, 0x00,
  0x04, 0x00, 0x00, 0x00, 0x04, 0x00, 0x00, 0x00, 0x04, 0x00, 0x00, 0x00,
  0x04, 0x00, 0x00, 0x00, 0x00, 0x00, 0x00, 0x00, 0x00, 0x0a, 0x00, 0x14,
  0x00, 0x1e, 0x02, 0x74, 0x03, 0x00, 0x05, 0x4c, 0x06, 0x24, 0x06, 0xfa,
  0x07, 0x8a, 0x08, 0x3c, 0x09, 0x1e, 0x0c, 0x5e, 0x0d, 0xaa, 0x10, 0x20,
  0x10, 0xfc, 0x12, 0x9e, 0x13, 0xe8, 0x15, 0x4c, 0x16, 0x92, 0x17, 0xe8,
  0x18, 0x3e, 0x18, 0x62, 0x18, 0x8e, 0x18, 0xae, 0x18, 0xf0, 0x19, 0x30,
  0x19, 0x5e, 0x19, 0x8c, 0x19, 0xae, 0x1a, 0x0a, 0x1a, 0x6a, 0x1a, 0xaa,
  0x1b, 0x18, 0x1b, 0x5a, 0x1b, 0xa2, 0x1c, 0x08, 0x1c, 0x86, 0x1d, 0x0a,
  0x1d, 0x5e, 0x1d, 0xc2, 0x1e, 0x00, 0x1e, 0x4a, 0x1e, 0xce, 0x1f, 0x12,
  0x1f, 0x54, 0x1f, 0xe2, 0x1f, 0xf2, 0x20, 0xc4, 0x21, 0x60, 0x22, 0x2e,
  0x22, 0xd8, 0x23, 0x2a, 0x23, 0x60, 0x23, 0xb8, 0x23, 0xf8, 0x24, 0x36,
  0x24, 0x86, 0x24, 0xda, 0x25, 0x4a, 0x25, 0xd6, 0x26, 0x44, 0x26, 0xce,
  0x27, 0x2a, 0x27, 0x90, 0x28, 0x28, 0x28, 0x5e, 0x28, 0xb2, 0x28, 0xe6,
  0x28, 0xf8, 0x29, 0x14, 0x29, 0x34, 0x29, 0x4e, 0x29, 0x6a, 0x29, 0x86,
  0x29, 0xbe, 0x2a, 0x0e, 0x2a, 0x7a, 0x2b, 0xc2, 0x2c, 0x1a, 0x2c, 0x60,
  0x2c, 0xda, 0x2d, 0x90, 0x2e, 0x22, 0x2e, 0xc4, 0x2f, 0x10, 0x2f, 0x7c,
  0x30, 0x12, 0x30, 0x64, 0x30, 0xc2, 0x31, 0x06, 0x31, 0x46, 0x31, 0x6e,
  0x31, 0xac, 0x32, 0x12, 0x32, 0x50, 0x32, 0xb8, 0x32, 0xda, 0x33, 0x0c,
  0x33, 0x5c, 0x33, 0xbc, 0x33, 0xf6, 0x34, 0x88, 0x35, 0x28, 0x35, 0x96,
  0x35, 0xee, 0x36, 0x30, 0x36, 0x96, 0x36, 0xb6, 0x36, 0xe2, 0x37, 0x1e,
  0x37, 0x54, 0x37, 0x8a, 0x38, 0x26, 0x38, 0x84, 0x38, 0xbe, 0x38, 0xea,
  0x39, 0x18, 0x39, 0x42, 0x39, 0x6c, 0x39, 0x90, 0x39, 0xb0, 0x3a, 0x36,
  0x3a, 0x7c, 0x3a, 0xc2, 0x3a, 0xe6, 0x3b, 0x0c, 0x3b, 0x32, 0x3b, 0x58,
  0x3b, 0xa0, 0x3c, 0x28, 0x3c, 0xa6, 0x3d, 0x36, 0x3d, 0xee, 0x3e, 0xb6,
  0x3e, 0xf0, 0x3f, 0x66, 0x3f, 0xda, 0x40, 0x48, 0x40, 0x8e, 0x40, 0xc0,
  0x41, 0x34, 0x41, 0xa8, 0x42, 0x46, 0x42, 0xd8, 0x43, 0x86, 0x44, 0xb8,
  0x45, 0x34, 0x45, 0xea, 0x46, 0x7a, 0x46, 0xf2, 0x47, 0x5c, 0x47, 0xc4,
  0x4d, 0x98, 0x4d, 0xec, 0x4e, 0x66, 0x4e, 0xd0, 0x4f, 0x48, 0x4f, 0xba,
  0x4f, 0xf0, 0x50, 0x26, 0x50, 0x46, 0x50, 0x66, 0x50, 0xb4, 0x51, 0x18,
  0x51, 0x4e, 0x51, 0x82, 0x51, 0xca, 0x52, 0x38, 0x52, 0xa6, 0x53, 0x36,
  0x54, 0x36, 0x54, 0x6c, 0x54, 0xc6, 0x55, 0x04, 0x55, 0x5e, 0x55, 0x98,
  0x56, 0x02, 0x56, 0x28, 0x56, 0x82, 0x56, 0xda, 0x57, 0x78, 0x57, 0xcc,
  0x58, 0x08, 0x58, 0x70, 0x58, 0xca, 0x59, 0x3a, 0x59, 0x6a, 0x59, 0xf6,
  0x5a, 0x74, 0x5a, 0xcc, 0x5b, 0x32, 0x5b, 0x68, 0x5b, 0xc6, 0x5c, 0x14,
  0x5c, 0x36, 0x5c, 0x86, 0x5c, 0xb4, 0x5c, 0xf6, 0x5d, 0x1a, 0x5d, 0x4e,
  0x5d, 0xea, 0x5e, 0x1e, 0x5e, 0x36, 0x5e, 0x90, 0x5e, 0xd0, 0x5f, 0x24,
  0x5f, 0x62, 0x5f, 0x94, 0x5f, 0xde, 0x60, 0x60, 0x60, 0x7a, 0x60, 0xa0,
  0x60, 0xc0, 0x60, 0xe0, 0x61, 0x22, 0x61, 0x72, 0x61, 0xbc, 0x62, 0x02,
  0x62, 0x2c, 0x62, 0x56, 0x62, 0x78, 0x62, 0x9a, 0x63, 0xae, 0x64, 0x54,
  0x64, 0xea, 0x65, 0x22, 0x65, 0xa2, 0x66, 0x24, 0x66, 0xba, 0x67, 0x44,
  0x67, 0xe6, 0x67, 0xf8, 0x68, 0x14, 0x68, 0xf4, 0x69, 0x3a, 0x6a, 0x12,
  0x6a, 0x42, 0x6a, 0x6e, 0x6a, 0x8c, 0x6a, 0xd0, 0x6b, 0x14, 0x6b, 0x42,
  0x6b, 0x80, 0x6b, 0xe8, 0x6c, 0x88, 0x6d, 0x00, 0x6d, 0x96, 0x6e, 0x06,
  0x6e, 0x8c, 0x6e, 0xec, 0x6f, 0x84, 0x6f, 0xf4, 0x70, 0x9e, 0x71, 0x22,
  0x72, 0x06, 0x72, 0xac, 0x73, 0x46, 0x73, 0xba, 0x74, 0x7c, 0x75, 0x18,
  0x76, 0x02, 0x76, 0xc2, 0x77, 0x4a, 0x77, 0xaa, 0x78, 0x68, 0x78, 0xde,
  0x79, 0x7e, 0x79, 0xf4, 0x7a, 0x72, 0x7a, 0xc8, 0x7b, 0x76, 0x7c, 0x04,
  0x7c, 0x84, 0x7c, 0xde, 0x7d, 0x82, 0x7d, 0xfc, 0x7e, 0xda, 0x7f, 0x8a,
  0x80, 0x72, 0x81, 0x30, 0x81, 0xea, 0x82, 0xa6, 0x83, 0x60, 0x84, 0x1a,
  0x84, 0x66, 0x84, 0xf4, 0x85, 0x8c, 0x85, 0xc2, 0x85, 0xde, 0x86, 0x56,
  0x86, 0xc0, 0x87, 0x48, 0x87, 0xbe, 0x87, 0xd2, 0x87, 0xf6, 0x88, 0x54,
  0x88, 0x7e, 0x88, 0xa8, 0x89, 0x06, 0x89, 0x6c, 0x89, 0xcc, 0x8a, 0x30,
  0x8a, 0x94, 0x8a, 0xf8, 0x8b, 0x5c, 0x8b, 0x6a, 0x8b, 0x80, 0x8b, 0x8e,
  0x8b, 0xa4, 0x8b, 0xba, 0x8b, 0xd8, 0x8b, 0xf6, 0x8c, 0x0c, 0x8c, 0x22,
  0x8c, 0x36, 0x8d, 0x00, 0x8d, 0x8a, 0x8d, 0xe0, 0x8e, 0x0c, 0x8e, 0x4e,
  0x8e, 0x8a, 0x8e, 0xbe, 0x8e, 0xe4, 0x8f, 0x4c, 0x8f, 0xc4, 0x8f, 0xfe,
  0x90, 0x14, 0x90, 0x28, 0x90, 0x3e, 0x90, 0x52, 0x90, 0x68, 0x90, 0x7c,
  0x90, 0x92, 0x90, 0xa6, 0x90, 0xda, 0x91, 0x0e, 0x91, 0x44, 0x91, 0x76,
  0x91, 0xac, 0x91, 0xde, 0x92, 0x14, 0x92, 0x46, 0x92, 0xa8, 0x93, 0x0c,
  0x93, 0x70, 0x93, 0xd2, 0x93, 0xfc, 0x94, 0x4a, 0x94, 0x98, 0x95, 0x04,
  0x95, 0x6e, 0x95, 0xbc, 0x96, 0x0a, 0x96, 0x34, 0x96, 0x5e, 0x96, 0xdc,
  0x97, 0x1e, 0x97, 0x4c, 0x97, 0x88, 0x97, 0xb2, 0x97, 0xd6, 0x98, 0x3e,
  0x98, 0x7e, 0x98, 0xd6, 0x99, 0x04, 0x99, 0xe6, 0x9a, 0xa6, 0x9b, 0x7c,
  0x9b, 0xf8, 0x9c, 0x3a, 0x9c, 0xc0, 0x9d, 0x62, 0x9d, 0x8a, 0x9d, 0xb2,
  0x9d, 0xd0, 0x9e, 0x12, 0x9e, 0x4e, 0x9e, 0x66, 0x9e, 0xbe, 0x9f, 0x24,
  0x9f, 0x50, 0x9f, 0x92, 0x9f, 0xbc, 0x9f, 0xe6, 0xa0, 0x46, 0xa0, 0xa4,
  0xa0, 0xc0, 0xa0, 0xfe, 0xa1, 0x2c, 0xa1, 0x74, 0xa1, 0xbc, 0xa2, 0x2c,
  0xa2, 0x54, 0xa2, 0x84, 0xa2, 0xb4, 0xa3, 0x98, 0xa3, 0xc0, 0xa3, 0xe8,
  0xa4, 0x12, 0xa4, 0x38, 0xa4, 0x66, 0xa4, 0x94, 0xa4, 0xce, 0xa4, 0xfc,
  0xa5, 0x1c, 0xa5, 0x44, 0xa5, 0x7e, 0xa5, 0xcc, 0xa6, 0x2a, 0xa6, 0x76,
  0xa6, 0xb6, 0xa7, 0x26, 0xa7, 0xe6, 0xa8, 0x40, 0xa8, 0xa6, 0xa9, 0x1c,
  0xa9, 0x78, 0xa9, 0xe0, 0xaa, 0x58, 0xaa, 0x9e, 0xaa, 0xc2, 0xaa, 0xe8,
  0xab, 0x1c, 0xac, 0x40, 0xad, 0x20, 0xad, 0xca, 0xae, 0x1c, 0xae, 0x94,
  0xaf, 0x0a, 0xaf, 0xa6, 0xb0, 0x12, 0xb1, 0x14, 0xb1, 0x66, 0xb1, 0xc0,
  0xb2, 0x24, 0xb4, 0x82, 0xb4, 0xb2, 0xb5, 0x18, 0xb5, 0x8e, 0xb5, 0xdc,
  0xb6, 0x32, 0xb6, 0x9a, 0xb6, 0xd8, 0xb7, 0x28, 0xb8, 0x2e, 0xb9, 0x22,
  0xba, 0x2e, 0xba, 0x50, 0xbb, 0xee, 0xbc, 0x80, 0xbd, 0x1c, 0xbd, 0x4e,
  0xbd, 0xf8, 0xbe, 0x88, 0xbe, 0xa2, 0xbf, 0x7e, 0xbf, 0xc6, 0xc0, 0xac,
  0xc1, 0x56, 0xc1, 0xc0, 0xc2, 0x22, 0xc2, 0x9e, 0xc2, 0xec, 0xc3, 0x4e,
  0xc3, 0x98, 0xc4, 0x90, 0xc5, 0xd4, 0xc6, 0x32, 0xc7, 0x20, 0xc7, 0xc6,
  0xc8, 0x44, 0xc8, 0x6a, 0xc8, 0xc2, 0xc9, 0x20, 0xca, 0x1e, 0xcb, 0x1e,
  0xcb, 0x3a, 0xcc, 0x3a, 0xcc, 0x88, 0xcc, 0xc8, 0xcd, 0x3e, 0xcd, 0xbc,
  0xcd, 0xd8, 0xce, 0x26, 0xce, 0x8c, 0xce, 0xc2, 0xcf, 0x60, 0xd0, 0x26,
  0xd0, 0xa8, 0xd1, 0x1a, 0xd1, 0x78, 0xd1, 0xba, 0xd2, 0x4c, 0xd2, 0xb4,
  0xd3, 0x2a, 0xd4, 0x5e, 0xd4, 0xf0, 0xd5, 0x5a, 0xd8, 0x52, 0xd8, 0xf2,
  0xda, 0x0a, 0xda, 0x9c, 0xdb, 0x0c, 0xdb, 0x78, 0xdb, 0xbe, 0xdb, 0xee,
  0xdc, 0x2c, 0xdc, 0x4e, 0xdc, 0xb6, 0xdd, 0x1c, 0xdd, 0xba, 0xde, 0x26,
  0x00, 0x01, 0x00, 0x00, 0x02, 0x01, 0x04, 0x87, 0x00, 0x3c, 0x00, 0x00,
  0x00, 0x00, 0x00, 0x02, 0x00, 0x00, 0x00, 0x00, 0x00, 0x00, 0x00, 0x00,
  0x00, 0x00, 0x00, 0x00, 0x00, 0x00, 0x00, 0x00, 0x00, 0x00, 0x00, 0x0e,
  0x00, 0xae, 0x00, 0x01, 0x00, 0x00, 0x00, 0x00, 0x00, 0x01, 0x00, 0x07,
  0x00, 0x00, 0x00, 0x01, 0x00, 0x00, 0x00, 0x00, 0x00, 0x02, 0x00, 0x07,
  0x00, 0x60, 0x00, 0x01, 0x00, 0x00, 0x00, 0x00, 0x00, 0x03, 0x00, 0x07,
  0x00, 0x36, 0x00, 0x01, 0x00, 0x00, 0x00, 0x00, 0x00, 0x04, 0x00, 0x07,
  0x00, 0x75, 0x00, 0x01, 0x00, 0x00, 0x00, 0x00, 0x00, 0x05, 0x00, 0x0b,
  0x00, 0x15, 0x00, 0x01, 0x00, 0x00, 0x00, 0x00, 0x00, 0x06, 0x00, 0x07,
  0x00, 0x4b, 0x00, 0x01, 0x00, 0x00, 0x00, 0x00, 0x00, 0x0a, 0x00, 0x1a,
  0x00, 0x8a, 0x00, 0x03, 0x00, 0x01, 0x04, 0x09, 0x00, 0x01, 0x00, 0x0e,
  0x00, 0x07, 0x00, 0x03, 0x00, 0x01, 0x04, 0x09, 0x00, 0x02, 0x00, 0x0e,
  0x00, 0x67, 0x00, 0x03, 0x00, 0x01, 0x04, 0x09, 0x00, 0x03, 0x00, 0x0e,
  0x00, 0x3d, 0x00, 0x03, 0x00, 0x01, 0x04, 0x09, 0x00, 0x04, 0x00, 0x0e,
  0x00, 0x7c, 0x00, 0x03, 0x00, 0x01, 0x04, 0x09, 0x00, 0x05, 0x00, 0x16,
  0x00, 0x20, 0x00, 0x03, 0x00, 0x01, 0x04, 0x09, 0x00, 0x06, 0x00, 0x0e,
  0x00, 0x52, 0x00, 0x03, 0x00, 0x01, 0x04, 0x09, 0x00, 0x0a, 0x00, 0x34,
  0x00, 0xa4, 0x69, 0x63, 0x6f, 0x6d, 0x6f, 0x6f, 0x6e, 0x00, 0x69, 0x00,
  0x63, 0x00, 0x6f, 0x00, 0x6d, 0x00, 0x6f, 0x00, 0x6f, 0x00, 0x6e, 0x56,
  0x65, 0x72, 0x73, 0x69, 0x6f, 0x6e, 0x20, 0x31, 0x2e, 0x30, 0x00, 0x56,
  0x00, 0x65, 0x00, 0x72, 0x00, 0x73, 0x00, 0x69, 0x00, 0x6f, 0x00, 0x6e,
  0x00, 0x20, 0x00, 0x31, 0x00, 0x2e, 0x00, 0x30, 0x69, 0x63, 0x6f, 0x6d,
  0x6f, 0x6f, 0x6e, 0x00, 0x69, 0x00, 0x63, 0x00, 0x6f, 0x00, 0x6d, 0x00,
  0x6f, 0x00, 0x6f, 0x00, 0x6e, 0x69, 0x63, 0x6f, 0x6d, 0x6f, 0x6f, 0x6e,
  0x00, 0x69, 0x00, 0x63, 0x00, 0x6f, 0x00, 0x6d, 0x00, 0x6f, 0x00, 0x6f,
  0x00, 0x6e, 0x52, 0x65, 0x67, 0x75, 0x6c, 0x61, 0x72, 0x00, 0x52, 0x00,
  0x65, 0x00, 0x67, 0x00, 0x75, 0x00, 0x6c, 0x00, 0x61, 0x00, 0x72, 0x69,
  0x63, 0x6f, 0x6d, 0x6f, 0x6f, 0x6e, 0x00, 0x69, 0x00, 0x63, 0x00, 0x6f,
  0x00, 0x6d, 0x00, 0x6f, 0x00, 0x6f, 0x00, 0x6e, 0x46, 0x6f, 0x6e, 0x74,
  0x20, 0x67, 0x65, 0x6e, 0x65, 0x72, 0x61, 0x74, 0x65, 0x64, 0x20, 0x62,
  0x79, 0x20, 0x49, 0x63, 0x6f, 0x4d, 0x6f, 0x6f, 0x6e, 0x2e, 0x00, 0x46,
  0x00, 0x6f, 0x00, 0x6e, 0x00, 0x74, 0x00, 0x20, 0x00, 0x67, 0x00, 0x65,
  0x00, 0x6e, 0x00, 0x65, 0x00, 0x72, 0x00, 0x61, 0x00, 0x74, 0x00, 0x65,
  0x00, 0x64, 0x00, 0x20, 0x00, 0x62, 0x00, 0x79, 0x00, 0x20, 0x00, 0x49,
  0x00, 0x63, 0x00, 0x6f, 0x00, 0x4d, 0x00, 0x6f, 0x00, 0x6f, 0x00, 0x6e,
  0x00, 0x2e, 0x00, 0x00, 0x00, 0x03, 0x00, 0x00, 0x00, 0x00, 0x00, 0x00,
  0x00, 0x00, 0x00, 0x00, 0x00, 0x00, 0x00, 0x00, 0x00, 0x00, 0x00, 0x00,
  0x00, 0x00, 0x00, 0x00, 0x00, 0x00, 0x00, 0x00, 0x00, 0x00, 0x00, 0x00
};
unsigned int icomoon_ttf_len = 117744;
